date,open,high,low,close,volume,prev_open,prev_high,prev_low,prev_close,prev_volume,volume_obv,momentum_rsi,trend_adx,trend_macd,trend_macd_signal,trend_macd_diff,volatility_bbm,volatility_bbh,volatility_bbl,vol_5,vol_10,vol_20,ma_5,ma_10,ma_20,ema_5,ema_10,ema_20,lr_open,lr_high,lr_low,lr_close,r_volume,sent_score_news,sent_score_twitter,selic,ipca
2018-02-01,7.285320728458043,7.36906004717595,7.221120584107646,7.304859902825554,33615600.0,7.399764464039184,7.408138395910974,7.271364175338391,7.307651213449484,24812700.0,771662700.0,70.78283677570673,42.277744912295866,0.2443523968997185,0.1920665570437479,0.0522858398559706,6.862297603401407,7.47626533151533,6.248329875287484,0.0628323959444745,0.2494905366098426,0.3149587989618942,7.333331271189643,7.115329911460688,6.862297603401407,7.26402509698615,7.131507073515694,6.921126485293855,-0.0155867059722862,-0.0052890187517906,-0.0069337720014381,-0.000382043939699,-0.0027913106239294,0.0,0.0,6.6732119999999995,2.84
2018-02-02,7.176459614124761,7.332773009064857,7.156920439757249,7.2350771372272975,15558000.0,7.285320728458043,7.36906004717595,7.221120584107646,7.304859902825554,33615600.0,756104700.0,66.74322455845001,42.97487274918851,0.2384967379239455,0.2013525932197875,0.037144144704158,6.896909855138143,7.512982589641084,6.280837120635203,0.035996004144536,0.2158581464904354,0.3160386444549606,7.292019873955475,7.163619585254682,6.896909855138143,7.254375777066533,7.150337994190531,6.951026547382755,-0.0150552930508496,-0.004936406454822,-0.0089303641454683,-0.0095988450579806,-0.0697827655982568,0.0,0.0,6.6732119999999995,2.84
2018-02-05,7.156920439757249,7.204372720364064,7.028520151056456,7.06201587854362,31220700.0,7.176459614124761,7.332773009064857,7.156920439757249,7.2350771372272975,15558000.0,724884000.0,57.91560382753816,42.41768678700167,0.2173856028436711,0.2045591951445642,0.0128264076991068,6.920496429910355,7.523794425872839,6.317198433947872,0.1098514613050692,0.2022464589974051,0.3094853418569324,7.247917166097376,7.177855269436726,6.920496429910355,7.190255810892229,7.1342794277092745,6.961596959874266,-0.0027263892253288,-0.017665589966926,-0.0181036034362682,-0.0242104757505992,-0.1730612586836777,0.0,0.0,6.6732119999999995,2.84
2018-02-06,6.891745930483872,7.000607044817152,6.827545786133475,6.964320006706059,36529800.0,7.156920439757249,7.204372720364064,7.028520151056456,7.06201587854362,31220700.0,688354200.0,53.60532419575538,40.37947259989777,0.1905748080576259,0.2017623177271766,-0.0111875096695506,6.9323595000620575,7.529273233235722,6.335445766888393,0.1542890477229478,0.1840440828314309,0.3062102841492571,7.174784827750403,7.18929964299484,6.9323595000620575,7.114943876163506,7.103377714799598,6.9618562976677705,-0.0377553286953811,-0.0286912979658027,-0.0290108983571748,-0.0139305735359471,-0.0976958718375611,0.0,0.0,6.6732119999999995,2.84
2018-02-07,7.025728840432526,7.07318112103934,6.925241657971035,6.97548524920178,19808400.0,6.891745930483872,7.000607044817152,6.827545786133475,6.964320006706059,36529800.0,708162600.0,54.02643335316016,38.84188917506332,0.1682880815376455,0.1950674704892704,-0.0267793889516248,6.952317371023159,7.526541190126455,6.378093551919863,0.1542890477229498,0.1631626582726952,0.2945706038258219,7.1083516349008615,7.201023147615348,6.952317371023159,7.068457667176265,7.080124539236358,6.963154293051962,0.0192545057901363,0.0103134591282731,0.0142076674446833,0.0016019226493333,0.0111652424957213,0.0,0.0,6.6732119999999995,2.84
2018-02-08,6.964320006706059,7.022937529808595,6.715893361176264,6.827545786133475,20726700.0,7.025728840432526,7.07318112103934,6.925241657971035,6.97548524920178,19808400.0,687435900.0,47.83144361110033,36.12336131163804,0.1371077194719561,0.1834755202858075,-0.0463678008138514,6.967530013923579,7.510768903886261,6.424291123960896,0.1499092334793988,0.2006631167681411,0.2786756705562409,7.012888811562446,7.173110041376044,6.967530013923579,6.988153706828669,7.034201129581288,6.950239197154962,-0.008778986949697,-0.0071287430607531,-0.0306960871571768,-0.0214366145878346,-0.1479394630683046,0.0,0.0,6.43910399999748,2.84
2018-02-09,6.808006611765964,6.824754475509545,6.509336375005423,6.618197489338704,25271700.0,6.964320006706059,7.022937529808595,6.715893361176264,6.827545786133475,20726700.0,662164200.0,40.71645331816833,34.48846928209111,0.0944160307078361,0.1656636223702132,-0.0712475916623771,6.9679487105171685,7.510095970114549,6.425801450919788,0.1733469071765287,0.2427639792591441,0.2781156759946013,6.889512881984727,7.090766377970101,6.9679487105171685,6.864834967665347,6.958564104082636,6.918616177362938,-0.0227006099696984,-0.0286252159113586,-0.031239349064241,-0.0311422301817121,-0.2093482967947713,0.0,0.0,6.43910399999748,2.84
2018-02-14,6.841502339253127,6.928032968594966,6.687980254936962,6.768928263030939,30414600.0,6.808006611765964,6.824754475509545,6.509336375005423,6.618197489338704,25271700.0,692578800.0,46.847083289805184,32.406816948245364,0.0719162675466336,0.1469141514054973,-0.0749978838588637,6.979253518544087,7.494219010563413,6.46428802652476,0.1481552372882285,0.2518459054395044,0.2641717234413545,6.830895358882192,7.039406262489784,6.979253518544087,6.832866066120545,6.924084860255054,6.904360185521795,0.0049079853121922,0.0150195638555801,0.027074411764957,0.0225197173061779,0.1507307736922349,0.0,0.0,6.43910399999748,2.84
2018-02-15,6.866624134868499,7.003398355441084,6.838711028629197,6.972693938577851,27172200.0,6.841502339253127,6.928032968594966,6.687980254936962,6.768928263030939,30414600.0,719751000.0,53.80222202463029,30.1008541157097,0.0697235010959103,0.1314760213435799,-0.0617525202476696,6.997397037599633,7.483797711145016,6.51099636405425,0.1500754588144825,0.2304797500453074,0.2495182807486004,6.8325701452565495,7.003677486503477,6.997397037599633,6.879475356939647,6.932922874495562,6.910868162003324,0.0036652453982957,0.0108195806018698,0.0222873443034326,0.0296588873139396,0.2037656755469115,0.0,0.0,6.43910399999748,2.84
2018-02-16,7.0117722873128745,7.087137674158992,6.939198211090687,7.064807189167549,16946700.0,6.866624134868499,7.003398355441084,6.838711028629197,6.972693938577851,27172200.0,736697700.0,56.56888009115785,28.376830106207773,0.0745590174439989,0.1200926205636637,-0.0455336031196648,7.017494474091931,7.479550316005847,6.555438632178015,0.1746455046590831,0.2064320519067638,0.2370296456290791,6.850434533249704,6.979393084075282,7.017494474091931,6.941252634348948,6.956901840799559,6.92552902173325,0.0209178986616809,0.0118860353382561,0.0145869685318835,0.0131240698596009,0.0921132505896986,0.0,0.0,6.43910399999748,2.84
2018-02-19,7.142963886637597,7.201581409740133,7.06201587854362,7.092720295406853,12428400.0,7.0117722873128745,7.087137674158992,6.939198211090687,7.064807189167549,16946700.0,749126100.0,57.40141098440884,27.308288415097188,0.0797245385284695,0.1120190041566249,-0.0322944656281554,7.03675451739705,7.477125591758914,6.596383443035186,0.2037886165346011,0.1782450915350737,0.2259055945898769,6.903469435104379,6.958179123333413,7.03675451739705,6.991741854701584,6.981596105273612,6.941452000178355,0.0185373085716993,0.0160190962109845,0.0175443096509098,0.0039432227750402,0.0279131062393034,0.0,0.0,6.43910399999748,2.84
2018-02-20,7.0592245679196886,7.190416167244413,6.981067870449642,7.129007333517946,27925800.0,7.142963886637597,7.201581409740133,7.06201587854362,7.092720295406853,12428400.0,777051900.0,58.5147341434236,25.854842848025783,0.0857577499564641,0.1067667533165927,-0.0210090033601286,7.05559586410858,7.477510936638434,6.633680791578725,0.1444135745992519,0.162387226125189,0.216437865417034,7.005631403940226,6.947572142962477,7.05559586410858,7.037497014307037,7.008398146772581,6.959314412877363,-0.0117925894898236,-0.0015515906914187,-0.0115286508439469,0.0051030532723204,0.0362870381110935,0.0,0.0,6.43910399999748,2.84
2018-02-21,7.215537962859785,7.606321450210024,7.201581409740133,7.553286548355349,48833400.0,7.0592245679196886,7.190416167244413,6.981067870449642,7.129007333517946,27925800.0,825885300.0,68.78664781060718,26.097229129318634,0.1233529640827315,0.1100839954698205,0.013268968612911,7.087277239690188,7.5561492152039555,6.61840526417642,0.225984135754453,0.2509945519689068,0.240526248388263,7.1625030610051095,6.996699209943651,7.087277239690188,7.209426858989809,7.107468765242174,7.015883187684791,0.0219015402725644,0.0562306198731001,0.0310987470380439,0.0578107721382485,0.4242792148374024,0.0,0.0,6.43910399999748,2.84
2018-02-22,7.452799365893859,7.611904071457885,7.285320728458043,7.293694660329833,51529200.0,7.215537962859785,7.606321450210024,7.201581409740133,7.553286548355349,48833400.0,774356100.0,59.138349426552686,26.33974191656089,0.1306939873410737,0.1142059938440711,0.0164879934970025,7.109468159150434,7.573279508871178,6.645656809429689,0.2030090875764319,0.2673519329700637,0.2379302021324402,7.226703205355506,7.029636675306028,7.109468159150434,7.23751612610315,7.141328018894475,7.042341423174795,0.0323529644517657,0.0007336757482439,0.0115608224010761,-0.0349725432101206,-0.2595918880255157,0.0,0.0,6.43910399999748,2.84
2018-02-23,7.383016600295602,7.539329995235699,7.36906004717595,7.494669025252814,23802600.0,7.452799365893859,7.611904071457885,7.285320728458043,7.293694660329833,51529200.0,798158700.0,63.4165881837695,26.564932361857263,0.1509882541915672,0.1215624459135703,0.0294258082779968,7.141289100263239,7.618912935626336,6.663665264900142,0.2082605816673234,0.3036191025285016,0.2450158577612109,7.312675572572559,7.08155505291113,7.141289100263239,7.323233759153039,7.205571838232355,7.08542024242032,-0.0094074071018954,-0.0095800290529726,0.0114286958236227,0.0271817414223525,0.2009743649229811,0.0,0.0,6.43910399999748,2.84
2018-02-26,7.575617033346791,7.65377373081684,7.5449126164835585,7.597947518338233,18080700.0,7.383016600295602,7.539329995235699,7.36906004717595,7.494669025252814,23802600.0,816239400.0,65.42025196394462,27.155910037309468,0.173406397136044,0.1319312361580651,0.0414751609779788,7.165852633753825,7.682746085020599,6.64895918248705,0.1971285933314515,0.3287095344972301,0.2651607456671467,7.413721017158835,7.158595226131607,7.165852633753825,7.414805012214771,7.276912870978878,7.134232363936312,0.0257524961024147,0.0150655063296438,0.0235833501360858,0.0136861762684463,0.1032784930854191,0.0,0.0,6.43910399999748,2.84
2018-02-27,7.578408343970722,7.578408343970722,7.343938251560577,7.388599221543462,21748200.0,7.575617033346791,7.65377373081684,7.5449126164835585,7.597947518338233,18080700.0,794491200.0,58.43391039841542,26.496771178693585,0.1722941789335745,0.140003824713167,0.0322903542204075,7.163200888661092,7.674926240214665,6.651475537107519,0.1240265722861362,0.2736522252991508,0.2625095664535656,7.4656393947639375,7.235635399352082,7.163200888661092,7.406069748657668,7.297219480172438,7.158457778946517,0.0003683919732213,-0.0098956277542239,-0.0269982652361551,-0.0279399809843101,-0.2093482967947713,0.0,0.0,6.43910399999748,2.84
2018-02-28,7.380225289671672,7.383016600295602,7.2350771372272975,7.257407622218739,21945300.0,7.578408343970722,7.578408343970722,7.343938251560577,7.388599221543462,21748200.0,772545900.0,54.50564886540991,25.31048095905713,0.1589938897526464,0.1438018377210629,0.0151920520315834,7.161944798880325,7.672614600739687,6.651274997020963,0.1411558910482324,0.2192834628868457,0.2619680808856601,7.406463609536615,7.284483335270863,7.161944798880325,7.356515706511359,7.289980960544493,7.167881573543872,-0.0264990313964588,-0.026120888075636,-0.0149342235681273,-0.0179154782175279,-0.1311915993247225,0.0,0.0,6.43910399999748,2.84
2018-03-01,7.134589954765806,7.257407622218739,7.034102772304316,7.087137674158992,16830300.0,7.380225289671672,7.383016600295602,7.2350771372272975,7.257407622218739,21945300.0,755715600.0,49.82408023242895,23.73311641574253,0.1331787512072368,0.1416772204182977,-0.0084984692110608,7.149802597666226,7.655436710032877,6.644168485299575,0.2002617048407401,0.2036309513335155,0.2593848266819882,7.365152212302448,7.295927708828977,7.149802597666226,7.266723029060571,7.253100363019856,7.16019167836436,-0.0338493854741515,-0.0171596202828263,-0.0281708769666964,-0.0237411423048947,-0.1702699480597473,0.0,0.0,6.43910399999748,2.68
2018-03-02,7.089928984782921,7.184833545996551,6.989441802321432,7.179250924748691,27216000.0,7.134589954765806,7.257407622218739,7.034102772304316,7.087137674158992,16830300.0,782931600.0,52.21523728913808,22.460383258647685,0.1187835743174785,0.1370984911981339,-0.0183149168806553,7.143382583231187,7.644073299082879,6.642691867379495,0.1989384138088209,0.1920871097365021,0.2568489177769275,7.302068592201624,7.307372082387092,7.143382583231187,7.237565660956611,7.239673192425098,7.162006844686676,-0.0062794554848433,-0.0100503358535013,-0.0063694482854796,0.0129135036528313,0.0921132505896986,0.0,0.0,6.43910399999748,2.68
2018-03-05,7.201581409740133,7.329981698440927,7.179250924748691,7.293694660329833,15008700.0,7.089928984782921,7.184833545996551,6.989441802321432,7.179250924748691,27216000.0,797940300.0,55.07949437733348,21.10377935223234,0.1152810576631164,0.1327350044911304,-0.0174539468280139,7.142824321106401,7.6428180265361245,6.642830615676678,0.1143654159231098,0.1770592280776289,0.2564913589748689,7.241218020599943,7.327469518879388,7.142824321106401,7.256275327414352,7.249495277498686,7.174548541414596,0.0156253179030809,0.0200006667066696,0.0267943531375207,0.0158151801631025,0.1144437355811422,0.0,0.0,6.43910399999748,2.68
2018-03-06,7.36906004717595,7.436051502150278,7.313233834697344,7.408138395910974,14426400.0,7.201581409740133,7.329981698440927,7.179250924748691,7.293694660329833,15008700.0,812366700.0,57.8033566904541,20.293456275237325,0.1203525912405227,0.1302585218410089,-0.0099059306004861,7.151477384040585,7.663405502743013,6.6395492653381565,0.1208124899094588,0.1638015553890495,0.2626135838061855,7.245125855473447,7.355382625118693,7.151477384040585,7.30689635024656,7.278339480846374,7.196795194223776,0.0229895182246988,0.014366976797538,0.0184905113976325,0.01556894937154,0.1144437355811414,0.0,0.0,6.43910399999748,2.68
2018-03-07,7.329981698440927,7.329981698440927,7.156920439757249,7.212746652235855,14498400.0,7.36906004717595,7.436051502150278,7.313233834697344,7.408138395910974,14426400.0,797868300.0,52.00524558562931,18.88173164365349,0.1073676697189318,0.1256803514165935,-0.0183126816976616,7.159013922725196,7.669888969589603,6.648138875860789,0.1213273273344112,0.1531378688102501,0.2620733693516849,7.23619366147687,7.321328635506743,7.159013922725196,7.275513117576326,7.266413512008098,7.198314380701116,-0.0053171412776202,-0.014366976797538,-0.0216057787145818,-0.0267293499896601,-0.1953917436751195,0.0,0.0,6.43910399999748,2.68
2018-03-08,7.271364175338391,7.307651213449484,7.126216022894016,7.229494515979436,18904500.0,7.329981698440927,7.329981698440927,7.156920439757249,7.212746652235855,14498400.0,816772800.0,52.44555953458633,17.708991910153976,0.0973067468913164,0.1200056305115381,-0.0226988836202216,7.172272648188866,7.675961537209804,6.668583759167928,0.0903539962382897,0.1557485740421701,0.2583869481606521,7.264665029840958,7.314908621071703,7.172272648188866,7.260173583710696,7.259700967275614,7.2012839173942895,-0.0080291006752744,-0.0030511083928965,-0.0042994007990768,0.0023192897910908,0.0167478637435811,0.0,0.0,6.43910399999748,2.68
2018-03-09,7.299277281577693,7.519790820868186,7.249033690346948,7.511416888996395,14466300.0,7.271364175338391,7.307651213449484,7.126216022894016,7.229494515979436,18904500.0,831239100.0,59.22665446994844,17.193107527371204,0.1108048827298215,0.1181654809551948,-0.0073605982253732,7.199069230178596,7.714907360634635,6.683231099722557,0.126668310591032,0.1579705360020354,0.2646193775139868,7.331098222690498,7.316583407446062,7.199069230178596,7.343921352139263,7.305467498497574,7.230820390880204,0.0038314223115558,0.0286164105004644,0.0170877944212646,0.0382549960333227,0.2819223730169593,0.0,0.0,6.43910399999748,2.68
2018-03-12,7.539329995235699,7.625860624577537,7.536538684611767,7.570034412098932,12535800.0,7.299277281577693,7.519790820868186,7.249033690346948,7.511416888996395,14466300.0,843774900.0,60.48824289630241,17.12147292052548,0.1247936533040112,0.1194911154249581,0.0053025378790531,7.23619366147687,7.746578989028427,6.725808333925313,0.1617082156865694,0.1526018592118964,0.2618221486448939,7.386366173044318,7.313792096822129,7.23619366147687,7.4192923721258195,7.35357057369782,7.263126488139131,0.0323579772935926,0.0140068637203709,0.038894840329672,0.0077734983333801,0.0586175231025363,0.0,0.0,6.43910399999748,2.68
2018-03-13,7.564451790851071,7.595156207714304,7.438842812774207,7.494669025252814,11393400.0,7.539329995235699,7.625860624577537,7.536538684611767,7.570034412098932,12535800.0,832381500.0,58.00326273960776,16.561603079973043,0.128319312742744,0.1212567548885152,0.0070625578542287,7.280017238272575,7.715665270550435,6.844369205994715,0.1690829354393996,0.1617890340734913,0.2234827251227896,7.403672298912686,7.324399077193066,7.280017238272575,7.444417923168151,7.37922483761691,7.285178158340433,0.0033265600811307,-0.0040344819074342,-0.0130477153924757,-0.0100056421173211,-0.0753653868461174,0.0,0.0,6.43910399999748,2.68
2018-03-14,7.514208199620326,7.572825722722861,7.324399077193066,7.391390532167393,16227000.0,7.564451790851071,7.595156207714304,7.438842812774207,7.494669025252814,11393400.0,816154500.0,54.687649558792735,15.497175797640017,0.1213805129942784,0.1212815065096679,9.90064846105032e-05,7.311140351729397,7.680129551108559,6.942151152350235,0.1338578241038194,0.1611714345734141,0.1892874653581266,7.439401074898994,7.337797368187931,7.311140351729397,7.426742126167898,7.381436782080634,7.295293622514429,-0.0066642231091282,-0.0029444261243143,-0.015504186535965,-0.0138760898860663,-0.1032784930854209,0.0,0.0,6.43910399999748,2.68
2018-03-15,7.377433979047741,7.377433979047741,7.207164030987994,7.249033690346948,16539000.0,7.514208199620326,7.572825722722861,7.324399077193066,7.391390532167393,16227000.0,799615500.0,50.41021731587518,14.790588123540896,0.1032047763738299,0.1176661604825003,-0.0144613841086703,7.324957339317852,7.6614861571581425,6.988428521477562,0.1262678601742936,0.1399260750021222,0.1726356409784728,7.443308909772497,7.353986969806726,7.324957339317852,7.367505980894249,7.357363492674509,7.290887914688955,-0.0183697761603289,-0.0261403980546426,-0.016135578657392,-0.0194477053941501,-0.1423568418204448,0.0,0.0,6.43910399999748,2.68
2018-03-16,7.262990243466599,7.304859902825554,7.195998788492274,7.201581409740133,11511000.0,7.377433979047741,7.377433979047741,7.207164030987994,7.249033690346948,16539000.0,788104500.0,49.033483260842125,14.183528625820337,0.08400303696326,0.1109335357786523,-0.0269304988153922,7.33179605034648,7.652066681591431,7.01152541910153,0.1568185038896268,0.1369747188475095,0.1642953672329832,7.381341813921244,7.356220018305872,7.33179605034648,7.312197790509544,7.329039477595531,7.282382533265258,-0.0156342555318387,-0.0098860120741433,-0.0015503879074549,-0.0065675337470854,-0.0474522806068149,0.0,0.0,6.43910399999748,2.68
2018-03-19,7.131798644141877,7.2099553416119235,7.089928984782921,7.115050780398295,21414300.0,7.262990243466599,7.304859902825554,7.195998788492274,7.201581409740133,11511000.0,766690200.0,46.53755278836555,14.083557245069796,0.0610989113013493,0.1009666108831917,-0.0398676995818423,7.332912574596053,7.649981257725484,7.015843891466622,0.151881672325285,0.1563189331567487,0.1626528025074717,7.290345087581116,7.338355630312717,7.332912574596053,7.246482120472461,7.290132441741488,7.266446175849357,-0.0182281564346458,-0.0130771094343056,-0.0148498234865506,-0.0120882735395475,-0.0865306293418388,0.0,0.0,6.43910399999748,2.68
2018-03-20,7.154129129133318,7.279738107210181,7.145755197261528,7.2350771372272975,13657200.0,7.131798644141877,7.2099553416119235,7.089928984782921,7.115050780398295,21414300.0,780347400.0,50.31546944802819,13.613795776620318,0.0520325517257971,0.0911797990517127,-0.0391472473259156,7.3382160647815216,7.644841123904296,7.031591005658747,0.1001259890315909,0.1573115354261199,0.1572953364333987,7.238426709976014,7.321049504444351,7.3382160647815216,7.242680459390741,7.280122386375271,7.263458648361541,0.0031262237262663,0.0096321299507031,0.0078431774610261,0.0167286530960497,0.1200263568290029,0.0,0.0,6.43910399999748,2.68
2018-03-21,7.285320728458043,7.377433979047741,7.145755197261528,7.352312183432368,15804600.0,7.154129129133318,7.279738107210181,7.145755197261528,7.2350771372272975,13657200.0,796152000.0,53.75304461758085,12.671578394541768,0.0536883984595908,0.0836815189332884,-0.0299931204736975,7.328167346535372,7.618690490983022,7.037644202087721,0.085684598113121,0.1527606210725746,0.149035228491499,7.230611040229009,7.3350060575640015,7.328167346535372,7.279224367404616,7.293247804022016,7.271920889796858,0.0181717739526681,0.0133309915577457,0.0,0.016073824831061,0.1172350462050708,0.0,0.0,6.43910399999748,2.68
2018-03-22,7.335564319688787,7.394181842791323,7.173668303500831,7.2099553416119235,14247000.0,7.285320728458043,7.377433979047741,7.145755197261528,7.352312183432368,15804600.0,781905000.0,49.293163588711394,11.82248182964662,0.0430177793341854,0.0755487710134678,-0.0325309916792823,7.323980380599477,7.618752694644599,7.029208066554355,0.0853657451722427,0.154376554197624,0.151215006502171,7.222795370482004,7.333052140127249,7.323980380599477,7.256134692140385,7.278103719947453,7.266019409017341,0.0068728792877619,0.0022675746677804,0.0038986404156573,-0.0195520892073859,-0.1423568418204448,0.0,0.0,6.20424,2.68
2018-03-23,7.187624856620482,7.262990243466599,7.095511606030783,7.103885537902573,16615200.0,7.335564319688787,7.394181842791323,7.173668303500831,7.2099553416119235,14247000.0,765289800.0,46.21626518839558,11.332067548952784,0.0257059677083022,0.0655802103524347,-0.0398742426441324,7.304441206231965,7.603146788806673,7.005735623657258,0.101155648969966,0.1558433159358735,0.1532327306843173,7.203256196114492,7.292299005017867,7.304441206231965,7.205384974061115,7.246427686848383,7.250578087958791,-0.0203735665066646,-0.0179018301996192,-0.0109547261398661,-0.0148208641112173,-0.1060698037093503,0.0,0.0,6.20424,2.68
2018-03-26,7.201581409740133,7.285320728458043,7.048059325423968,7.187624856620482,12403800.0,7.187624856620482,7.262990243466599,7.095511606030783,7.103885537902573,16615200.0,777693600.0,48.92672227832753,11.120450460739606,0.0185296966432026,0.0561701076105883,-0.0376404109673856,7.283925073146077,7.55418679639258,7.0136633498995735,0.0899174696304181,0.1237292143177107,0.1386413387240705,7.217771011358929,7.254058049470023,7.283925073146077,7.199464934914237,7.235736263170582,7.244582542117047,0.0019398648178265,0.0030698412442886,-0.0067101100399391,0.0117188841132134,0.0837393187179085,0.0,0.0,6.20424,2.68
2018-03-27,7.198790099116203,7.229494515979436,7.103885537902573,7.145755197261528,9543600.0,7.201581409740133,7.285320728458043,7.048059325423968,7.187624856620482,12403800.0,768150000.0,47.63412145938028,10.923948878827373,0.0093560676075172,0.0468072996099741,-0.0374512320024568,7.27178287193198,7.543956556006545,6.999609187857415,0.0943818031649096,0.0939515516246371,0.1396221539338838,7.199906623365775,7.219166666670894,7.27178287193198,7.181561689030001,7.219376069368936,7.2351704140355695,-0.0003876720343183,-0.0076923456231559,0.0078895872751627,-0.0058422756242282,-0.0418696593589533,0.0,0.0,6.20424,2.68
2018-03-28,7.06201587854362,7.341146940936648,7.022937529808595,7.329981698440927,21418500.0,7.198790099116203,7.229494515979436,7.103885537902573,7.145755197261528,9543600.0,789568500.0,53.46024580578055,10.236638713307611,0.0167582607066032,0.0407974918292999,-0.0240392311226966,7.27541157574309,7.548654938805885,7.002168212680295,0.0854752001741486,0.0827874476581535,0.1401708876766859,7.195440526367487,7.213025783298248,7.27541157574309,7.231035025500311,7.239486183745662,7.244200060169413,-0.0191824241597786,0.0153259704782269,-0.0114603111642919,0.0254545173891334,0.1842265011793991,0.0,0.0,6.20424,2.68
2018-03-29,7.316025145321276,7.494669025252814,7.254616311594808,7.472338540261371,18665100.0,7.06201587854362,7.341146940936648,7.022937529808595,7.329981698440927,21418500.0,808233600.0,57.404010466016565,10.42129589399856,0.033722823756161,0.0393825582146721,-0.005659734458511,7.294671619048207,7.56641556443199,7.022927673664425,0.1515889846173989,0.1167351629220912,0.1394017026369856,7.247917166097376,7.23535626828969,7.294671619048207,7.311469530420664,7.281822975839427,7.265927534463885,0.0353366216018402,0.0206968817711548,0.0324564168211589,0.019234988657611,0.1423568418204439,0.0,0.0,6.20424,2.68
2018-04-02,7.3551034940563,7.452799365893859,7.26578155409053,7.341146940936648,14496600.0,7.316025145321276,7.494669025252814,7.254616311594808,7.472338540261371,18665100.0,793737000.0,52.95081346948737,10.592763276068723,0.0361644156721485,0.0387389297061674,-0.0025745140340188,7.3027664198576066,7.569881137584989,7.035651702130224,0.130962749810328,0.1205298284710115,0.1370269589558156,7.295369446704191,7.24931282140934,7.3027664198576066,7.32136200059266,7.292609151311649,7.273091287461291,0.0053272576520564,-0.0056022555486698,0.0015378703530752,-0.0177129183485424,-0.1311915993247234,0.0,0.0,6.20424,2.76
2018-04-03,7.419303638406695,7.533747373987837,7.276946796586251,7.338355630312717,22368000.0,7.3551034940563,7.452799365893859,7.26578155409053,7.341146940936648,14496600.0,771369000.0,52.85685891252014,11.16683514578405,0.0374425450645645,0.0384796527778468,-0.0010371077132823,7.30499946835675,7.5725199076135645,7.037479029099936,0.1165117262477007,0.1133641019619168,0.1372350897089015,7.325515601442639,7.271643306400783,7.30499946835675,7.327026543832679,7.300926692948206,7.279306939161427,0.0086907782977279,0.0108028616237092,0.0015355089389363,-0.0003803004419289,-0.0027913106239303,0.0,0.0,6.20424,2.76
2018-04-04,7.212746652235855,7.327190387816996,7.134589954765806,7.276946796586251,16203000.0,7.419303638406695,7.533747373987837,7.276946796586251,7.338355630312717,22368000.0,755166000.0,50.72445266473891,10.750542543630544,0.0331185224386825,0.037407426710014,-0.0042889042713314,7.298439888390514,7.561926009213055,7.034953767567973,0.0722890174231567,0.1126343701073557,0.1351655280194101,7.351753921307583,7.275830272336679,7.298439888390514,7.310333294750537,7.2965667117914865,7.279082163678076,-0.0282353743706982,-0.0278004379922802,-0.0197565984360763,-0.0084034107963795,-0.0614088337264666,0.0,0.0,6.20424,2.76
2018-04-05,7.480712472133162,7.578408343970722,7.388599221543462,7.486295093381022,23202600.0,7.212746652235855,7.327190387816996,7.134589954765806,7.276946796586251,16203000.0,778368600.0,57.08125714285889,11.550937013374869,0.0460534853970324,0.0391366384474177,0.0069168469496147,7.312117310447773,7.584635012319514,7.039599608576032,0.0917105909462215,0.1294558389404048,0.139798631340201,7.383016600295602,7.289228563331544,7.312117310447773,7.3689872276273665,7.3310627811714015,7.29881672841169,0.03647820860241,0.0337110573423116,0.0349833867296758,0.0283626499081219,0.2093482967947713,0.0,0.0,6.20424,2.76
2018-04-06,7.444425434022069,7.500251646500674,7.288112039081972,7.463964608389579,20497800.0,7.480712472133162,7.578408343970722,7.388599221543462,7.486295093381022,23202600.0,757870800.0,56.24771854430343,11.681739190800496,0.0538815403605594,0.042085618830046,0.0117959215305134,7.32384081506828,7.60126170601992,7.04641992411664,0.0897266355032833,0.1368801986822794,0.1423139142662791,7.381341813921243,7.31462949000931,7.32384081506828,7.400646354548105,7.3552267497565245,7.314545097933395,-0.0048625493228882,-0.0103666237525446,-0.0136936335279724,-0.0029873061797354,-0.0223304849914427,0.0,0.0,6.20424,2.76
2018-04-09,7.530956063363907,7.530956063363907,7.249033690346948,7.313233834697344,15816600.0,7.444425434022069,7.500251646500674,7.288112039081972,7.463964608389579,20497800.0,742054200.0,50.84998466989439,11.571565887015122,0.0473764899051332,0.0431437930450634,0.0042326968600697,7.313931662353328,7.577664728939125,7.05019859576753,0.0936358868098743,0.1153891785263154,0.1352922085230304,7.3757591926733825,7.335564319688788,7.313931662353328,7.371508847931185,7.347591674291219,7.314420215720437,0.0115565125856869,0.00408542815221,-0.0053763570363802,-0.0204011609067458,-0.1507307736922349,0.0,0.0,6.20424,2.76
2018-04-10,7.341146940936648,7.36906004717595,7.145755197261528,7.279738107210181,17880000.0,7.530956063363907,7.530956063363907,7.249033690346948,7.313233834697344,15816600.0,724174200.0,49.708399016439095,10.877062935162142,0.0390680135390262,0.042328637143856,-0.0032606236048298,7.29941684710889,7.535697458081608,7.063136236136171,0.1027187139327768,0.1055219613067188,0.1212093959377316,7.3640356880528755,7.344775644747758,7.29941684710889,7.340918601024184,7.335254662094666,7.31111715776708,-0.0255269115958909,-0.0217318406273392,-0.0143496741891402,-0.004590673708599,-0.0334957274871632,0.0,0.0,6.20424,2.76
2018-04-11,7.318816455945205,7.422094949030626,7.229494515979436,7.410929706534905,15198600.0,7.341146940936648,7.36906004717595,7.145755197261528,7.279738107210181,17880000.0,739372800.0,54.05872695733908,10.512353058287188,0.0425787307078477,0.0423786558566543,0.0002000748511933,7.295229881172993,7.520220426165737,7.07023933618025,0.091143878961864,0.0802422915637622,0.1154177142931976,7.390832270042606,7.371293095675095,7.295229881172993,7.364255636194425,7.3490137610838,7.320623114792586,-0.003046460848165,0.007171195102658,0.011650617219975,0.0178610106294958,0.1311915993247234,0.0,0.0,6.20424,2.76
2018-04-12,7.396973153415253,7.56166048022714,7.374642668423812,7.536538684611767,21209700.0,7.318816455945205,7.422094949030626,7.229494515979436,7.410929706534905,15198600.0,760582500.0,57.82077605836044,10.858452462783228,0.0548641543111152,0.0448757555475465,0.0099883987635686,7.302487288795213,7.547857782208803,7.057116795381623,0.1058786470490696,0.0938570558921191,0.1258724072413983,7.400880988288756,7.391948794292179,7.302487288795213,7.4216833190002065,7.383109201725248,7.341186502394414,0.0106222546566228,0.018629450842075,0.0198783303886873,0.0168071183163811,0.1256089780768627,0.0,0.0,6.20424,2.76
2018-04-13,7.452799365893859,7.486295093381022,7.290903349705903,7.371851357799881,28609800.0,7.396973153415253,7.56166048022714,7.374642668423812,7.536538684611767,21209700.0,731972700.0,51.8282224301056,10.67157080811116,0.0507268030943661,0.0460459650569104,0.0046808380374556,7.30862817216786,7.554487185872882,7.062769158462838,0.1000091967498757,0.0895755117697365,0.1261230128631801,7.382458338170815,7.38190007604603,7.30862817216786,7.405072665266765,7.381062321011544,7.344106964813982,0.0075188324140271,-0.0100167782434712,-0.011419994685949,-0.0220941396952882,-0.1646873268118867,0.0,0.0,6.20424,2.76
2018-04-16,7.402555774663114,7.402555774663114,7.07318112103934,7.092720295406853,20754000.0,7.452799365893859,7.486295093381022,7.290903349705903,7.371851357799881,28609800.0,711218700.0,43.58339225493737,10.459273005821672,0.0246403400060808,0.0417648400467445,-0.0171245000406637,7.303185116451196,7.562722373079421,7.043647859822971,0.1654072361473955,0.1282387090406227,0.1331398034300639,7.338355630312717,7.35705741149305,7.303185116451196,7.300955208646795,7.328636498174328,7.320165377251398,-0.0067644000885422,-0.0112487125358708,-0.0303171295152373,-0.038599928976968,-0.2791310623930281,0.0,0.0,6.20424,2.76
2018-04-17,7.103885537902573,7.215537962859785,6.950363453586408,7.089928984782921,27748800.0,7.402555774663114,7.402555774663114,7.07318112103934,7.092720295406853,20754000.0,683469900.0,43.50885425574145,10.803563096847956,0.0036987576506026,0.0341516235675161,-0.0304528659169135,7.301929026670427,7.565310890872133,7.0385471624687215,0.2003200555878458,0.153782948911784,0.1351120455013908,7.300393805827265,7.33221474694007,7.301929026670427,7.230613134025503,7.285235132103162,7.298238101778209,-0.0411834223211298,-0.0255885643632234,-0.0175163714223309,-0.000393623307582,-0.0027913106239312,0.0,0.0,6.20424,2.76
2018-04-18,7.226703205355506,7.444425434022069,7.148546507885458,7.341146940936648,34337700.0,7.103885537902573,7.215537962859785,6.950363453586408,7.089928984782921,27748800.0,717807600.0,51.54142457973072,10.105621938015757,0.0072895627615583,0.0287792114063246,-0.0214896486447662,7.307232516855895,7.5692845580485395,7.04518047566325,0.1929904171739861,0.152554482174533,0.1344298606916904,7.286437252707614,7.338634761375109,7.307232516855895,7.267457736329219,7.295400915527432,7.302324657888537,0.0171410507669145,0.0312287372394848,0.0281150967407719,0.0348197651592281,0.2512179561537264,0.0,0.0,6.20424,2.76
2018-04-19,7.304859902825554,7.343938251560577,7.187624856620482,7.237868447851227,12595800.0,7.226703205355506,7.444425434022069,7.148546507885458,7.341146940936648,34337700.0,705211800.0,48.4888919750271,9.457533719100145,0.00178105947972,0.0233795810210037,-0.0215985215412836,7.301510330076837,7.564371772957191,7.038648887196484,0.1331809154715001,0.1459202699939766,0.1348450749965556,7.226703205355506,7.313792096822131,7.301510330076837,7.25759464016989,7.284940466859031,7.296185971218317,0.0107569227786084,-0.0135902431417216,0.0054517268983111,-0.0141683396331457,-0.1032784930854209,0.0,0.0,6.20424,2.76
2018-04-20,7.201581409740133,7.243451069099088,7.137381265389737,7.154129129133318,13390200.0,7.304859902825554,7.343938251560577,7.187624856620482,7.237868447851227,12595800.0,691821600.0,46.10463691194019,8.959176203208795,-0.0092350760317501,0.0168566496104529,-0.026091725642203,7.298719019452908,7.566548728389189,7.030889310516627,0.1068492414499152,0.1433624793452517,0.1373937417069461,7.183158759622193,7.282808548896506,7.298719019452908,7.223106136491033,7.261156587272538,7.282656748162602,-0.0142392246144829,-0.0137774854403036,-0.0070148378066499,-0.0116370591745933,-0.0837393187179085,0.0,0.0,6.20424,2.76
2018-04-23,7.131798644141877,7.179250924748691,7.07318112103934,7.159711750381179,14616000.0,7.201581409740133,7.243451069099088,7.137381265389737,7.154129129133318,13390200.0,706437600.0,46.29423101142845,8.814478443647664,-0.0173153710932512,0.0100222454697121,-0.0273376165629633,7.301510330076837,7.56222890324194,7.040791756911735,0.0963588566485877,0.1478908851175006,0.1337458060269625,7.196557050617059,7.267456340464889,7.301510330076837,7.201974674454416,7.242712071474109,7.270947700754847,-0.0097371752778583,-0.008902710242479,-0.0090356144101022,0.0007800312407988,0.0055826212478606,0.0,0.0,6.20424,2.76
2018-04-24,7.244548905170976,7.266951839551094,7.017719194572271,7.098929831700203,14679600.0,7.131798644141877,7.179250924748691,7.07318112103934,7.159711750381179,14616000.0,691758000.0,44.46036596615389,8.199329558959283,-0.0282974604966907,0.0023583042764315,-0.0306557647731223,7.297075578830824,7.568201560194507,7.02594959746714,0.0939220999277555,0.1569949058693293,0.139084693783491,7.198357220000515,7.249375512913891,7.297075578830824,7.167626393536345,7.216569846060671,7.254565046559168,0.0156858440494205,0.012141874743675,-0.0078720609238747,-0.0085256770783903,-0.0607819186809761,0.0,0.0,6.20424,2.76
2018-04-25,6.989715526597123,7.073726530522569,6.93090782384931,6.984114793002093,20309700.0,7.244548905170976,7.266951839551094,7.017719194572271,7.098929831700203,14679600.0,671448300.0,41.14475170663092,8.076360375737037,-0.0457382178400136,-0.0072610001468575,-0.0384772176931561,7.288993558617852,7.58607492909601,6.991912188139694,0.0939440865738238,0.165956151916522,0.1523995274591898,7.126950790413605,7.20669402156061,7.288993558617852,7.106455860024928,7.174305290959111,7.228807879553733,-0.0358094526967107,-0.0269494926895523,-0.0124474604532227,-0.0163057897853016,-0.1148150386981097,0.0,0.0,6.20424,2.76
2018-04-26,7.0289206617623305,7.205343770005768,7.012118460977241,7.171739368435589,8348100.0,6.989715526597123,7.073726530522569,6.93090782384931,6.984114793002093,20309700.0,679796400.0,47.97280645504002,7.74493068764797,-0.0439141930135624,-0.0145916387201984,-0.0293225542933639,7.281081442117586,7.581781687938825,6.980381196296348,0.0776702075600262,0.1187852736635646,0.1542559713396377,7.113724974530477,7.170214089942991,7.281081442117586,7.128217029495149,7.173838759591199,7.2233727832567665,0.0055933026365111,0.0184355093713075,0.0116490572171983,0.0265099599595433,0.1876245754334959,0.0,0.0,6.20424,2.76
2018-04-27,7.26415147275358,7.278153306741154,7.171739368435589,7.191341936018193,9259200.0,7.0289206617623305,7.205343770005768,7.012118460977241,7.171739368435589,8348100.0,689055600.0,48.64318148764832,7.799663483091728,-0.0404209295046129,-0.0197574968770813,-0.0206634326275315,7.267031611905426,7.556731158321894,6.977332065488958,0.0840321113798696,0.0963327013299568,0.1486127316160923,7.121167535907452,7.1521631477648215,7.267031611905426,7.149258665002831,7.177021155305198,7.2203222263769025,0.0329183327505595,0.0100542223597461,0.0225083539795361,0.0027295786103265,0.0196025675826039,0.0,0.0,6.20424,2.76
2018-04-30,7.280953673538669,7.280953673538669,7.062525063332509,7.070926163725054,13830900.0,7.26415147275358,7.278153306741154,7.171739368435589,7.191341936018193,9259200.0,675224700.0,44.82251806074152,7.243968941113946,-0.0468292213599648,-0.025171841773658,-0.0216573795863067,7.253520573044847,7.553167844801595,6.953873301288099,0.0832279188458332,0.0980580330278337,0.1537158070419003,7.103410418576227,7.149983734596643,7.253520573044847,7.123147831243572,7.15773115683608,7.206094029933869,0.0023103591331841,0.000384689368083,-0.0153455696746602,-0.0168863231003915,-0.1204157722931391,0.0,0.0,6.20424,2.76
2018-05-02,7.017719194572271,7.0289206617623305,6.849697186721379,6.874900487899013,38493600.0,7.280953673538669,7.280953673538669,7.062525063332509,7.070926163725054,13830900.0,636731100.0,39.39751589049271,7.732870148571498,-0.0669536723511639,-0.0335282078891592,-0.0334254644620046,7.23034781592416,7.569275267110699,6.8914203647376215,0.1321612928245139,0.1308004819745165,0.1738661139223934,7.058604549815989,7.128480884908252,7.23034781592416,7.040398716795386,7.106307398847522,7.174551787835312,-0.0368235885535597,-0.0352286918837436,-0.0305982002777471,-0.0281143014808391,-0.196025675826041,0.0,0.0,6.20424,2.86
2018-05-03,6.832894985936289,6.914105623064221,6.754484715605873,6.802090951163626,28204200.0,7.017719194572271,7.0289206617623305,6.849697186721379,6.874900487899013,38493600.0,608526900.0,37.57823389344137,8.577342998904836,-0.0877658557180192,-0.0443757374549312,-0.0433901182630879,7.20660502365303,7.592433265065758,6.820776782240302,0.1757060015395412,0.1438457106358593,0.1979257116562718,7.022199781448296,7.074575285930949,7.20660502365303,6.960962794918133,7.050995317450449,7.139079327199913,-0.0266898171687661,-0.01646954278065,-0.0139977584000416,-0.0106471112264485,-0.0728095367353871,0.0,0.0,6.20424,2.86
2018-05-04,6.748883982010844,6.844096453126349,6.639669676907763,6.793689850771082,22356000.0,6.832894985936289,6.914105623064221,6.754484715605873,6.802090951163626,28204200.0,586170900.0,37.36383859367337,9.800092994938073,-0.1037416899459513,-0.0562489279531352,-0.047492761992816,7.171974761522533,7.575113562221579,6.768835960823487,0.1766074805101379,0.1558941252401885,0.2068058412013964,6.946589877915393,7.030157426222935,7.171974761522533,6.9052051468691165,7.004212505326928,7.106185091349548,-0.0123712918025467,-0.0101771690536935,-0.0171444717816706,-0.001235839498177,-0.0084011003925441,0.0,0.0,6.20424,2.86
2018-05-07,6.737682514820784,6.796490217568596,6.656471877692852,6.678874812072972,10359600.0,6.748883982010844,6.844096453126349,6.639669676907763,6.793689850771082,22356000.0,575811300.0,34.46942727633268,10.935503705540365,-0.1242351621295547,-0.0698461747884191,-0.0543889873411356,7.132720271706702,7.566235128016152,6.699205415397253,0.144917290718771,0.1838388877531114,0.2223884289404009,6.844096453126349,6.9826319945169,7.132720271706702,6.829761701937069,6.945060197462571,7.065488874275589,-0.0016611299500763,-0.0069801145648844,0.0025273812947885,-0.0170446861815538,-0.1148150386981097,0.0,0.0,6.20424,2.86
2018-05-08,6.720880314035695,6.810492051556171,6.662072611287882,6.746083615213329,12651900.0,6.737682514820784,6.796490217568596,6.656471877692852,6.678874812072972,10359600.0,588463200.0,37.5205389485957,11.893921753925184,-0.13351412997583,-0.0825797658259013,-0.0509343641499286,7.104362760732502,7.560541550759564,6.64818397070544,0.0725505808347348,0.1860883010970439,0.2340147816240822,6.779127943424004,6.941269181000115,7.104362760732502,6.801869006362489,6.908882637053618,7.0350693257934696,-0.0024968801985874,0.002058037359456,0.0008410429427636,0.0100125992924298,0.0672088031403568,0.0,0.0,6.20424,2.86
2018-05-09,6.69567701285806,6.762885815998417,6.611666008932614,6.748883982010844,20777100.0,6.720880314035695,6.810492051556171,6.662072611287882,6.746083615213329,12651900.0,609240300.0,37.650801163593954,12.998722414177577,-0.1390390569487412,-0.0938716240504693,-0.0451674328982718,7.077820054472535,7.551531736238983,6.604108372706087,0.0490424104559526,0.186059033812493,0.2430089653111138,6.75392464224637,6.90626459603118,7.077820054472535,6.784207331578608,6.879791972500386,7.0078135787665525,-0.0037570488777121,-0.0070146769993846,-0.0075949732174447,0.0004150238698292,0.0028003667975147,0.0,0.0,6.20424,2.86
2018-05-10,6.779688016783507,6.922506723456765,6.740482881618298,6.886101955089072,34339800.0,6.69567701285806,6.762885815998417,6.611666008932614,6.748883982010844,20777100.0,643580100.0,43.83043840355538,12.938362764605264,-0.1308370496654509,-0.1012647091734656,-0.0295723404919853,7.051578666900244,7.506339124308249,6.596818209492239,0.0764197472071404,0.1840733259241238,0.2332871923424779,6.77072684303146,6.896463312239878,7.051578666900244,6.818172206082097,6.880939242061965,6.996221995559173,0.0124689894797338,0.0233282524909084,0.019295900697559,0.0201280157314918,0.1372179730782283,0.0,0.0,6.20424,2.86
2018-05-11,6.866499387506468,6.925307090254281,6.583662340957466,6.589263074552496,37710900.0,6.779688016783507,6.922506723456765,6.740482881618298,6.886101955089072,34339800.0,605869200.0,35.6084072002552,13.586108935206502,-0.1465994099317118,-0.1103316493251148,-0.0362677606065969,7.00421488639728,7.444150859508848,6.564278913285713,0.1088618955740776,0.1793860267931991,0.2256823923579925,6.729841487787742,6.838215682851567,7.00421488639728,6.741869162238896,6.827907211605698,6.957464003082347,0.0127233401180433,0.0004044489438348,-0.0235403892430023,-0.0440636534888299,-0.2968388805365762,0.0,0.0,6.20424,2.86
2018-05-14,6.628468209717704,6.634068943312734,6.37923556473888,6.48284913624693,43359600.0,6.866499387506468,6.925307090254281,6.583662340957466,6.589263074552496,37710900.0,562509600.0,33.20375163950018,14.945453742866135,-0.1657670501198911,-0.1214187294840701,-0.0443483206358209,6.959764775319632,7.421255344024189,6.498274206615074,0.1566253936958822,0.1636409166828668,0.2367396665911713,6.690636352622533,6.767366402874441,6.959764775319632,6.655529153574908,6.765169379722286,6.91226258719326,-0.0352806875421178,-0.0429640633626307,-0.031542904532942,-0.0162814222070282,-0.1064139383055655,0.0,0.0,6.20424,2.86
2018-05-15,6.440843634284208,6.47164766905687,6.303625661205979,6.4128399663090585,41973000.0,6.628468209717704,6.634068943312734,6.37923556473888,6.48284913624693,43359600.0,520536600.0,31.687639537756382,16.45509972437273,-0.1844801259305182,-0.1340310087733597,-0.0504491171571584,6.925770758864742,7.440203541317641,6.4113379764118426,0.1936570572007174,0.1602906623773746,0.2638984491998029,6.623987622841679,6.7015577831328415,6.925770758864742,6.574632757819625,6.701109486374426,6.864698528061431,-0.028714207596743,-0.0247875938844048,-0.0119233031003951,-0.0108578699720489,-0.0700091699378715,0.0,0.0,6.20424,2.86
2018-05-16,6.340030429573672,6.59206344135001,6.340030429573672,6.466046935461841,20598300.0,6.440843634284208,6.47164766905687,6.303625661205979,6.4128399663090585,41973000.0,541134900.0,34.14861534601444,17.0694377081225,-0.192794599457363,-0.1457837269101604,-0.0470108725472025,6.894576656398688,7.440129966058794,6.349023346738582,0.1893139089123929,0.163278702206927,0.2798629428098387,6.56742021353188,6.660672427889125,6.894576656398688,6.538437483700363,6.658370840753956,6.826731709718613,-0.0157759625941673,0.0184356775458414,0.0057585984163412,0.0082627128062098,0.0532069691527823,0.0,0.0,6.20424,2.86
2018-05-17,6.373634831143851,6.4492447346767525,6.110400352177452,6.239217224863137,52520100.0,6.340030429573672,6.59206344135001,6.340030429573672,6.466046935461841,20598300.0,488614800.0,29.302164084320367,18.40350086117913,-0.2152063764340477,-0.1596682568149378,-0.0555381196191098,6.839480170595013,7.41524063796273,6.263719703227295,0.128283088285278,0.2016272737299627,0.2953588877528546,6.438043267486693,6.604385055259077,6.839480170595013,6.438697397421288,6.58216109241017,6.770777949256187,0.0052863559231479,-0.0219033879995367,-0.0368912729300576,-0.0357102083073204,-0.2268297105987038,0.0,0.0,6.20424,2.86
2018-05-18,6.113200718974967,6.200012089697928,6.009587147466917,6.104799618582423,24254400.0,6.373634831143851,6.4492447346767525,6.110400352177452,6.239217224863137,52520100.0,464360400.0,26.86863132424766,19.932247492017392,-0.2410357386526005,-0.1759417531824704,-0.0650939854701301,6.782826729131573,7.411213652034139,6.154439806229007,0.1636071013220046,0.243167602315096,0.3223556898157178,6.341150576292678,6.53549603204021,6.782826729131573,6.327398137808333,6.495368097168761,6.707351441572972,-0.0417194386962778,-0.039411786552103,-0.0166362432023723,-0.02177944526404,-0.1344176062807145,0.0,0.0,6.20424,2.86
2018-05-21,6.289623827218405,6.300825294408464,6.16640768812775,6.2252153908755625,21976800.0,6.113200718974967,6.200012089697928,6.009587147466917,6.104799618582423,24254400.0,486337200.0,32.29339057010053,20.71561373760776,-0.248919755835745,-0.1905373537131253,-0.0583824021226196,6.736381042218684,7.385113887082142,6.087648197355227,0.1476114751516049,0.2554539010412628,0.332792927558262,6.289623827218405,6.490130089920468,6.736381042218684,6.293337222164077,6.44624942329727,6.661433722458933,0.0284507787484447,0.0161293819298835,0.0257603940919817,0.0195327581810618,0.12041577229314,0.0,0.0,6.20424,2.86
2018-05-22,6.26442052604077,6.575261240564921,6.239217224863137,6.538856472197228,39388800.0,6.289623827218405,6.300825294408464,6.16640768812775,6.2252153908755625,21976800.0,525726000.0,43.95476437936015,19.97159857669168,-0.2272401986420567,-0.1978779226989116,-0.029362275943145,6.705338278309488,7.329005741544428,6.081670815074547,0.1809110643556743,0.240341887123431,0.3199346580894563,6.314827128396038,6.469407375618859,6.705338278309488,6.375176972175128,6.463087068551808,6.649759698624486,-0.0040151738082589,0.0426336857495213,0.0117382837645494,0.0491542561388012,0.3136410813216654,0.0,0.0,6.20424,2.86
2018-05-23,6.426841800296633,6.474448035854386,6.197211722900413,6.200012089697928,20605800.0,6.26442052604077,6.575261240564921,6.239217224863137,6.538856472197228,39388800.0,505120200.0,36.61714525646784,19.442730733689444,-0.2346954798020224,-0.2052414341195338,-0.0294540456824886,6.660392391209373,7.29361322380119,6.027171558617557,0.1636118944753988,0.2319527287792795,0.3248354331642708,6.261620159243256,6.414520186387567,6.660392391209373,6.316788678016062,6.415255254214738,6.606926593012433,0.025597161004516,-0.015450951155719,-0.0067552609961252,-0.0532110568344155,-0.3388443824992997,0.0,0.0,6.20424,2.86
2018-05-24,6.104799618582423,6.16640768812775,5.959180545111649,6.0011860470743725,44763300.0,6.426841800296633,6.474448035854386,6.197211722900413,6.200012089697928,20605800.0,460356900.0,33.123032170327235,19.78646351555372,-0.2537226866203754,-0.2149376846197021,-0.0387850020006733,6.611245953912987,7.287454868212141,5.935037039613833,0.2019081938950035,0.1984290371945958,0.3468878537789681,6.214013923685502,6.326028595586098,6.611245953912987,6.211587801035499,6.339969943825581,6.549237017208808,-0.0514079667115108,-0.0487469125096426,-0.0391664895895145,-0.032594117795005,-0.1988260426235557,0.0,0.0,6.20424,2.86
2018-05-25,6.068394850214729,6.121601819367512,5.83876477281851,5.852766606806084,59582400.0,6.104799618582423,6.16640768812775,5.959180545111649,6.0011860470743725,44763300.0,400774500.0,30.763174414958485,20.472910241010563,-0.2775783431903971,-0.2274658163338411,-0.0501125268565559,6.545297315831512,7.246788024801583,5.84380660686144,0.2592949125784141,0.2247983193948567,0.3598571407960804,6.163607321330235,6.252378948811456,6.545297315831512,6.091980736292361,6.251387518912946,6.482906501932358,-0.0059811542467755,-0.0072926485461415,-0.0204137162286333,-0.0250426505147205,-0.148419440268289,0.0,0.0,6.20424,2.86
2018-05-28,5.82756330562845,5.8807702747812325,5.684744598955192,5.757554135690578,28605900.0,6.068394850214729,6.121601819367512,5.83876477281851,5.852766606806084,59582400.0,372168600.0,29.32003605650054,21.541556224304458,-0.3007006832907635,-0.2421127897252256,-0.0585878935655378,6.4736079258151324,7.189264878219655,5.75795097341061,0.3107561874568885,0.256891322509285,0.3671242703431379,6.070075070293238,6.179849448755822,6.4736079258151324,5.980505202758434,6.161599631054333,6.413825324195045,-0.0404951751427247,-0.0401360450249694,-0.0267330621970687,-0.016401718383801,-0.0952124711155057,0.0,0.0,6.20424,2.86
2018-05-29,5.9087739427563815,6.087997417797333,5.754753768893064,5.754753768893064,46018500.0,5.82756330562845,5.8807702747812325,5.684744598955192,5.757554135690578,28605900.0,326150100.0,29.27653475405215,21.46742323368888,-0.3156130794866829,-0.2568128476775171,-0.0588002318091658,6.4077993060735325,7.133632771899278,5.681965840247787,0.189067278138507,0.2742773081046963,0.3723447115780774,5.913254529632406,6.114040829014221,6.4077993060735325,5.905254724803311,6.08762765611592,6.351056604642476,0.0138394000764776,0.0346314439696404,0.012240054894502,-0.0004864996447204,-0.0028003667975138,0.0,0.0,6.20424,2.86
2018-05-30,5.743552301703004,6.132803286557571,5.740751934905489,5.992784946681828,42949800.0,5.9087739427563815,6.087997417797333,5.754753768893064,5.754753768893064,46018500.0,369099900.0,37.73317902899203,21.18316955941373,-0.3047116084264161,-0.2663925998272969,-0.0383190085991191,6.363693529012672,7.077740882288177,5.649646175737168,0.1209259214060558,0.2461818150815941,0.3662985634121841,5.871809101029185,6.06671463013622,6.363693529012672,5.934431465429483,6.070383527127903,6.316935494360509,-0.0283604683977314,0.0073327551293915,-0.0024360547978812,0.0405299810855619,0.2380311777887636,0.0,0.0,6.20424,2.86
2018-06-01,6.15520622093769,6.337230062776157,6.023588981454492,6.228015757673076,54919800.0,5.743552301703004,6.132803286557571,5.740751934905489,5.992784946681828,42949800.0,424019700.0,44.76250308335976,20.00027262281083,-0.2739332218650645,-0.2679007242348504,-0.006032497630214,6.334989769338145,7.021874935155079,5.648104603521212,0.1989640409841661,0.2453337264404085,0.3523646552482977,5.917175043148926,6.065594483417215,6.334989769338145,6.032292896177347,6.099043932681571,6.308466948009325,0.0692203768911858,0.0327898228229908,0.0480930571352762,0.0385015473545757,0.2352308109912488,0.0,0.0,6.20424,4.39
2018-06-04,6.298024927610948,6.460446201866811,6.250418692053196,6.4128399663090585,51742800.0,6.15520622093769,6.337230062776157,6.023588981454492,6.228015757673076,54919800.0,475762500.0,49.57886204621463,18.7374202465087,-0.231953543706548,-0.26071128812919,0.0287577444226418,6.315947275115044,6.971303470147008,5.66059108008308,0.290321198930261,0.26900046120261,0.3361906345038458,6.029189715049521,6.096398518189877,6.315947275115044,6.159141919554585,6.156097756977478,6.318407235466443,0.022937816995749,0.0192566125402164,0.0369651942334714,0.0292444411778125,0.1848242086359821,0.0,0.0,6.20424,4.39
2018-06-05,6.300825294408464,6.393237398726454,6.026389348252006,6.180409522115324,45454800.0,6.298024927610948,6.460446201866811,6.250418692053196,6.4128399663090585,51742800.0,430307700.0,44.34256248509927,18.073759109097654,-0.2149615971794993,-0.2515613499392518,0.0365997527597524,6.2910240106171615,6.926899692645513,5.65514832858881,0.2502327919672413,0.2669820091003755,0.3261973421892357,6.113760792334469,6.091917931313854,6.2910240106171615,6.166231120408166,6.160518077911631,6.30526459609967,0.0004445432391502,-0.0104576116439583,-0.0365004022195265,-0.0369176902915489,-0.2324304441937341,0.0,0.0,6.20424,4.39
2018-06-06,6.113200718974967,6.183209888912838,5.917175043148926,5.95357981151662,31959600.0,6.300825294408464,6.393237398726454,6.026389348252006,6.180409522115324,45454800.0,398348100.0,39.91232904647609,17.82577103660859,-0.2172937915188377,-0.244707838255169,0.0274140467363312,6.251398820432327,6.867365644993974,5.635431995870679,0.1866355709620516,0.2177263924587153,0.3159843138014423,6.1535260008591806,6.033390265245794,6.251398820432327,6.095347350777651,6.122892938567083,6.271770807091761,-0.0302301386485219,-0.0334032391328096,-0.0182889036656184,-0.0373918473548431,-0.2268297105987047,0.0,0.0,6.20424,4.39
2018-06-07,5.774356336475668,5.9087739427563815,5.48311818953412,5.600733595029745,106165800.0,6.113200718974967,6.183209888912838,5.917175043148926,5.95357981151662,31959600.0,292182300.0,34.1899739562173,18.790710343775707,-0.2447920033105051,-0.2447246712662362,-6.733204426884187e-05,6.193991301083271,6.827558492279901,5.5604241098866405,0.3115815504693465,0.2472422402420736,0.3250131113795692,6.075115730528765,5.973462415778975,6.193991301083271,5.930476098861683,6.027954876105748,6.207862501181093,-0.0570236919730384,-0.0453991809268736,-0.0761851945256011,-0.0610950993598109,-0.3528462164868742,0.0,0.0,6.20424,4.39
2018-06-08,5.595132861434716,5.95357981151662,5.471916722344061,5.791158537260757,67179300.0,5.774356336475668,5.9087739427563815,5.48311818953412,5.600733595029745,106165800.0,359361600.0,39.2519827021823,19.48674268269692,-0.2483559401965394,-0.2454509250522968,-0.0029050151442425,6.139244130191855,6.710269340250431,5.56821892013328,0.3191459985156346,0.2534678320905176,0.292929752007488,5.987744286446301,5.952459664797614,6.139244130191855,5.884036911661375,5.98490099631575,6.168176409379156,-0.0315297053684064,0.0075543324317812,-0.0020449904877273,0.0334347760862374,0.1904249422310115,0.0,0.0,6.20424,4.39
2018-06-11,5.9087739427563815,5.973182379099223,5.61473542901732,5.698746432942766,19119900.0,5.595132861434716,5.95357981151662,5.471916722344061,5.791158537260757,67179300.0,340241700.0,37.735052837947336,20.04176138211432,-0.2556898370733975,-0.247498707456517,-0.0081911296168805,6.094718298111369,6.657251697859559,5.5321848983631785,0.2281688962625737,0.2646324398424769,0.2885735452332537,5.844925579773042,5.937057647411282,6.094718298111369,5.822273418755172,5.932872893884298,6.12346879257569,0.0545412672616132,0.003287159569457,0.0257655071379414,-0.0160861377516245,-0.092412104317991,0.0,0.0,6.20424,4.39
2018-06-12,5.793958904058272,5.947979077921589,5.740751934905489,5.866768440793658,43635000.0,5.9087739427563815,5.973182379099223,5.61473542901732,5.698746432942766,19119900.0,383876700.0,42.11521623682115,20.557135888716196,-0.2451184583640451,-0.2470226576380226,0.0019041992739775,6.063914263338705,6.605127150830333,5.5227013758470775,0.138291061096014,0.2585857346232464,0.2776363532179538,5.782197363508709,5.947979077921589,6.063914263338705,5.837105092768001,5.920853902413272,6.0990211400250205,-0.0196225487245691,-0.004228336109521,0.0221957323917842,0.0290577344795428,0.168022007850892,0.0,0.0,6.20424,4.39
2018-06-13,5.8807702747812325,5.891971741971292,5.600733595029745,5.754753768893064,38877600.0,5.793958904058272,5.947979077921589,5.740751934905489,5.866768440793658,43635000.0,344999100.0,40.09042269232428,21.431145453946733,-0.2429783097449229,-0.2462137880594027,0.0032354783144797,6.0310099534679065,6.563313276941688,5.498706629994125,0.0999656424370651,0.2585857346232464,0.2730658433135406,5.742432154983999,5.947979077921589,6.0310099534679065,5.809654651476356,5.890653878136871,6.066233771345787,0.0148719459659714,-0.0094608085042289,-0.0246926125903714,-0.019277705425903,-0.1120146719005941,0.0,0.0,6.20424,4.39
2018-06-14,5.805160371248332,5.855566973603599,5.6091346954222905,5.611935062219804,46703100.0,5.8807702747812325,5.891971741971292,5.600733595029745,5.754753768893064,38877600.0,298296000.0,37.60777968346873,22.242725764517957,-0.2499255168036498,-0.2469561338082521,-0.0029693829953976,5.988304359805804,6.511109366491419,5.465499353120189,0.0960448247236366,0.2785303874345449,0.2681933096105874,5.74467244842201,5.909894089475388,5.988304359805804,5.743748121724172,5.8399777297883135,6.022967227619502,-0.0129405112757348,-0.0061978744289667,0.001498876123736,-0.0251306647255797,-0.1428187066732595,0.0,0.0,6.20424,4.39
2018-06-15,5.600733595029745,5.62593689620738,5.407508286001219,5.589532127839687,51860700.0,5.805160371248332,5.855566973603599,5.6091346954222905,5.611935062219804,46703100.0,246435300.0,37.21843323218411,23.537686498168124,-0.254307459927805,-0.2484263990321627,-0.0058810608956422,5.955820104954631,6.4927712882011095,5.418868921708152,0.1125559352549118,0.2705707643420153,0.2754501450686977,5.704347166537795,5.846045726492048,5.955820104954631,5.692342790429344,5.794442165797654,5.981687694307139,-0.0358496528936971,-0.0400053346136992,-0.036608053237304,-0.0040000053333459,-0.0224029343801177,0.0,0.0,6.20424,4.39
2018-06-18,5.4607152551540015,5.508321490711755,5.348700583253407,5.413109019596249,28262700.0,5.600733595029745,5.62593689620738,5.407508286001219,5.589532127839687,51860700.0,218172600.0,34.214412919877034,24.885853224429358,-0.268916153803155,-0.2525243499863612,-0.0163918038167937,5.921235575005323,6.502613506888323,5.339857643122323,0.1725875849249574,0.2173346451790916,0.2982405862459977,5.647219683868492,5.746072631820768,5.921235575005323,5.599264866818313,5.725108866488307,5.927537344334673,-0.0253178079842899,-0.0211275464258753,-0.0109347613878387,-0.0320719776630784,-0.176423108243438,0.0,0.0,6.20424,4.39
2018-06-19,5.306695081290684,5.665142031372588,5.29829398089814,5.5727299270545965,70621800.0,5.4607152551540015,5.508321490711755,5.348700583253407,5.413109019596249,28262700.0,288794400.0,39.01082539127392,25.227763546769967,-0.2645638483663317,-0.2549322496623553,-0.0096315987039763,5.888611301814274,6.471323425006324,5.305899178622224,0.1216565201410823,0.1597153168594654,0.2989250119463106,5.5884119811206805,5.685304672314695,5.888611301814274,5.590419886897075,5.697403604773087,5.89374616173657,-0.0286105340412656,0.0280720187786864,-0.0094687714288519,0.029061438510207,0.1596209074583479,0.0,0.0,6.20424,4.39
2018-06-20,5.628737263004894,5.695946066145251,5.488718923129151,5.508321490711755,23287500.0,5.306695081290684,5.665142031372588,5.29829398089814,5.5727299270545965,70621800.0,265506900.0,37.81281003374176,25.37323476517752,-0.2632769447452707,-0.2566011886789384,-0.0066757560663323,5.83708455274,6.359859558644779,5.314309546835222,0.0803124497199124,0.1370753405927472,0.2681779195347455,5.539125525484418,5.640778840234208,5.83708455274,5.563053754835302,5.663025038580117,5.857039050210397,0.0589158835365946,0.0054227394407597,0.0353100026127395,-0.0116250993294788,-0.0644084363428412,0.0,0.0,6.20424,4.39
2018-06-21,5.477517455939091,5.564328826662052,5.4411126875713975,5.513922224306785,21951000.0,5.628737263004894,5.695946066145251,5.488718923129151,5.508321490711755,23287500.0,287457900.0,37.991137342297854,25.664087628886527,-0.2588215976927541,-0.2570452704817016,-0.0017763272110525,5.802780059470443,6.315742058503531,5.289818060437355,0.0693055423316386,0.1425335044121011,0.2631439532251373,5.519522957901814,5.632097703161913,5.802780059470443,5.546676577992463,5.635915435984965,5.824361257267196,-0.0272331504583587,-0.0233783340566884,-0.008711302847123,0.0010162602500665,0.0056007335950294,0.0,0.0,6.20424,4.39
2018-06-22,5.502720757116725,5.595132861434716,5.457914888356487,5.555927726269507,22680900.0,5.477517455939091,5.564328826662052,5.4411126875713975,5.513922224306785,21951000.0,310138800.0,39.394831624669365,25.744940735415863,-0.2490305410398496,-0.2554423245933312,0.0064117835534815,5.780517143430201,6.295746888716217,5.265287398144184,0.0620709370701535,0.1324178411576007,0.2643072825069005,5.512802077587779,5.608574622062787,5.780517143430201,5.549760294084812,5.6213722160367,5.79879615907694,0.004590673708599,0.0055207166566819,0.0030832501301207,0.0075892092056923,0.0420055019627225,0.0,0.0,6.20424,4.39
2018-06-25,5.600733595029745,5.891971741971292,5.544726259079448,5.872369174388687,30207900.0,5.502720757116725,5.595132861434716,5.457914888356487,5.555927726269507,22680900.0,340346700.0,48.79806119635209,24.23346155740407,-0.2132783379314595,-0.2470095272609569,0.0337311893294973,5.7814972718093305,6.297347259642571,5.26564728397609,0.1521323586956473,0.1550098515278899,0.2646254602201475,5.604654108546266,5.625936896207379,5.7814972718093305,5.657296587519437,5.667008026646152,5.805803112916154,0.0176549352387207,0.0516936146491016,0.0157804241810202,0.0553927430571019,0.3164414481191802,0.0,0.0,6.20424,4.39
2018-06-26,5.830363672425965,5.866768440793658,5.718349000525371,5.763154869285607,30603600.0,5.600733595029745,5.891971741971292,5.544726259079448,5.872369174388687,30207900.0,309743100.0,46.13738977638515,22.82994517782169,-0.1915490824794732,-0.2359174383046602,0.044368355825187,5.781777308489082,6.29758107956682,5.2659735374113446,0.1653995346996964,0.1398442978157032,0.2646017515248224,5.642739096992469,5.615575539056573,5.781777308489082,5.692582681441494,5.684489270762416,5.801741375427531,0.0401817896328318,-0.0042867415013623,0.0308328750360298,-0.018773114507925,-0.1092143051030802,0.0,0.0,6.20424,4.39
2018-06-27,5.726750100917915,5.774356336475668,5.623136529409864,5.642739096992468,22110300.0,5.830363672425965,5.866768440793658,5.718349000525371,5.763154869285607,30603600.0,287632800.0,43.332044083317854,21.943640880561297,-0.1819476581062362,-0.2251234822649754,0.0431758241587391,5.776176574894052,6.295453310270846,5.256899839517258,0.1481100206448064,0.1317069133557623,0.2663833446190207,5.669622618248611,5.6043740718665145,5.776176574894052,5.675968153291819,5.676898330076971,5.786598301290859,-0.017931180698012,-0.0158771677793327,-0.0167905179129912,-0.0211154420132115,-0.1204157722931391,0.0,0.0,6.20424,4.39
2018-06-28,5.681608645990499,5.811635510525605,5.599635187914019,5.808808839557451,17526000.0,5.726750100917915,5.774356336475668,5.623136529409864,5.642739096992468,22110300.0,305158800.0,48.02572562400806,20.92229709928892,-0.1591039682860531,-0.211919579469191,0.0528156111831378,5.766977769537833,6.27701599498506,5.256939544090606,0.1279500695773687,0.1468108671714614,0.2616440890223911,5.728599941298745,5.624061449600279,5.766977769537833,5.72024838204703,5.700882059073421,5.788713590649582,-0.0079137922504517,0.0064352371714793,-0.0041881589397398,0.0290059277228806,0.166069742564983,0.0,0.0,6.20424,4.39
2018-06-29,5.890782297633931,5.902088981506548,5.766408775035133,5.805982168589296,20856000.0,5.681608645990499,5.811635510525605,5.599635187914019,5.808808839557451,17526000.0,284302800.0,47.95292073125565,19.499808374462837,-0.139618829292929,-0.1974594294339386,0.0578406001410095,5.7458760900836445,6.210796439436651,5.280955740730638,0.0853694202451686,0.1567725487587793,0.2384991069400258,5.778610829762702,5.64570645367524,5.7458760900836445,5.748826310894453,5.719991169894488,5.790358217120032,0.036154401820136,0.0154443224274736,0.0293480401397112,-0.0004867364418315,-0.0028266709681554,0.0,0.0,6.20424,4.39
2018-07-02,5.780542129875905,5.851208904079767,5.684435316958654,5.834248878270841,8027400.0,5.890782297633931,5.902088981506548,5.766408775035133,5.805982168589296,20856000.0,292330200.0,48.78897559520492,18.580283630654133,-0.1205067027648256,-0.182068884100116,0.0615621813352903,5.716946535681734,6.071060983666307,5.362832087697161,0.0761020458193328,0.1433370115321584,0.181656878896378,5.770986770539133,5.6878204395426994,5.716946535681734,5.777300500019916,5.740765298690189,5.794538280086775,-0.0188913343963554,-0.0086580627431145,-0.01431769706561,0.0048567361129499,0.0282667096815449,0.0,0.0,6.20424,4.48
2018-07-03,5.893608968602085,6.043422529914272,5.780542129875905,5.910568994411012,16642800.0,5.780542129875905,5.851208904079767,5.684435316958654,5.834248878270841,8027400.0,308973000.0,51.074179612268246,17.734609898708218,-0.0980713043083802,-0.1652693681417689,0.0671980638333886,5.703454509296518,6.002130331072548,5.404778687520487,0.0977775014996133,0.1527041653228946,0.1532174637167253,5.800469595564214,5.72160434627834,5.703454509296518,5.821723331483614,5.771638697912156,5.805588824308131,0.0193710657559997,0.0323222053255758,0.01676567870425,0.0129965728271801,0.0763201161401712,0.0,0.0,6.20424,4.48
2018-07-04,5.879475613761313,5.978409097646718,5.814462181493759,5.958622400869637,7010100.0,5.893608968602085,6.043422529914272,5.780542129875905,5.910568994411012,16642800.0,315983100.0,52.511070323936885,16.949341433329867,-0.0755427710502676,-0.1473240487234686,0.071781277673201,5.703706638764169,6.003233915405793,5.404179362122545,0.0678577676295037,0.1491747482791636,0.1536542508466636,5.863646256339647,5.76663443729413,5.703706638764169,5.867356354612289,5.805635734813516,5.820163450647322,-0.0024009615375379,-0.0108160001046124,0.005850821176055,0.0080972102326193,0.0480534064586253,0.0,0.0,6.20424,4.48
2018-07-05,5.921875678283629,5.986889110551182,5.834248878270841,5.921875678283629,16601400.0,5.879475613761313,5.978409097646718,5.814462181493759,5.958622400869637,7010100.0,299381700.0,51.27102729740121,16.262620384197838,-0.0599626870110254,-0.12985177638098,0.0698890893699545,5.719763742926864,6.029738134594568,5.409789351259159,0.063728737252746,0.1264347561072975,0.1590135077759151,5.886259624084883,5.8074297826918135,5.719763742926864,5.885529462502736,5.8267702699899,5.829850329469828,0.0071856596608741,0.0014174346809734,0.0033972369484962,-0.0061860773050148,-0.0367467225860078,0.0,0.0,6.20424,4.48
2018-07-06,5.950142387965174,6.210196117035386,5.936009033124402,6.207369446067232,20723700.0,5.921875678283629,5.986889110551182,5.834248878270841,5.921875678283629,16601400.0,320105400.0,59.31055219984314,16.638170606243936,-0.0242983013791837,-0.1087410813806207,0.084442780001437,5.740574288367187,6.115919768290784,5.3652288084435895,0.1420300200800663,0.1483736074517095,0.1925481684773118,5.966537079580471,5.872573954671586,5.740574288367187,5.992809457024235,5.895970120185778,5.865804531050533,0.0047619137602437,0.0366205462232585,0.017291497110061,0.0470839702731833,0.2854937677836027,0.0,0.0,6.20424,4.48
2018-07-10,6.215849458971695,6.385449717060964,6.1819294073538416,6.3600096783475735,98224500.0,5.950142387965174,6.210196117035386,5.936009033124402,6.207369446067232,20723700.0,418329900.0,62.84051319000535,17.629074013921603,0.0160972136012222,-0.0837734223842521,0.0998706359854744,5.773637450637427,6.235050134767363,5.312224766507491,0.2016963933806882,0.2139435967114681,0.2366997126474096,6.071689239595817,5.921338005067475,5.773637450637427,6.115209530798682,5.980340948942468,5.912871687935966,0.0436872444382794,0.0278294440833932,0.0405933969652534,0.0242926925690445,0.1526402322803415,0.0,0.0,6.20424,4.48
2018-07-11,6.289342904143711,6.4024097428698905,6.275209549302939,6.328916297697875,33744000.0,6.215849458971695,6.385449717060964,6.1819294073538416,6.3600096783475735,98224500.0,384585900.0,61.666903039573256,18.607759195121123,0.04508229367819,-0.0580022791717637,0.1030845728499537,5.796744843482638,6.317031401057058,5.276458285908218,0.2048956278139294,0.2406094862714682,0.2669013724761305,6.155358700253189,5.9779141479087015,5.796744843482638,6.1864451197650805,6.043718285079814,5.952494984103767,0.0117542040455793,0.002652521449131,0.0149764541895571,-0.0049008785997108,-0.0310933806496986,0.0,0.0,6.20424,4.48
2018-07-12,6.365663020283883,6.54091662030946,6.345876323506801,6.5296099364368425,22702200.0,6.289342904143711,6.4024097428698905,6.275209549302939,6.328916297697875,33744000.0,407288100.0,66.07143685683363,19.977648185413752,0.0832873926273185,-0.0297443448119472,0.1130317374392658,5.835487651859827,6.445208637240805,5.225766666478849,0.2258773651366432,0.2654991658684742,0.3127802659064562,6.26955620736663,6.066601231853139,5.835487651859827,6.300833391989001,6.132062221690183,6.007458312897394,0.0120617946592405,0.0214028698364874,0.0111983253100296,0.0312181869170842,0.2006936387389677,0.0,0.0,6.20424,4.48
2018-07-13,6.552223304182078,6.727476904207656,6.521129923532379,6.696383523557957,24308700.0,6.365663020283883,6.54091662030946,6.345876323506801,6.5296099364368425,22702200.0,431596800.0,69.23489960060799,21.78295296152793,0.125574894279433,0.0013195030063287,0.1242553912731042,5.889710074926734,6.59556599767258,5.1838541521808885,0.1906630951374995,0.3137228428518273,0.362096448214164,6.424457776421495,6.155358700253189,5.889710074926734,6.43268343584532,6.234666094757051,6.073070237722209,0.028886034640116,0.0281228589118984,0.0272424579973988,0.0252204006429463,0.1667735871211144,0.0,0.0,6.20424,4.48
2018-07-16,6.727476904207656,6.727476904207656,6.5296099364368425,6.628543420322249,38268900.0,6.552223304182078,6.727476904207656,6.521129923532379,6.696383523557957,24308700.0,393327900.0,66.5179593542614,23.45930739649109,0.1518633287142314,0.0314282681479093,0.1204350605663221,5.941660639550863,6.702312150748015,5.18100912835371,0.1615980870416422,0.3197181599623496,0.3902059919845684,6.5086925712724994,6.237614825426485,5.941660639550863,6.49797009733763,6.306280153950723,6.12597244558888,0.0263957427658232,0.0,0.0012995453420856,-0.0101825232784058,-0.0678401032357083,0.0,0.0,6.20424,4.48
2018-07-17,6.614410065481477,6.860330439710916,6.5946233687043945,6.7924903364752085,38266200.0,6.727476904207656,6.727476904207656,6.5296099364368425,6.628543420322249,38268900.0,431594100.0,69.62062703127332,25.368543356164626,0.1838074307284634,0.0619041006640201,0.1219033300644432,6.010629705394811,6.815907710157955,5.205351700631667,0.177117497651062,0.3288595432200428,0.4130989001486557,6.595188702898025,6.333438971246922,6.010629705394811,6.59614351038349,6.394682005318811,6.189450339959008,-0.0169495583137733,0.019555439061081,0.0099074685055906,0.024432554856089,0.1639469161529598,0.0,0.0,6.20424,4.48
2018-07-18,6.702036865494265,6.784010323570746,6.526783265468688,6.54091662030946,26673300.0,6.614410065481477,6.860330439710916,6.5946233687043945,6.7924903364752085,38266200.0,404920800.0,60.37516962014922,26.63458253290865,0.1866716309517082,0.0868576067215577,0.0998140242301504,6.059039040057554,6.869587255450821,5.248490824664287,0.1101567856700601,0.2977380536097309,0.4158024611573732,6.637588767420342,6.396473733836767,6.059039040057554,6.57773454702548,6.421270117135292,6.222923319040003,0.0131608777136584,-0.0111871893905644,-0.0103404626669345,-0.0377403279828469,-0.2515737161657485,0.0,0.0,6.20424,4.48
2018-07-19,6.5013432267552975,6.5296099364368425,6.368489691252037,6.475903188041907,45046800.0,6.702036865494265,6.784010323570746,6.526783265468688,6.54091662030946,26673300.0,359874000.0,58.22332939885397,26.72556565573869,0.1816020937269051,0.1058065041226272,0.0757955896042779,6.107418124924061,6.895912542032123,5.318923707815999,0.1249439728342109,0.255096679764595,0.4044891013464368,6.626847417741357,6.448201812553992,6.107418124924061,6.543790760697624,6.431203402754676,6.247016639897327,-0.0304026841481643,-0.0382212128201977,-0.0245518689222508,-0.0099892253001263,-0.0650134322675528,0.0,0.0,6.20424,4.48
2018-07-20,6.758570284857355,6.784010323570746,6.5296099364368425,6.617236736449631,28058400.0,6.5013432267552975,6.5296099364368425,6.368489691252037,6.475903188041907,45046800.0,387932400.0,61.44074486112776,27.6090667893532,0.1868351656462437,0.1220122364273505,0.0648229292188931,6.162583850531204,6.931404989161772,5.393762711900637,0.118794189453045,0.1791553484801313,0.3943969224302106,6.611018060319691,6.517737918370594,6.162583850531204,6.56827275261496,6.465027645244668,6.2822756967118325,0.0388025655410837,0.0382212128201977,0.0249848630835947,0.0215897850374153,0.141333548407724,0.0,0.0,6.20424,4.48
2018-07-23,6.512649910627915,6.54091662030946,6.439156465455899,6.4730765170737525,22258800.0,6.758570284857355,6.784010323570746,6.5296099364368425,6.617236736449631,28058400.0,365673600.0,56.64842279811214,27.87226538937267,0.1773060145713385,0.1330709920561481,0.0442350225151904,6.208441290071415,6.935317574410752,5.481565005732079,0.1326037115807292,0.144328243716624,0.3728796661881264,6.579924679669992,6.5443086254712455,6.208441290071415,6.536540674101224,6.466491076486319,6.300447203412968,-0.0370649456425431,-0.0364911085824151,-0.0139496595087116,-0.0220263709426256,-0.1441602193758786,0.0,0.0,6.20424,4.48
2018-07-24,6.569183329991004,6.628543420322249,6.518303252564224,6.614410065481477,15118800.0,6.512649910627915,6.54091662030946,6.439156465455899,6.4730765170737525,22258800.0,380792400.0,59.94687673388198,28.387929718727516,0.1790940452024836,0.1422756026854152,0.0368184425170683,6.245543334626055,6.975759824324911,5.5153268449272,0.0707063365230361,0.1299367075379205,0.3745931553833187,6.5443086254712455,6.569748664184635,6.245543334626055,6.562497137894642,6.493385438121802,6.330348428371873,0.0086430961560199,0.0133077731267579,0.0122165568218766,0.0215991118034617,0.141333548407724,0.0,0.0,6.20424,4.48
2018-07-25,6.588970026768086,6.843370413901989,6.583316684831777,6.7868369945389,23859600.0,6.569183329991004,6.628543420322249,6.518303252564224,6.614410065481477,15118800.0,404652000.0,63.58692689188197,29.45720162894087,0.1922088208616372,0.1522622463206596,0.0399465745409776,6.29672744088872,7.028025540056325,5.5654293417211145,0.1291420556106756,0.115522922045325,0.3751480093334928,6.5934927003171335,6.615540733868738,6.29672744088872,6.637277090109396,6.546740266561274,6.37382352991159,0.0030075210639555,0.0318952760576787,0.0099245690553366,0.0257343878695062,0.1724269290574236,0.0,0.0,6.20424,4.48
2018-07-26,6.656810130003794,6.8066236913159806,6.577663342895468,6.614410065481477,12894900.0,6.588970026768086,6.843370413901989,6.583316684831777,6.7868369945389,23859600.0,391757100.0,57.91837611725313,30.41327281813347,0.1865386613437243,0.1591175293252725,0.0274211320184517,6.3453109893131705,7.023543813894306,5.667078164732035,0.1112251026725571,0.1115586442370781,0.3479260978469062,6.621194075805048,6.624020746773202,6.3453109893131705,6.6296547485667565,6.559043866364947,6.396736533299197,0.0102433674147608,-0.0053841505093468,-0.0008591065820491,-0.0257343878695062,-0.1724269290574236,0.0,0.0,6.20424,4.48
2018-07-27,6.696383523557957,6.750090271952892,6.617236736449631,6.724650233239501,7269600.0,6.656810130003794,6.8066236913159806,6.577663342895468,6.614410065481477,12894900.0,399026700.0,60.35195505042925,31.301053208098036,0.1887645194190064,0.1650469273440193,0.023717592074987,6.391103058997272,7.041352896224094,5.74085322177045,0.1202747666552362,0.1139288283344688,0.3335711282208071,6.642676775163021,6.626847417741357,6.391103058997272,6.661319910124338,6.589154114887593,6.427966409483988,0.0059271977082675,-0.0083403319162189,0.0059983041886191,0.0165293019512107,0.1102401677580244,0.0,0.0,6.20424,4.48
2018-07-30,6.750090271952892,6.7783569816344365,6.5946233687043945,6.679423497749029,14201400.0,6.696383523557957,6.750090271952892,6.617236736449631,6.724650233239501,7269600.0,384825300.0,58.84837187415953,32.20882015235814,0.184749431952607,0.1689874282657369,0.0157620036868701,6.434775125455259,7.037558915101846,5.831991335808672,0.0740512268061628,0.1151426607239461,0.3092215595826247,6.683946171298077,6.631935425484035,6.434775125455259,6.66735443933257,6.605566729953309,6.451914703604468,0.007988270353707,0.0041788610749669,-0.0034231954694809,-0.0067482331160499,-0.0452267354904716,0.0,0.0,6.20424,4.48
2018-07-31,6.642676775163022,6.707690207430574,6.605930052577014,6.685076839685338,15849000.0,6.750090271952892,6.7783569816344365,6.5946233687043945,6.679423497749029,14201400.0,400674300.0,58.98592287495381,33.05174660059967,0.1799492803661282,0.1711797986858151,0.008769481680313,6.477316523525984,7.021846641865893,5.932786405186074,0.0634460136052287,0.1028552679998962,0.2793380567375572,6.69807952613885,6.621194075805048,6.477316523525984,6.673261906116826,6.620023113540951,6.474120621326456,-0.016040867374288,-0.0104800791516959,0.0017130625174281,0.0008460237391254,0.0056533419363082,0.0,0.0,6.20424,4.48
2018-08-01,6.724650233239501,6.772703639698127,6.637023433226712,6.642676775163022,16029000.0,6.642676775163022,6.707690207430574,6.605930052577014,6.685076839685338,15849000.0,384645300.0,57.435316039459714,34.04112317118879,0.1707554324619371,0.1710949254410395,-0.0003394929791024,6.5139219125635845,6.995981537470719,6.03186228765645,0.0422395827938175,0.098991794832396,0.2472913697845044,6.669247482263673,6.631370091290402,6.5139219125635845,6.663066862465558,6.6241419611086,6.49017358835851,0.012264903164753,0.0096457027995762,0.0046958464091289,-0.0063626937878284,-0.0424000645223161,0.0,0.0,6.20424,4.19
2018-08-02,6.642676775163022,6.916863859074005,6.603103381608858,6.823583717124908,18744900.0,6.724650233239501,6.772703639698127,6.637023433226712,6.642676775163022,16029000.0,403390200.0,62.02256530111109,35.37641814237416,0.1760376674232828,0.1720834738374882,0.0039541935857946,6.557169978376348,6.984260692724897,6.130079264027799,0.0692793930794193,0.0993771290017552,0.2190929136490977,6.711082212592359,6.666138144198703,6.557169978376348,6.7165724806853415,6.66040409856611,6.521926933955309,-0.012264903164753,0.0210621042073315,-0.0051238369998694,0.0268697945192721,0.1809069419618865,0.0,0.0,6.20424,4.19
2018-08-03,6.86881045261538,7.086464117163274,6.823583717124908,7.061024078449884,31140300.0,6.642676775163022,6.916863859074005,6.603103381608858,6.823583717124908,18744900.0,434530500.0,67.0429324982877,37.02876793794976,0.1971111547787716,0.1770890100257449,0.0200221447530267,6.614127398384662,6.987602844422099,6.240651952347225,0.1723689957395547,0.1573146729101019,0.1915888613348791,6.778356981634436,6.71051687839873,6.614127398384662,6.831389679940189,6.733244094908613,6.573269519145269,0.0334759291963895,0.0242240347156219,0.0328450577093593,0.0342052890280459,0.2374403613249756,0.0,0.0,6.20424,4.19
2018-08-06,7.066677420386193,7.094944130067738,6.959263923596323,6.97057060746894,15762600.0,6.86881045261538,7.086464117163274,6.823583717124908,7.061024078449884,31140300.0,418767900.0,63.59402499994081,38.58246026438932,0.2041597793262868,0.1825031638858533,0.0216566154404335,6.652287456454746,7.0072227950320425,6.29735211787745,0.1796170917480719,0.1524726338413598,0.1820779868851603,6.836586403578418,6.760266287438247,6.652287456454746,6.877783322449773,6.776394369919582,6.611107718033238,0.0283994745216977,0.0011959339675362,0.019688905086922,-0.0128930069612331,-0.0904534709809432,0.0,0.0,6.20424,4.19
2018-08-07,7.038410710704648,7.049717394577266,6.741610259048429,6.758570284857355,22959300.0,7.066677420386193,7.094944130067738,6.959263923596323,6.97057060746894,15762600.0,395808600.0,56.28562951951023,38.28993943653317,0.19044389214719,0.1840913095381206,0.0063525826090694,6.672215486780236,7.003220829649447,6.3412101439110256,0.1666585642299234,0.1437133561762194,0.1698021581041672,6.851285092612822,6.774682309375836,6.672215486780236,6.8380456432523005,6.773153627180995,6.625151772016487,-0.0040080213975386,-0.0063949058858479,-0.0317749034219572,-0.0308857162659648,-0.2120003226115852,0.0,0.0,6.20424,4.19
2018-08-08,6.750090271952892,6.865983781647225,6.535263278373152,6.611583394513322,41829300.0,7.038410710704648,7.049717394577266,6.741610259048429,6.758570284857355,22959300.0,353979300.0,51.83750835129317,36.72046867330571,0.1658020759862974,0.180433462827756,-0.0146313868414585,6.686348841621009,6.979486886933033,6.393210796308985,0.1766680661744078,0.1524845696807885,0.150376644331347,6.845066416482882,6.757156949373278,6.686348841621009,6.762558227005975,6.743777221241418,6.623859545587614,-0.0418265149462606,-0.0264081972378091,-0.0310861735301735,-0.0219882008741458,-0.1469868903440332,0.0,0.0,6.20424,4.19
2018-08-09,6.59745003967255,6.653983459035639,6.444809807392208,6.586143355799932,41650800.0,6.750090271952892,6.865983781647225,6.535263278373152,6.611583394513322,41829300.0,312328500.0,51.08502560596288,34.7649687316702,0.1425769226183044,0.1728621547858657,-0.0302852321675612,6.689175512589162,6.977260160448722,6.401090864729602,0.2122206884163952,0.1556538080181804,0.147784306135992,6.797578344217887,6.754330278405123,6.689175512589162,6.703753269937295,6.715116518433875,6.620267527512596,-0.0228726616659913,-0.0313636411819506,-0.0139375078437815,-0.0038552200244328,-0.0254400387133904,0.0,0.0,6.20424,4.19
2018-08-10,6.670943484844567,6.670943484844567,6.3600096783475735,6.430676452551436,33253500.0,6.59745003967255,6.653983459035639,6.444809807392208,6.586143355799932,41650800.0,279075000.0,46.6302574718482,32.503360893651454,0.1103538509441461,0.1603604940175218,-0.0500066430733756,6.675890159038836,6.985148503437481,6.366631814640192,0.2036517859582491,0.1865719423619906,0.1586461832773523,6.671508819038197,6.724932900336316,6.675890159038836,6.6127276641420085,6.663400142818885,6.602211234659153,0.0110780851731544,0.0025456101994338,-0.0132452267500207,-0.0238882151746953,-0.1554669032484961,0.0,0.0,6.20424,4.19
2018-08-13,6.3600096783475735,6.495689884818988,6.3317429686660285,6.470249846105598,32502300.0,6.670943484844567,6.670943484844567,6.3600096783475735,6.430676452551436,33253500.0,311577300.0,47.87625485781509,30.25543396874421,0.0870071127827403,0.1456898177705655,-0.0586827049878252,6.667975480328003,6.989533251111178,6.346417709544829,0.129324444452885,0.2032236856888875,0.1649556558841486,6.571444666765528,6.7040155351719735,6.667975480328003,6.565235058129872,6.628281907052832,6.589643483368339,-0.0477314028211899,-0.0266224396109548,-0.0044543503493803,0.0061349885675157,0.0395733935541624,0.0,0.0,6.20424,4.19
2018-08-14,6.580490013863623,6.611583394513322,6.46459650416929,6.569183329991004,14079900.0,6.3600096783475735,6.495689884818988,6.3317429686660285,6.470249846105598,32502300.0,325657200.0,50.958789039785366,28.743727675613027,0.075616104529959,0.1316750751224442,-0.0560589705924851,6.656810130003794,6.97579590973851,6.337824350269077,0.0786048355625136,0.2076794315587475,0.1636362523154112,6.533567275792258,6.6924261842025405,6.656810130003794,6.56655114875025,6.6175367112234085,6.587694897332402,0.0340793136528625,0.017684308175478,0.0207650491736957,0.0151747980192351,0.0989334838854061,0.0,0.0,6.20424,4.19
2018-08-15,6.4730765170737525,6.6002767106407045,6.419369768678818,6.538089949341305,29539200.0,6.580490013863623,6.611583394513322,6.46459650416929,6.569183329991004,14079900.0,296118000.0,49.95880367763076,27.08215080073536,0.0633494197840152,0.1180099440547584,-0.0546605242707432,6.656668796455387,6.975862284662353,6.337475308248421,0.0662732283699852,0.2130277879398454,0.1637428045134472,6.518868586757856,6.681967501620369,6.656668796455387,6.557064082280602,6.603091845426662,6.582970616571345,-0.0164577123030431,-0.0017115964811811,-0.0070206519172226,-0.0047444557403626,-0.0310933806496986,0.0,0.0,6.20424,4.19
2018-08-16,6.552223304182078,6.620063407417786,6.4024097428698905,6.583316684831777,13022700.0,6.4730765170737525,6.6002767106407045,6.419369768678818,6.538089949341305,29539200.0,309140700.0,51.451136171379446,25.642899923409548,0.0566246693836243,0.1057328891205316,-0.0491082197369072,6.66203947129488,6.972377950603704,6.351700991986055,0.0655641441190411,0.2087879180171497,0.1592002807949399,6.518303252564223,6.657940798391056,6.66203947129488,6.565814949797661,6.599496361682137,6.583003575453291,0.0121529273514118,0.0029933740546648,-0.0026455041884241,0.0068936076529018,0.0452267354904716,0.0,0.0,6.20424,4.19
2018-08-17,6.441983136424053,6.526783265468688,6.3600096783475735,6.388276388029119,14249400.0,6.552223304182078,6.620063407417786,6.4024097428698905,6.583316684831777,13022700.0,294891300.0,45.19201437045636,24.045123204282763,0.0351519248020961,0.0916166962568445,-0.0564647714547483,6.6505914538738535,6.982816575546098,6.3183663322016095,0.0807211315305658,0.1690875415759001,0.1704278914272894,6.509823239659761,6.590666029348979,6.6505914538738535,6.506635429208147,6.561092730108861,6.564458129031941,-0.0169679946540128,-0.0141907348031673,-0.0066445427186685,-0.0300741776180093,-0.1950402968026585,0.0,0.0,6.20424,4.19
2018-08-20,6.292169575111867,6.425023110615126,6.221502800908005,6.4024097428698905,21613800.0,6.441983136424053,6.526783265468688,6.3600096783475735,6.388276388029119,14249400.0,316505100.0,45.7074380487309,22.88625616699933,0.0190554047918762,0.0771044379638508,-0.0580490331719746,6.647058115163661,6.988144783502246,6.305971446825076,0.0936946559256824,0.1136014644671966,0.1749737689501184,6.496255219012619,6.533849942889074,6.647058115163661,6.471893533762063,6.532241277883593,6.54902494939746,-0.0235304974101939,-0.0157139855019521,-0.022018413672004,0.0022099456508029,0.014133354840772,0.0,0.0,6.20424,4.19
2018-08-21,6.306302929952638,6.348702994474956,6.221502800908005,6.280862891239248,23869200.0,6.292169575111867,6.425023110615126,6.221502800908005,6.4024097428698905,21613800.0,292635900.0,42.045405460066895,21.81016534666472,-0.003469029588853,0.06098974445331,-0.0644587740421631,6.630380756451549,7.006989555498075,6.253771957405023,0.122029058638181,0.1089497414092133,0.1931962375132616,6.438591131262268,6.486079203527263,6.630380756451549,6.408216652921125,6.486536116675531,6.523485705763345,0.0022436625970421,-0.0119496885541545,0.0,-0.0191670677175592,-0.1215468516306428,0.0,0.0,6.20424,4.19
2018-08-22,6.1819294073538416,6.328916297697875,6.179102736385687,6.326089626729719,30529200.0,6.306302929952638,6.348702994474956,6.221502800908005,6.280862891239248,23869200.0,323165100.0,43.848155696345486,21.05284519757988,-0.0174690146105396,0.0452979926405401,-0.0627670072510797,6.607343388061089,6.998922516192332,6.215764259929847,0.1154687305875065,0.1098104978601627,0.2008758542955167,6.39619106673995,6.457529826748903,6.607343388061089,6.38084097752399,6.4573640275944735,6.504686079188714,-0.0199191737557644,-0.0031215186996336,-0.0068384127899778,0.0071749186722953,0.0452267354904716,0.0,0.0,6.20424,4.19
2018-08-23,6.340222981570492,6.357183007379419,5.961449071837793,6.001022465391955,22829400.0,6.1819294073538416,6.328916297697875,6.179102736385687,6.326089626729719,30529200.0,300335700.0,35.33934713764788,21.42032746748061,-0.0541698702799955,0.025404420056433,-0.0795742903364285,6.576674008056614,7.048994656319958,6.1043533597932695,0.1632949983315755,0.1719644648181084,0.2422953801805089,6.279732222851986,6.399017737708105,6.576674008056614,6.254234806813312,6.374392834466742,6.456718115969975,0.0252835138434404,0.0044563353605606,-0.0358594882577092,-0.0527524271686143,-0.3250671613377642,0.0,0.0,6.20424,4.19
2018-08-24,6.11126263314998,6.156489368640451,5.885128955697621,6.003849136360109,24497100.0,6.340222981570492,6.357183007379419,5.961449071837793,6.001022465391955,22829400.0,324832800.0,35.45663575403316,22.07748621549577,-0.0820812920488611,0.0039072776353741,-0.0859885696842353,6.540633953212645,7.068968626167421,6.01229928025787,0.1880384303630266,0.2116295998837729,0.2710299685537946,6.202846772518184,6.3563350060889725,6.540633953212645,6.170772916662244,6.307021252992808,6.413587736959512,-0.0367805363210547,-0.0320786484664099,-0.0128849313038605,0.0004709206585731,0.0028266709681536,0.0,0.0,6.20424,4.19
2018-08-27,5.995369123455646,6.221502800908005,5.995369123455646,6.148009355735987,12592500.0,6.11126263314998,6.156489368640451,5.885128955697621,6.003849136360109,24497100.0,337425300.0,41.30423258971144,22.201487585303315,-0.0915138552275456,-0.0151769489372097,-0.0763369062903358,6.514063246111992,7.064782615770563,5.963343876453422,0.1513866382169637,0.2168263207624186,0.2825130756718375,6.151966695091404,6.324110957052012,6.514063246111992,6.163185063020158,6.278109998946112,6.388294557795367,-0.0191460436344712,0.010504778033556,0.0185587053897682,0.023727561160955,0.1441602193758786,0.0,0.0,6.20424,4.19
2018-08-28,6.102782620245516,6.164969381544914,6.05472921378689,6.119742646054442,10606500.0,5.995369123455646,6.221502800908005,5.995369123455646,6.148009355735987,12592500.0,326818800.0,40.52887002953976,22.316631714410324,-0.1001160413366939,-0.0321647674171066,-0.0679512739195873,6.485796536430447,7.056186239967271,5.915406832893623,0.1331389032137168,0.2067282505294259,0.2926037440405252,6.119742646054442,6.279166888658355,6.485796536430447,6.148704257364921,6.24931593478399,6.362718185248612,0.0177574759501248,-0.0091283153248329,0.0098522964430118,-0.0046083030861943,-0.0282667096815449,0.0,0.0,6.20424,4.19
2018-08-29,6.159316039608606,6.35152966544311,6.13670267186337,6.3373963106023385,16705500.0,6.102782620245516,6.164969381544914,6.05472921378689,6.119742646054442,10606500.0,343524300.0,48.53938840126015,21.11643530442767,-0.0883520367991677,-0.0434022212935188,-0.0449498155056488,6.470532513202414,7.03964998422629,5.901415042178539,0.1375430325689853,0.1876612926009951,0.291951102531973,6.122003982828966,6.259097524784458,6.470532513202414,6.211601608444061,6.265330548569144,6.360306578139443,0.0092209044298126,0.0298125059837002,0.0134479188705975,0.0349479631955154,0.2176536645478961,0.0,0.0,6.20424,4.19
2018-08-30,6.24411616865324,6.246942839621395,6.080169252500281,6.108435962181825,15756300.0,6.159316039608606,6.35152966544311,6.13670267186337,6.3373963106023385,16705500.0,327768000.0,42.11322315358866,20.31251396174697,-0.0963930064879372,-0.0540003783324025,-0.0423926281555347,6.434775125455259,7.000526028808128,5.869024222102389,0.1213593578978213,0.1534711407166057,0.290224089756332,6.143486682186941,6.211609452519463,6.434775125455259,6.177213059689983,6.236804260135085,6.336318900429194,0.0136738684754973,-0.0166034776735304,-0.0092550406105615,-0.0367972471252195,-0.2289603484205136,0.0,0.0,6.20424,4.19
2018-08-31,6.133876000895215,6.241289497685085,6.023635833137191,6.198889433162768,14362500.0,6.24411616865324,6.246942839621395,6.080169252500281,6.108435962181825,15756300.0,342130500.0,45.19988263293735,19.8699986181779,-0.094378754211565,-0.062076053508235,-0.03230270070333,6.391668393190903,6.886978583797592,5.896358202584215,0.0933743167756285,0.1403742498618171,0.2540887665648169,6.182494741547472,6.192670757032828,6.391668393190903,6.184438517514245,6.229910655231027,6.323230379737153,-0.0178127568856119,-0.0009053871148128,-0.009341497169113,0.0146993919110023,0.0904534709809432,0.0,0.0,6.20424,4.19
2018-09-03,6.051902542818736,6.099955949277361,5.984062439583028,6.029289175073499,8649000.0,6.133876000895215,6.241289497685085,6.023635833137191,6.198889433162768,14362500.0,333481500.0,40.806265962430174,19.66992472546927,-0.1052544602903413,-0.0707117348646563,-0.034542725425685,6.344604321571131,6.786995847681865,5.902212795460397,0.11655348518813,0.1274212495581792,0.2269420644677638,6.158750705414975,6.155358700253189,6.344604321571131,6.132722070033997,6.193434022475112,6.295235979292995,-0.0134541579448224,-0.022905261578906,-0.006591360963752,-0.0277410299465377,-0.169600258089269,0.0,0.0,6.20424,4.53
2018-09-04,5.992542452487491,6.040595858946118,5.893608968602085,5.913395665379166,10763700.0,6.051902542818736,6.099955949277361,5.984062439583028,6.029289175073499,8649000.0,322717800.0,38.08216162405478,19.946190397176853,-0.1218208979027153,-0.0809335674722681,-0.0408873304304472,6.302345590597222,6.739931785858866,5.864759395335577,0.1616326941920597,0.1396094415913185,0.2244769817548774,6.11748130927992,6.118611977667181,6.302345590597222,6.059613268482387,6.142517957548576,6.2588702351107255,-0.0098569209236247,-0.0097788904989319,-0.0152311369019633,-0.0194088932865368,-0.1158935096943327,0.0,0.0,6.20424,4.53
2018-09-05,5.902088981506548,6.204542775099077,5.896435639570239,6.148009355735987,20918400.0,5.992542452487491,6.040595858946118,5.893608968602085,5.913395665379166,10763700.0,343636200.0,45.948672789467146,19.036758343646305,-0.1146964062269368,-0.0876861352232018,-0.027010271003735,6.279166888658355,6.697462239090723,5.860871538225987,0.1116874896823827,0.1202142246704414,0.2145809871607415,6.079603918306649,6.100803950567808,6.279166888658355,6.089078630900254,6.143516393582651,6.248312056122655,-0.0152094186635287,0.0267790701901238,0.0004795013278158,0.0389081183379707,0.234613690356821,0.0,0.0,6.20424,4.53
2018-09-06,6.19323609122646,6.258249523494013,6.0123291492645725,6.133876000895215,24672300.0,5.902088981506548,6.204542775099077,5.896435639570239,6.148009355735987,20918400.0,318963900.0,45.57305074293615,17.8512016273574,-0.10893490508675,-0.0919358891959115,-0.0169990158908385,6.25655352091312,6.654423500589734,5.858683541236506,0.1138871310626685,0.1151981615678094,0.2041029930463828,6.084691926049326,6.114089304118133,6.25655352091312,6.104011087565241,6.141763594912208,6.237413384196232,0.0481513905929373,0.0086187877593106,0.0194641796395194,-0.002301496988279,-0.014133354840772,0.0,0.0,6.20424,4.53
2018-09-10,6.300649588016329,6.3317429686660285,6.131049329927062,6.139529342831524,17513400.0,6.19323609122646,6.258249523494013,6.0123291492645725,6.133876000895215,24672300.0,336477300.0,45.76404051281455,16.852585980561425,-0.1027285062032312,-0.0940944125973754,-0.0086340936058557,6.241996165427124,6.634587590345648,5.8494047405086,0.1014180236328026,0.1085709890640111,0.2013951515903347,6.072819907983079,6.127657324765275,6.241996165427124,6.115850505987336,6.141357367261174,6.22809109454245,0.0171949937904021,0.0116750315805032,0.0195536956266373,0.0009212345193205,0.0056533419363082,0.0,0.0,6.20424,4.53
2018-09-11,6.040595858946118,6.040595858946118,5.842728891175304,5.94731571699702,29676900.0,6.300649588016329,6.3317429686660285,6.131049329927062,6.139529342831524,17513400.0,306800400.0,40.55344387207031,16.90437062120784,-0.1120285284413666,-0.0976812357661737,-0.0143472926751929,6.215849458971695,6.6137700423478645,5.817928875595525,0.1158176473512903,0.1220974263364272,0.204128952196523,6.056425216367782,6.107587960891379,6.215849458971695,6.0596722429905645,6.106077067213144,6.201350582395267,-0.042150078066721,-0.0470728895299377,-0.048167951145106,-0.0318081071962255,-0.1922136258345039,0.0,0.0,6.20424,4.53
2018-09-12,5.989715781519338,6.04907587185058,5.896435639570239,6.029289175073499,22777500.0,6.040595858946118,6.040595858946118,5.842728891175304,5.94731571699702,29676900.0,329577900.0,43.50755761915699,16.897884549585505,-0.1114989990270656,-0.1004447884183521,-0.0110542106087135,6.18885475122582,6.559553977975794,5.818155524475847,0.0883848981942298,0.1244252627571638,0.1901646908900895,6.079603918306649,6.098542613793284,6.18885475122582,6.049544553684877,6.092115632278663,6.184963781697956,-0.0084586970508486,0.0014028526967491,0.0091500758789493,0.0136891446137501,0.0819734580764794,0.0,0.0,6.20424,4.53
2018-09-13,5.981235768614874,6.04907587185058,5.936009033124402,6.003849136360109,23761200.0,5.989715781519338,6.04907587185058,5.896435639570239,6.029289175073499,22777500.0,305816700.0,42.79676863667496,16.89186176879334,-0.1118428864884162,-0.1027244080323649,-0.0091184784560512,6.16214271057676,6.504218952131617,5.820066469021904,0.0838907179951777,0.0943546551605736,0.1754814092989674,6.050771874431473,6.0651878963690615,6.16214271057676,6.034312747909954,6.07606717847529,6.167714767856257,-0.0014167652901091,0.0,0.0066889881507967,-0.0042283361095212,-0.0254400387133904,0.0,0.0,6.20424,4.53
2018-09-14,5.969929084742256,6.1677960525130695,5.969929084742256,6.119742646054442,28387500.0,5.981235768614874,6.04907587185058,5.936009033124402,6.003849136360109,23761200.0,334204200.0,47.041386708333846,16.089973803477207,-0.1015926848772377,-0.1024980634013394,0.0009053785241017,6.138964008637894,6.421363009908012,5.856565007367776,0.0805626020901461,0.0949960525267041,0.1448676309768043,6.047945203463319,6.0663185647563225,6.138964008637894,6.062789380624784,6.084008172580591,6.163145994351322,-0.0018921481520377,0.0194360583771191,0.0056980211146377,0.0191192580747607,0.1158935096943336,0.0,0.0,6.20424,4.53
2018-09-17,6.074515910563971,6.2667295363984765,6.074515910563971,6.249769510589549,14457300.0,5.969929084742256,6.1677960525130695,5.969929084742256,6.119742646054442,28387500.0,348661500.0,51.39875353133991,15.131443509299444,-0.0820316353343146,-0.0984047777879345,0.0163731424536198,6.132038664765915,6.395821897205713,5.868255432326117,0.1181906815995296,0.1038367233850434,0.1353179430631394,6.069993237014923,6.071406572499001,6.132038664765915,6.125116090613039,6.114146597673128,6.171395853040677,0.0173672518163581,0.0159130432232954,0.0173672518163581,0.0210245404208562,0.1300268645351066,0.0,0.0,6.20424,4.53
2018-09-18,6.26955620736663,6.3373963106023385,6.207369446067232,6.275209549302939,18746400.0,6.074515910563971,6.2667295363984765,6.074515910563971,6.249769510589549,14457300.0,367407900.0,52.226962134606296,14.639129717729883,-0.0637417884693114,-0.0914721799242099,0.0277303914548984,6.125678655087567,6.368370375763727,5.882986934411407,0.1239326800387437,0.120532467388213,0.1244982258220187,6.135572003476108,6.095998609921946,6.125678655087567,6.175147243509673,6.14343077069673,6.1812828717323205,0.031603271267802,0.0112133940157939,0.0216349059869109,0.0040622940088788,0.0254400387133904,0.0,0.0,6.20424,4.53
2018-09-19,6.221502800908005,6.362836349315729,6.204542775099077,6.246942839621395,12763500.0,6.26955620736663,6.3373963106023385,6.207369446067232,6.275209549302939,18746400.0,354644400.0,51.183293264334274,14.324208591143316,-0.0509406284389131,-0.0833658696271505,0.0324252411882374,6.123982652506674,6.362755215096836,5.885210089916512,0.1151846742394134,0.1100846313986499,0.1224877401447016,6.179102736385687,6.129353327346168,6.123982652506674,6.199079108880247,6.16225114686485,6.18753620200747,-0.0076940863838506,0.004006237274627,-0.0004554771201497,-0.0045146803545264,-0.0282667096815441,0.0,0.0,6.20424,4.53
2018-09-20,6.365663020283883,6.430676452551436,6.326089626729719,6.413716426742509,24045900.0,6.221502800908005,6.362836349315729,6.204542775099077,6.246942839621395,12763500.0,378690300.0,56.68326405961469,14.407926330688928,-0.0270268336767864,-0.0720980624370777,0.0450712287602912,6.128363992507314,6.384401564487946,5.872326420526682,0.1046441075197244,0.1424086197361186,0.1313445030862862,6.261076194462167,6.15592403444682,6.128363992507314,6.270624881501002,6.207972106842607,6.20907717579176,0.0229069077331192,0.0106054904783183,0.0194005633625988,0.0263466902680431,0.1667735871211135,0.0,0.0,6.20424,4.53
2018-09-21,6.444809807392208,6.611583394513322,6.4024097428698905,6.444809807392208,33145500.0,6.365663020283883,6.430676452551436,6.326089626729719,6.413716426742509,24045900.0,411835800.0,57.6414684544218,15.355903741973169,-0.0055025728434996,-0.0587789645183621,0.0532763916748624,6.150553359607327,6.434049715955267,5.867057003259386,0.0954603238172384,0.1685964364987892,0.145430562254003,6.32608962672972,6.18701741509652,6.150553359607327,6.328686523464738,6.251033506942534,6.23152790261085,0.0123567326889055,0.0277434351991281,0.0119921490452639,0.0048362371686447,0.0310933806496995,0.0,0.0,6.20424,4.53
2018-09-24,6.486850230193779,6.495385559444034,6.296227876938085,6.452708913192759,26945400.0,6.444809807392208,6.611583394513322,6.4024097428698905,6.444809807392208,33145500.0,438781200.0,57.89627910893612,15.47446326878067,0.0120539997574784,-0.044612371663194,0.0566663714206724,6.17299634844896,6.476822948599055,5.869169748298865,0.0980070112850846,0.186890204375852,0.1558597572708147,6.366677507250363,6.218335372132644,6.17299634844896,6.3700273200407445,6.287701762624392,6.252592760761508,0.0065019604267193,-0.0177311596276639,-0.0167237374393651,0.0012249033258755,0.0078991058005506,0.0,0.0,6.20424,4.53
2018-09-25,6.341749632939444,6.455554022942844,6.307608315938425,6.36166540119004,22347300.0,6.486850230193779,6.495385559444034,6.296227876938085,6.452708913192759,26945400.0,416433900.0,53.8736599042249,15.584554257959066,0.0184090514103631,-0.0320080870484825,0.0504171384588457,6.1836791507216615,6.498080878186144,5.869277423257179,0.0845359510136406,0.164747218524998,0.1612846831183676,6.383968677627783,6.2597703405519445,6.1836791507216615,6.3672400137571765,6.301149696909056,6.262980631278511,-0.0226223885626175,-0.0061511617499536,0.0018058695652618,-0.0142098305726527,-0.0910435120027193,0.0,0.0,6.20424,4.53
2018-09-26,6.39580671819106,6.577893742196499,6.392961608440975,6.464089352193099,17251800.0,6.341749632939444,6.455554022942844,6.307608315938425,6.36166540119004,22347300.0,433685700.0,57.45498812084716,16.28189194749217,0.0313488623134619,-0.0193366971760936,0.0506855594895555,6.200896486028594,6.536412656405528,5.865380315651661,0.0412250793879201,0.1541984239654679,0.1721161637906235,6.427397980142123,6.303250358263905,6.200896486028594,6.399523126569152,6.330775088778881,6.282133842794186,0.0084878776277128,0.0187737450124263,0.0134410625690175,0.015971945566052,0.1024239510030593,0.0,1.0,6.20424,4.53
2018-09-27,6.444173583942504,6.717304119950663,6.444173583942504,6.657556815198879,39508200.0,6.39580671819106,6.577893742196499,6.392961608440975,6.464089352193099,17251800.0,473193900.0,63.2579487215989,17.514343412107632,0.0565629406988188,-0.0041567696011111,0.06071971029993,6.216904511258422,6.603592193921339,5.830216828595504,0.1091928410255308,0.1517135408854342,0.1983665957150636,6.476166057833398,6.368621126147782,6.216904511258422,6.485534356112394,6.390189948127972,6.317888411594633,0.0075338269035527,0.0209723072932446,0.0079787657318053,0.0294904285107051,0.1934674630057795,0.0,0.0,6.20424,4.53
2018-09-28,6.5238366569448845,6.697388351700068,6.49254044969395,6.657556815198879,21628500.0,6.444173583942504,6.717304119950663,6.444173583942504,6.657556815198879,39508200.0,494822400.0,63.2579487215989,18.658762629250564,0.0756729685996102,0.0118091780390331,0.0638637905605771,6.244360553909274,6.672138337550367,5.816582770268182,0.1328151353147128,0.1489861712048703,0.2194453727593638,6.518715459394731,6.4224025430622245,6.244360553909274,6.54287517580789,6.438802105777228,6.350237783366466,0.0122862449407701,-0.0029692492652908,0.0074774925048866,0.0,0.0,0.0,0.0,6.20424,4.53
2018-10-01,6.657556815198879,6.666092144449133,6.42994803519208,6.484005120443694,22092000.0,6.5238366569448845,6.697388351700068,6.49254044969395,6.657556815198879,21628500.0,472730400.0,55.39695966245765,19.206060851364523,0.0759382630303049,0.0246349950372874,0.0513032679930174,6.258616338273321,6.69822218640896,5.819010490137683,0.1296258979193452,0.136739002986443,0.2255130418185992,6.5249747008449175,6.44582610404764,6.258616338273321,6.523251824019825,6.447020835716585,6.362977529754773,0.0202899254938424,-0.0046838493124263,-0.0096874381556892,-0.0264141791060628,-0.1735516947551847,0.0,0.0,6.20424,4.56
2018-10-02,6.751445436951683,6.9420677902073775,6.674627473699389,6.845334058704488,31729800.0,6.657556815198879,6.666092144449133,6.42994803519208,6.484005120443694,22092000.0,504460200.0,65.11641218222803,20.78880158005228,0.10410468236826,0.040528932503482,0.0635757498647781,6.29941858245487,6.79431590143264,5.804521263477101,0.1552293548331387,0.1720046497752168,0.2538769678880861,6.621708432347807,6.502838554987795,6.29941858245487,6.630612568914713,6.519441421714385,6.408916246797603,0.0140040480840164,0.0405658797794519,0.0373469369470891,0.0542288672889399,0.3613289382607938,0.0,0.0,6.20424,4.56
2018-10-03,7.112774375212477,7.240804313966302,6.910771582956443,6.9420677902073775,28471800.0,6.751445436951683,6.9420677902073775,6.674627473699389,6.845334058704488,31729800.0,532932000.0,67.17844856904534,23.063707577903745,0.1327026626262242,0.0589636785280304,0.0737389840981937,6.3508521886962805,6.886705298485573,5.814999078906988,0.1792193325967624,0.1958996994310676,0.2748868452706616,6.717304119950663,6.572351050046393,6.3508521886962805,6.734430976012268,6.596282579622201,6.459692584265201,0.0521357544205285,0.0421326106973756,0.0347678997887515,0.0140324217526233,0.0967337315028897,0.0,0.0,6.20424,4.56
2018-10-04,6.870940046455253,6.967673777958142,6.751445436951683,6.893700924455933,23672100.0,7.112774375212477,7.240804313966302,6.910771582956443,6.9420677902073775,28471800.0,509259900.0,65.10615206529368,24.091923387492624,0.1497378810860379,0.0771185190396319,0.0726193620464059,6.388136767132278,6.964579221433445,5.811694312831111,0.1903099845337351,0.2109377255132661,0.2957087396679169,6.764532941802074,6.620349499817737,6.388136767132278,6.787520958826823,6.650358642319243,6.501026711902414,-0.0345914447696189,-0.0384508720324554,-0.0233246725664089,-0.0069915974707217,-0.0483668657514444,0.0,0.0,6.20424,4.56
2018-10-05,7.027421082709927,7.0843232777116265,6.785586753952703,6.913616692706528,25306200.0,6.870940046455253,6.967673777958142,6.751445436951683,6.893700924455933,23672100.0,534566100.0,65.57702542722518,25.371491776623028,0.1629668698698596,0.0942881892056775,0.0686786806641821,6.427123801722843,7.034167515670118,5.820080087775567,0.1887725495138225,0.2195110702444075,0.3114068546396388,6.815744917303604,6.667230188349167,6.427123801722843,6.829552870120058,6.698223742389658,6.54032099578852,0.0225188635353497,0.0166029325065855,0.0050441468866782,0.0028848155180685,0.0199157682505948,0.0,1.0,6.20424,4.56
2018-10-08,7.511089740224375,7.604978361977181,6.998969985209078,7.055872180210778,106448100.0,7.027421082709927,7.0843232777116265,6.785586753952703,6.913616692706528,25306200.0,641014200.0,68.8142180632571,27.63244951007631,0.1828223060128522,0.1119950125671124,0.0708272934457397,6.472940943591806,7.123039412148671,5.822842475034941,0.0786506906535181,0.2362457800479212,0.3334934777315276,6.930118329257022,6.727546515050969,6.472940943591806,6.904992640150299,6.763250731084407,6.589421108590639,0.0665607665183389,0.070918726680166,0.0309622256039667,0.0203673028244337,0.1422554875042498,0.0,0.0,6.20424,4.56
2018-10-09,7.035956411960183,7.246494533466471,6.950603119457632,7.175366789714347,35559600.0,7.511089740224375,7.604978361977181,6.998969985209078,7.055872180210778,106448100.0,676573800.0,71.2592379522178,29.44865887434601,0.2058274478401216,0.1307614996217143,0.0750659482184073,6.534343497227672,7.205887213259316,5.862799781196029,0.118234765062037,0.2363546373249072,0.3444946575636431,6.996124875458993,6.8089166539034,6.534343497227672,6.995117356671649,6.838180923562577,6.64522545917385,-0.0653469286189454,-0.0482852411594623,-0.0069345576686681,0.0167936773658368,0.1194946095035689,0.0,0.0,6.20424,4.56
2018-10-10,7.0302661924600125,7.192437448214857,6.998969985209078,7.055872180210778,25079400.0,7.035956411960183,7.246494533466471,6.950603119457632,7.175366789714347,35559600.0,651494400.0,65.7110772870841,31.135138998310737,0.2119734738943632,0.1470038944762441,0.0649695794181191,6.585672647484536,7.251866835125585,5.919478459843487,0.1161627336966268,0.2133937684397319,0.3417504074023358,7.0188857534596725,6.868094936705168,6.585672647484536,7.015368964518025,6.877761152044068,6.684334670701177,-0.0008090615328062,-0.0074877197127087,0.0069345576686681,-0.0167936773658368,-0.1194946095035689,0.0,0.0,6.20424,4.56
2018-10-11,7.112774375212477,7.112774375212477,6.757135656451854,6.805502522203299,46221000.0,7.0302661924600125,7.192437448214857,6.998969985209078,7.055872180210778,25079400.0,605273400.0,55.89190591489242,31.304626859780985,0.19440057601724,0.1564832307844433,0.0379173452327967,6.625755316776695,7.241668889675297,6.009841743878094,0.1434228827072458,0.2019996755233543,0.3159569962746931,7.001246073009145,6.8828895074056105,6.625755316776695,6.94541348374645,6.864623219345745,6.695874466082332,0.0116678048676819,-0.0111377444104561,-0.0351639124576668,-0.0361287240885055,-0.2503696580074788,0.0,0.0,6.20424,4.56
2018-10-15,6.927842241456953,6.976209107208398,6.794122083202958,6.905081363456273,26835300.0,7.112774375212477,7.112774375212477,6.757135656451854,6.805502522203299,46221000.0,632108700.0,58.54517555945745,31.46200844543193,0.1863608561733807,0.1624587558622308,0.0239021003111499,6.665022252646788,7.246035852964931,6.084008652328644,0.1447710829536677,0.1858391288491515,0.2980536880967356,6.999539007159095,6.90764196223135,6.665022252646788,6.931969443649725,6.871979245547658,6.715798932498898,-0.0263439753396017,-0.0193867138001899,0.005458758043751,0.0145260906560789,0.0995788412529741,0.0,0.0,6.20424,4.56
2018-10-16,6.967673777958142,7.152605911713668,6.959138448707888,7.087168387461713,28755000.0,6.927842241456953,6.976209107208398,6.794122083202958,6.905081363456273,26835300.0,660863700.0,62.93569197766598,32.07131701201421,0.1924636205334868,0.168459728796482,0.0240038917370048,6.706892196490395,7.282842662099555,6.130941730881236,0.1484454927126472,0.1188867842720312,0.2954563547941816,7.005798248609283,6.967958288933152,6.706892196490395,6.983702424920388,6.911104544077485,6.751167452019166,0.0057330214354773,0.0249710920940908,0.0239978417346249,0.0260283095355791,0.1820870240054395,0.0,0.0,6.20424,4.56
2018-10-17,7.055872180210778,7.192437448214857,7.055872180210778,7.163986350714007,34313700.0,6.967673777958142,7.152605911713668,6.959138448707888,7.087168387461713,28755000.0,695177400.0,64.63728090191097,32.73639645850188,0.2011795997014624,0.1750037029774781,0.0261758967239843,6.75133103656095,7.324337780322896,6.1783242927990045,0.1452483561554391,0.1249190751900333,0.2939462573492806,7.003522160809214,6.999823518134103,6.75133103656095,7.043797066851594,6.957083054375033,6.790483537609151,0.0125787822068603,0.0055533661165552,0.0138045229119103,0.010780699342112,0.076817963252294,0.0,0.0,6.20424,4.56
2018-10-18,7.132690143463072,7.166831460464093,6.905081363456273,6.924997131706868,42080100.0,7.055872180210778,7.192437448214857,7.055872180210778,7.163986350714007,34313700.0,653097300.0,56.020484707443735,32.48251291483964,0.1866510462547035,0.1773331716329232,0.0093178746217803,6.785233751165222,7.313333783398484,6.257133718931961,0.1452483561554386,0.1259087418094049,0.2709096004033992,6.977347151108432,6.998116452284053,6.785233751165222,7.004197088470019,6.951249250253548,6.803294356094648,0.0108282589992654,-0.0035664789141378,-0.0216026334324266,-0.0339289410568199,-0.2389892190071387,0.0,0.0,6.20424,4.56
2018-10-19,7.013195533959502,7.047336850960522,6.7884318637027885,6.833953619704148,20832300.0,7.132690143463072,7.166831460464093,6.905081363456273,6.924997131706868,42080100.0,632265000.0,53.115528275685016,31.62790017912398,0.1658784687078274,0.175042231047904,-0.0091637623400766,6.806245610813304,7.30623896247924,6.306252259147367,0.13716557078826,0.1326511550742392,0.256491177497875,6.983037370608602,6.992141721808873,6.806245610813304,6.947449265548062,6.929922771971839,6.806214285962219,-0.0168950116815029,-0.0168138468632508,-0.0170376030687398,-0.0132342709075437,-0.0910435120027202,0.0,0.0,6.20424,4.56
2018-10-22,6.899391143956103,7.098548826462052,6.879475375705508,7.0416466314603525,19604700.0,7.013195533959502,7.047336850960522,6.7884318637027885,6.833953619704148,20832300.0,651869700.0,58.413424916998544,31.00882413903624,0.1642814078216492,0.1728900664026531,-0.0086086585810038,6.836087452016711,7.317114239077372,6.35506066495605,0.1312302053264861,0.1303893101638815,0.2467615351486565,7.010350424209418,7.004944715684256,6.836087452016711,6.978848387518826,6.950236200969751,6.828636414104898,-0.0163602831052069,0.0072405786962594,0.0133224285168764,0.0299386723628618,0.2076930117562048,0.0,0.0,6.20424,4.56
2018-10-23,6.876630265955424,7.146915692213497,6.848179168454573,7.092858606961882,18764100.0,6.899391143956103,7.098548826462052,6.879475375705508,7.0416466314603525,19604700.0,670633800.0,59.62492141559784,30.60077429315915,0.1652432822918976,0.171360709580502,-0.0061174272886043,6.868094936705168,7.327528629376692,6.408661244033644,0.1320848138351055,0.1325019060262108,0.2356845114497637,7.011488468109451,7.008643358359366,6.868094936705168,7.0168517939998445,6.976167547513774,6.85380043247223,-0.0033044226681002,0.0067905194024704,-0.004559593391666,0.0072464085207673,0.0512119755015296,0.0,0.0,6.20424,4.56
2018-10-24,7.115619484962562,7.126999923962902,6.9420677902073775,6.953448229207718,16065300.0,6.876630265955424,7.146915692213497,6.848179168454573,7.092858606961882,18764100.0,654568500.0,54.9333995696451,30.22187086484471,0.1529927175427072,0.167687111172943,-0.0146943936302358,6.897684078106051,7.294849170764277,6.500518985447825,0.1012835095102296,0.1194132929854971,0.2037413936356173,6.969380843808193,6.986451502308704,6.897684078106051,6.995717272402469,6.972036762367218,6.86329069882799,0.0341635501741359,-0.0027905140691242,0.0136168805041754,-0.0198507632320719,-0.1394103777541637,0.0,0.0,6.20424,4.56
2018-10-25,7.038801521710267,7.166831460464093,6.961983558457972,6.970518887708228,36433200.0,7.115619484962562,7.126999923962902,6.9420677902073775,6.953448229207718,16065300.0,691001700.0,55.39620409507248,30.020172465914182,0.1430129519068552,0.1627522793197255,-0.0197393274128702,6.923005554881807,7.267440609299687,6.578570500463927,0.0982984389308534,0.116924434338442,0.1766914547660084,6.978485195008465,6.977916173058449,6.923005554881807,6.987317810837722,6.9717607851564924,6.873502907292775,-0.0108543779251859,0.0055732628336451,0.0028647451554242,0.0024519832472866,0.0170706585005095,0.0,0.0,6.20424,4.56
2018-10-26,7.081478167961542,7.340383155219277,7.018885753459673,7.192437448214857,38415900.0,7.038801521710267,7.166831460464093,6.961983558457972,6.970518887708228,36433200.0,729417600.0,61.00285648414665,30.437708831041785,0.1512671750883329,0.160455258473447,-0.009188083385114,6.949749586532607,7.290631730601855,6.608867442463359,0.0972553233972018,0.1175504416103333,0.1748688502137102,7.050181960710608,7.016609665659604,6.949749586532607,7.055691023296768,7.011883814803468,6.90387762547583,0.0060447494151587,0.0239274015630528,0.008140053086685,0.0313404517279753,0.2219185605066291,0.0,0.0,6.20424,4.56
2018-10-29,7.4826386427235265,7.522470179224716,7.013195533959502,7.104239045962222,86231400.0,7.081478167961542,7.340383155219277,7.018885753459673,7.192437448214857,38415900.0,643186200.0,57.8884485594836,31.35881416640973,0.1489745466310097,0.1581591161049595,-0.0091845694739498,6.972083698070774,7.291306913835987,6.652860482305561,0.0998751048387845,0.1133514322581721,0.1637580544290584,7.062700443610981,7.0365254339102,6.972083698070774,7.071873697518587,7.028675675014149,6.922959665522153,0.0551028228042185,0.0245035230559138,-0.0008110300525663,-0.0123384649869748,-0.0881984022526349,0.0,0.0,6.20424,4.56
2018-10-30,7.277790740717406,7.539540837725226,7.226578765215876,7.539540837725226,61984500.0,7.4826386427235265,7.522470179224716,7.013195533959502,7.104239045962222,86231400.0,705170700.0,66.87666955304176,32.261155294389894,0.1802055413805146,0.1625684011600706,0.0176371402204439,7.02486048393485,7.352761820406936,6.696959147462763,0.2379403233232122,0.1959684297448183,0.1682098364200752,7.15203688976365,7.081762678936551,7.02486048393485,7.227762744254134,7.121560250052526,6.981681681922445,-0.0277581430330224,0.0022667180086908,0.0299722735357916,0.0594696287004945,0.4353017917630035,0.0,1.0,6.20424,4.56
2018-10-31,7.639119678978201,7.647655008228456,7.454187545222676,7.593597922976841,35461200.0,7.277790740717406,7.539540837725226,7.226578765215876,7.539540837725226,61984500.0,740631900.0,67.79591259333404,33.392799439047856,0.2069328911743522,0.1714412991629269,0.0354915920114252,7.062273677148468,7.462482130078727,6.6620652242182095,0.2738807923700485,0.2543817349419864,0.2053026045139681,7.280066828517475,7.124723836162834,7.062273677148468,7.34970780382837,7.207385281493311,7.03995941916572,0.0484550248041772,0.0142377826627724,0.0310102367425602,0.0071442304242563,0.0540570852516149,0.0,0.0,6.20424,4.56
2018-11-01,7.61066858147735,7.994758397738825,7.494019081723866,7.826896922483811,72680700.0,7.639119678978201,7.647655008228456,7.454187545222676,7.593597922976841,35461200.0,813312600.0,71.47520136649698,35.194148754637254,0.2441256593076932,0.1859781711918802,0.058147488115813,7.106515133762291,7.622632785343741,6.59039748218084,0.2985671239586477,0.3256113168708293,0.2647627688257982,7.451342435472592,7.214913815240528,7.106515133762291,7.508770843380184,7.320023761673401,7.114905848053158,-0.0037313476128582,0.0443870606847514,0.0053292855480839,0.0302606115200503,0.23329899950697,0.0,0.0,6.20424,4.05
2018-11-05,7.767149617732025,7.917940434486529,7.693176764229815,7.767149617732025,22025400.0,7.61066858147735,7.994758397738825,7.494019081723866,7.826896922483811,72680700.0,791287200.0,69.29184255016878,36.86683026197026,0.2657170669042417,0.2019259503343525,0.0637911165698891,7.150187568426095,7.730685553626343,6.569689583225848,0.2842590712788449,0.3377955991039545,0.2977891831222514,7.566284869376025,7.308233415043316,7.150187568426095,7.594897101497464,7.401319371865878,7.177024302308288,0.0203522288488984,-0.0096550008019007,0.0262285548596281,-0.0076628727455689,-0.0597473047517853,0.0,0.0,6.20424,4.05
2018-11-06,7.681796325229476,7.73585341048109,7.582217483976501,7.676106105729305,19696500.0,7.767149617732025,7.917940434486529,7.693176764229815,7.767149617732025,22025400.0,771590700.0,65.98415301004309,37.62896632416072,0.272342566862525,0.216009273639987,0.0563332932225379,7.188312039077235,7.800920327871888,6.575703750282581,0.118723262914163,0.3417212512314158,0.3142614213056225,7.680658281329441,7.371679362470212,7.188312039077235,7.621966769574746,7.451280596204683,7.2245559026340995,-0.0110498361865851,-0.0232653168934202,-0.0145281005629094,-0.0117908514113045,-0.0910435120027202,0.0,0.0,6.20424,4.05
2018-11-07,7.738698520231175,7.75861428848177,7.391595130720806,7.411510898971401,20401800.0,7.681796325229476,7.73585341048109,7.582217483976501,7.676106105729305,19696500.0,751188900.0,57.407309658431146,37.13104567900428,0.2533225566968742,0.2234719302513644,0.0298506264455097,7.206093975015264,7.822924267304314,6.589263682726214,0.1625028462252861,0.3273890535002323,0.3164272633994616,7.655052293578677,7.403544591671164,7.206093975015264,7.551814812706965,7.444049742162267,7.24236114038051,0.0073801072976227,0.002937938213118,-0.0254621393694001,-0.0350780825802337,-0.264595206757904,0.0,0.0,6.20424,4.05
2018-11-08,7.425736447721826,7.49117397197378,7.257874972466812,7.408665789221316,21759000.0,7.738698520231175,7.75861428848177,7.391595130720806,7.411510898971401,20401800.0,729429900.0,57.32103096503084,35.92626428342706,0.2353070122656957,0.2258389466542307,0.0094680656114649,7.217758924990614,7.840618107513058,6.5948997424681695,0.1973058483481754,0.2870093919549317,0.3195200188327418,7.618065866827573,7.449066347672525,7.217758924990614,7.504098471545083,7.437616296173003,7.258199678365349,-0.041281658973304,-0.0350782233492794,-0.0182564790887334,-0.0003839508590073,-0.0028451097500852,0.0,0.0,6.20424,4.05
2018-11-09,7.360298923469871,7.454187545222676,7.203817887215197,7.246494533466471,21655200.0,7.425736447721826,7.49117397197378,7.257874972466812,7.408665789221316,21759000.0,707774700.0,52.47947061681991,34.51999259960825,0.2055739697335799,0.2217859512701006,-0.0162119815365207,7.227290042653399,7.845767104353131,6.608812980953667,0.2137754958498576,0.2462566259459032,0.3172720382825793,7.501985389024104,7.476663912248346,7.227290042653399,7.418230492185547,7.402866884771814,7.2570849026606945,-0.0088513181307099,-0.0049495627411668,-0.0074759348777446,-0.022132528349003,-0.1621712557548447,0.0,0.0,6.20424,4.05
2018-11-12,7.274945630967322,7.385904911220637,7.118464594712648,7.363144033219956,15531300.0,7.360298923469871,7.454187545222676,7.203817887215197,7.246494533466471,21655200.0,723306000.0,55.39771809766395,32.76704051764886,0.1892415008385128,0.215277061183783,-0.0260355603452701,7.255172118204231,7.8446757688882,6.665668467520263,0.1574171225877979,0.2297266343242613,0.3024089920384603,7.42118427212169,7.493734570748856,7.255172118204231,7.399868339197017,7.395644548126022,7.267185772237767,-0.0116642068948424,-0.0092025189311617,-0.0119190922372103,0.0159691806413342,0.1166494997534846,0.0,0.0,6.20424,4.05
2018-11-13,7.354608703969702,7.457032654972761,7.240804313966302,7.249339643216557,27731700.0,7.274945630967322,7.385904911220637,7.118464594712648,7.363144033219956,15531300.0,695574300.0,52.04003832131682,31.435736972757415,0.1652103957969375,0.2052637281064139,-0.0400533323094764,7.272385032192245,7.839679940312165,6.705090124072325,0.0825228975252171,0.2057197762610107,0.2910161474895874,7.335830979619141,7.50824463047429,7.272385032192245,7.349692107203531,7.369043656324301,7.265486140902414,0.010890811651343,0.0095841254994257,0.0170402379577665,-0.015576638928737,-0.1138043900033984,0.0,0.0,6.20424,4.05
2018-11-14,7.277790740717406,7.425736447721826,7.249339643216557,7.365989142970042,16444500.0,7.354608703969702,7.457032654972761,7.240804313966302,7.249339643216557,27731700.0,712018800.0,55.047562928950974,30.19952653821537,0.1538052405931678,0.1949720306037647,-0.0411667900105969,7.286326069967662,7.848409166542909,6.724242973392414,0.0741750177510514,0.2100610464617525,0.2883425445795967,7.326726628418868,7.490889460998773,7.286326069967662,7.355124452459035,7.36848829025989,7.275057855385046,-0.0104998048037416,-0.0042057030066673,0.0011780877074309,0.0159629630594837,0.1166494997534846,0.0,0.0,6.20424,4.05
2018-11-16,7.380214691720467,7.70740231298024,7.323312496718766,7.653345227728625,22752600.0,7.277790740717406,7.425736447721826,7.249339643216557,7.365989142970042,16444500.0,734771400.0,61.45925514130922,30.1233694282559,0.1660398039260187,0.1891855852682155,-0.0231457813421968,7.310794013818392,7.891732820752297,6.729855206884487,0.1658310969404445,0.2141174815388437,0.298015319900182,7.375662516120331,7.496864191473951,7.310794013818392,7.454531377548898,7.420280460708751,7.311085224179672,0.0139753827376012,0.0372293417683562,0.0101523714640179,0.038269492844347,0.2873560847585832,0.0,0.0,6.20424,4.05
2018-11-19,7.681796325229476,7.71878275198058,7.459877764722846,7.519625069474631,13434600.0,7.380214691720467,7.70740231298024,7.323312496718766,7.653345227728625,22752600.0,721336800.0,57.35925304135837,30.09084733361147,0.163065961389603,0.183961660492493,-0.02089569910289,7.340525410706782,7.899907488244089,6.781143333169474,0.1574171225877983,0.1809762163530506,0.2869569510488485,7.430288623321962,7.466137006173032,7.340525410706782,7.476229274857476,7.438343116848001,7.3309461618268115,0.0400506871160311,0.0014754705738364,0.0184762761675731,-0.0176265579915955,-0.1337201582539942,0.0,0.0,6.20424,4.05
2018-11-21,7.394440240470891,7.573682154726246,7.317622277218597,7.5480761669754814,24077100.0,7.681796325229476,7.71878275198058,7.459877764722846,7.519625069474631,13434600.0,745413900.0,58.00123108134928,29.20660401437388,0.1611473294435956,0.1793987942827136,-0.0182514648391179,7.376231538070348,7.891111199683001,6.861351876457695,0.1594099530896502,0.1513192482586253,0.2641276933717558,7.467275050073067,7.444229661097379,7.376231538070348,7.500178238896812,7.458294580507543,7.351625209936208,-0.0381250173509299,-0.0189773137038749,-0.0192535789661352,0.0037764395334503,0.0284510975008505,0.0,0.0,6.20424,4.05
2018-11-22,7.596443032726926,7.596443032726926,7.485483752473611,7.533850618225056,6041700.0,7.394440240470891,7.573682154726246,7.317622277218597,7.5480761669754814,24077100.0,739372200.0,57.53480726406045,28.47744843748877,0.1566728893639988,0.1748536132989706,-0.0181807239349718,7.400841737408582,7.896076793958509,6.905606680858655,0.1029481645163842,0.1326311518840578,0.2540502236069457,7.524177245074767,7.430004112346954,7.400841737408582,7.51140236533956,7.472032041910726,7.368980010725622,0.026951716752805,0.0030007524392385,0.0226801956827829,-0.0018864370808406,-0.0142255487504252,0.0,0.0,6.20424,4.05
2018-11-23,7.5480761669754814,7.553766386475651,7.383059801470551,7.4826386427235265,10636800.0,7.596443032726926,7.596443032726926,7.485483752473611,7.533850618225056,6041700.0,728735400.0,55.795291991128536,27.201528834220877,0.1472965420893892,0.1693421990570544,-0.0220456569676651,7.420330739196666,7.895836681839969,6.944824796553364,0.0639801863634803,0.133433995878408,0.2439294017199365,7.547507145025465,7.437116886722165,7.420330739196666,7.501814457800882,7.47396051478578,7.37980464234447,-0.0063873972565557,-0.0056338177182562,-0.0137774854403038,-0.0068207918850884,-0.0512119755015296,0.0,0.0,6.20424,4.05
2018-11-26,7.539540837725226,7.661880556978881,7.397285350220976,7.494019081723866,20788800.0,7.5480761669754814,7.553766386475651,7.383059801470551,7.4826386427235265,10636800.0,749524200.0,56.11283842999359,26.490167486099832,0.139179649277807,0.1633096891012049,-0.0241300398233978,7.447359281822472,7.872416774123643,7.0223017895213005,0.0271853176997732,0.134139876289068,0.218049892746302,7.515641915824512,7.44565221597242,7.447359281822472,7.499215999108544,7.477607526956341,7.39068220799965,-0.0011314351574718,0.0142111591355598,0.0019249284095843,0.0015197571314158,0.0113804390003391,0.0,0.0,6.20424,4.05
2018-11-27,7.511089740224375,7.863883349234915,7.511089740224375,7.8553480199846595,26362200.0,7.539540837725226,7.661880556978881,7.397285350220976,7.494019081723866,20788800.0,775886400.0,64.76686815306724,26.597071613391844,0.1600581283405011,0.1626593769490641,-0.002601248608563,7.491600738436294,7.892425208285303,7.090776268587286,0.1547567105044117,0.1676829581936583,0.2056186145255459,7.582786505926518,7.50653756462424,7.491600738436294,7.617926672733916,7.546287616597853,7.434936094855366,-0.003780722839906,0.0260230920759614,0.0152674721307883,0.0470893296269281,0.3613289382607938,0.0,0.0,6.20424,4.05
2018-11-28,7.940701312487209,8.100027458491969,7.79844582498296,7.99191328798874,19496700.0,7.511089740224375,7.863883349234915,7.511089740224375,7.8553480199846595,26362200.0,795383100.0,67.38460357855095,27.418967326305044,0.1854859822806522,0.1672246980153817,0.0182612842652704,7.531574530424988,7.963351595645721,7.099797465204256,0.2358920282444987,0.2182126843817914,0.2214969609216654,7.6715539301291695,7.569414490101119,7.531574530424988,7.742588877818858,7.62731046594165,7.487981541820449,0.0556210373959604,0.0295869023904771,0.037543900162424,0.0172356151740893,0.1365652680040803,0.0,0.0,6.20424,4.05
2018-11-29,7.906559995486189,8.222367177745623,7.886644227235594,8.077266580491289,13374900.0,7.940701312487209,8.100027458491969,7.79844582498296,7.99191328798874,19496700.0,808758000.0,68.93795338999156,28.503500861403005,0.2101030993589727,0.1758003782841,0.0343027210748727,7.5802259071514415,8.027435531003633,7.13301628329925,0.2780110460496864,0.23932091829103,0.2294136964582463,7.780237122582416,7.652207183828592,7.5802259071514415,7.854148112043002,7.709120668587039,7.544103926455767,-0.0043088037938185,0.01499069382844,0.0112462640070081,0.0106233293687272,0.0853532925025488,0.0,0.0,6.20424,4.05
2018-11-30,8.057350812240694,8.185380750994518,7.989068178238654,8.13416877549299,11062800.0,7.906559995486189,8.222367177745623,7.886644227235594,8.077266580491289,13374900.0,819820800.0,69.96494858480388,29.510567715422543,0.2315348835730759,0.1869472793418952,0.0445876042311807,7.609957304039829,8.11740198981822,7.10251261826144,0.2554236793246357,0.2596636139164654,0.2603136312446402,7.910543149136309,7.729025147080885,7.609957304039829,7.947488333192998,7.786402142569938,7.600300578745026,0.0188920250711066,-0.0045084175549297,0.0129034048359075,0.007020035849341,0.056902195001701,0.0,0.0,6.20424,4.05
2018-12-03,8.13416877549299,8.193916080244774,7.971997519738144,8.006138836739165,22590600.0,8.057350812240694,8.185380750994518,7.989068178238654,8.13416877549299,11062800.0,797230200.0,64.77555413548714,30.32728629199915,0.2354743788422455,0.1966526992419653,0.0388216796002802,7.630584349727947,8.16643567665557,7.094733022800322,0.1050689439106675,0.2719160297829766,0.2748859306819236,8.012967100139367,7.76430450798194,7.630584349727947,7.967038501041721,7.826354268782524,7.638951841411134,0.0094887375087018,0.0010422095784439,-0.0021390382487491,-0.0158649546479776,-0.1280299387538246,0.0,0.0,6.20424,3.75
2018-12-04,8.034589934240014,8.131323665742903,7.863883349234915,7.9663073002379745,24071100.0,8.13416877549299,8.193916080244774,7.971997519738144,8.006138836739165,22590600.0,773159100.0,63.20487686692559,30.3460515357432,0.2326999647727845,0.2038621523481291,0.0288378124246553,7.637554868615654,8.186896790091948,7.08821294713936,0.0689726431659096,0.263824340592045,0.28180645966377,8.035158956190033,7.808972731058274,7.637554868615654,7.966794767440472,7.851800274501696,7.670128551775595,-0.0123175937091795,-0.0076682146401791,-0.0136545420093918,-0.0049875415110389,-0.0398315365011905,0.0,0.0,6.20424,3.75
2018-12-05,7.983377958738484,8.034589934240014,7.88379911748551,8.02036438548959,9291300.0,8.034589934240014,8.131323665742903,7.863883349234915,7.9663073002379745,24071100.0,782450400.0,64.46424196825745,30.363476404934094,0.2321866732025643,0.2095270565190162,0.0226596166835481,7.650215607003531,8.222129092547721,7.07830212145934,0.0656043072812324,0.2540217275216458,0.2933854277169528,8.040849175690202,7.856201552909684,7.650215607003531,7.984651306790178,7.882448294681312,7.703484345462642,-0.0063943379507263,-0.01196775987668,0.0025293599754179,0.0067627949508168,0.0540570852516149,0.0,0.0,6.20424,3.75
2018-12-06,7.866728458984999,8.074421470741203,7.83827736148415,8.074421470741203,25951500.0,7.983377958738484,8.034589934240014,7.88379911748551,8.02036438548959,9291300.0,808401900.0,65.72749942203288,30.056609225870496,0.233450765830554,0.2143117983813237,0.0191389674492302,7.670131375254127,8.271259101305995,7.069003649202258,0.0652206892558809,0.2345756133164447,0.3083720168836962,8.040280153740184,7.9102586381613,7.670131375254127,8.014574694773854,7.917352508510383,7.738811690727267,-0.0147193467059709,0.0049452591068552,-0.0057908232759635,0.0067173666058755,0.054057085251614,0.0,0.0,6.20424,3.75
2018-12-07,8.091492129241715,8.307720470248173,8.048815482990438,8.176845421744263,22260000.0,7.866728458984999,8.074421470741203,7.83827736148415,8.074421470741203,25951500.0,830661900.0,68.04539228861442,30.619096579319663,0.2399513157948298,0.219439701864025,0.0205116139308048,7.70839810139277,8.335671637055125,7.081124565730415,0.0813721284153584,0.1930022489057687,0.3217845342127456,8.048815482990438,7.979679316063374,7.70839810139277,8.068664937097324,7.96453303818927,7.7805291889193615,0.0281708769666964,0.0284840375423396,0.0265058497145522,0.0126052089189823,0.1024239510030593,0.0,0.0,6.20424,3.75
2018-12-10,8.074421470741203,8.154084543743584,7.920785544236614,7.9663073002379745,13031400.0,8.091492129241715,8.307720470248173,8.048815482990438,8.176845421744263,22260000.0,817630500.0,59.184642066612014,30.28797792137568,0.2255147875179641,0.2206547189948128,0.0048600685231513,7.736280176943604,8.35732605864006,7.115234295247148,0.0882534517132764,0.0926499650404511,0.3185898151361008,8.040849175690202,8.026908137914784,7.736280176943604,8.034545724810874,7.9648556312890335,7.798222342378277,-0.0021119332031438,-0.0186662868742102,-0.0160345498472569,-0.0260853704756747,-0.2105381215062882,0.0,0.0,6.20424,3.75
2018-12-11,7.90086977598602,8.040280153740184,7.76999472748211,7.806981154233215,18088200.0,8.074421470741203,8.154084543743584,7.920785544236614,7.9663073002379745,13031400.0,799542300.0,53.506345722838034,29.08968412438184,0.1989243700981822,0.2163086492154867,-0.0173842791173045,7.76430450798194,8.343595682589514,7.185013333374366,0.1371272065103718,0.1032565375464773,0.2971701023506761,8.008983946489248,8.02207145133964,7.76430450798194,7.958690867951655,7.936151180915248,7.79905651493589,-0.0217283704131885,-0.0140550451436443,-0.0192208999806049,-0.0202027073175194,-0.1593261460047594,0.0,0.0,6.20424,3.75
2018-12-12,7.957771970987719,8.10571767799214,7.909405105236275,8.051660592740525,19827900.0,7.90086977598602,8.040280153740184,7.76999472748211,7.806981154233215,18088200.0,819370200.0,59.8733740220729,28.250151806571232,0.19534306527588,0.2121155324275653,-0.0167724671516852,7.798730335957968,8.360127230354603,7.237333441561333,0.138484091403228,0.1030459667356792,0.2879905302893916,8.015243187939436,8.028046181814819,7.798730335957968,7.989680776214612,7.9571528921562065,7.823114046155378,0.0071762058951603,0.0081057712534353,0.0177830852109774,0.0308600017915074,0.2446794385073101,0.0,0.0,6.20424,3.75
2018-12-13,8.074421470741203,8.074421470741203,7.88379911748551,7.937856202737124,19784100.0,7.957771970987719,8.10571767799214,7.909405105236275,8.051660592740525,19827900.0,799586100.0,56.03002241154896,27.317269766527318,0.181232654998583,0.2059389569417689,-0.0247063019431859,7.833156163933997,8.337071927944292,7.329240399923702,0.1373572314490943,0.1050578151315966,0.2585033325745068,7.987930134338621,8.014105144039402,7.833156163933997,7.972405918388784,7.953644403170918,7.834041870591736,0.0145521645180282,-0.0038684767779204,-0.0032426618217042,-0.0142351158218723,-0.1138043900034011,0.0,0.0,6.20424,3.75
2018-12-14,7.863883349234915,7.92932087348687,7.7529240689816,7.778530056732365,12756900.0,8.074421470741203,8.074421470741203,7.88379911748551,7.937856202737124,19784100.0,786829200.0,51.08589025899401,25.698350696643956,0.1554023828208484,0.1958316421175848,-0.0404292592967364,7.853783209622113,8.31114192483932,7.396424494404907,0.1139039253169878,0.1191482535964437,0.2346200704751665,7.908267061336241,7.978541272163341,7.853783209622113,7.907780631169977,7.92180543109118,7.828755031176557,-0.0264206728324274,-0.0181338302380393,-0.016739837765634,-0.0202758575315162,-0.1593261460047585,0.0,0.0,6.20424,3.75
2018-12-17,7.79844582498296,7.8126713737333855,7.587907703476671,7.613513691227436,28308600.0,7.863883349234915,7.92932087348687,7.7529240689816,7.778530056732365,12756900.0,758520600.0,46.50842020328031,24.356375092314742,0.1202303240906541,0.1807113785121987,-0.0604810544215445,7.851791632797054,8.312955313336783,7.390627952257326,0.1662187042404214,0.1649359524853768,0.2365719765008375,7.837708339534133,7.939278757612167,7.851791632797054,7.80969165118913,7.865752387479589,7.808255855943307,-0.0083560885847746,-0.0148204411540322,-0.0215141829153298,-0.0214425960357758,-0.165016365504929,1.0,0.0,6.20424,3.75
2018-12-18,7.681796325229476,7.75861428848177,7.585062593726586,7.613513691227436,17947800.0,7.79844582498296,7.8126713737333855,7.587907703476671,7.613513691227436,28308600.0,776468400.0,46.5084202032803,23.12386818413001,0.0913037216770762,0.1628298471451742,-0.0715261254680979,7.856486063884693,8.305787899899023,7.407184227870364,0.1951587681363077,0.1937297140934663,0.2304869786514078,7.799014846932977,7.903999396711114,7.856486063884693,7.744298997868565,7.819890806342834,7.789708983113224,-0.0150710443103654,-0.0069432034823275,-0.0003750234433606,0.0,0.0,0.0,0.0,6.20424,3.75
2018-12-19,7.61066858147735,7.721627861730665,7.585062593726586,7.664725666728966,20413800.0,7.681796325229476,7.75861428848177,7.585062593726586,7.613513691227436,17947800.0,796882200.0,48.17965967736371,21.979397483672763,0.071685216730069,0.1446009210621531,-0.0729157043320841,7.862318538872368,8.298285448016943,7.426351629727793,0.1383905368636336,0.202441771195408,0.2236463055039045,7.721627861730665,7.868435524835052,7.862318538872368,7.717774554155366,7.791678962776675,7.777805810124247,-0.0093023926623132,-0.004778542450774,0.0,0.0067039357221903,0.0512119755015296,0.0,0.0,6.20424,3.75
2018-12-20,7.496864191473952,7.6362745692281155,7.380214691720467,7.411510898971401,30583500.0,7.61066858147735,7.721627861730665,7.585062593726586,7.664725666728966,20413800.0,766298700.0,41.30762053746376,21.885472587582928,0.0352981989962826,0.122740376648979,-0.0874421776526964,7.856201552909686,8.313350047886695,7.399053057932675,0.1328699760583551,0.2336305006999926,0.2345122297673608,7.616358800977521,7.80214446765807,7.856201552909686,7.615686669094045,7.722557496630261,7.742920580490642,-0.0150661983546442,-0.0111153423032424,-0.0273781358622646,-0.033594402782842,-0.2532147677575649,0.0,0.0,6.20424,3.75
2018-12-21,7.391595130720806,7.693176764229815,7.363144033219956,7.585062593726586,45069900.0,7.496864191473952,7.6362745692281155,7.380214691720467,7.411510898971401,30583500.0,811368600.0,46.89818632730761,21.43757861157713,0.0202321727295267,0.1022387358650886,-0.0820065631355618,7.861322750459837,8.303672450659105,7.418973050260567,0.0972261882131052,0.2008183095788045,0.2269206082279041,7.577665308376365,7.742966184856303,7.861322750459837,7.605478643971559,7.697558423375047,7.727886486513113,-0.0141412637449178,0.0074239390712822,-0.002315709255598,0.0231465465511866,0.1735516947551847,0.0,1.0,6.20424,3.75
2018-12-26,7.520726956278358,7.580869860346082,7.451992208772386,7.543638538780348,17454000.0,7.391595130720806,7.693176764229815,7.363144033219956,7.585062593726586,45069900.0,793914600.0,45.77737285008012,21.021677062428893,0.0048932569096677,0.0827696400740044,-0.0778763831643366,7.863803723312662,8.298373500239107,7.429233946386216,0.0957965732790092,0.192912562127057,0.2229295917985036,7.563690277886947,7.70069930871054,7.863803723312662,7.58486527557449,7.669572989812374,7.710339062919516,0.0173192414449645,-0.0147058511229856,0.0119943872644272,-0.0054762346226597,-0.0414240549462379,0.0,0.0,6.20424,3.75
2018-12-27,7.449128260959638,7.535046695342101,7.337434296262434,7.437672469708642,23307000.0,7.520726956278358,7.580869860346082,7.451992208772386,7.543638538780348,17454000.0,770607600.0,42.94965621422747,21.172000497489403,-0.0156333095065939,0.0630890501578847,-0.0787223596644786,7.842919945798862,8.315582226545686,7.370257665052038,0.1047879074990557,0.2052601889577992,0.2424706339467185,7.528522033583188,7.6637684402580835,7.842919945798862,7.535801006952541,7.6274092588844224,7.684370815947052,-0.0095657894140899,-0.0060629211868086,-0.0154921766157711,-0.014146670640478,-0.1059660690717061,0.0,0.0,6.20424,3.75
2018-12-28,7.555094330031343,7.761298572549257,7.543638538780348,7.715475407545276,23962800.0,7.449128260959638,7.535046695342101,7.337434296262434,7.437672469708642,23307000.0,794570400.0,51.42159761769727,19.91160647949225,-0.0093763017203256,0.0485959797822426,-0.0579722815025683,7.829098051776688,8.29968712037699,7.358508983176384,0.1222773991251424,0.156381636877728,0.2414070985559133,7.538671981746451,7.630149921738559,7.829098051776688,7.595692473816786,7.643421285913668,7.687333158004026,0.014125067828608,0.0295846328334539,0.0277153998465469,0.036670145307561,0.2778029378366344,0.0,0.0,6.20424,3.75
2019-01-02,7.689699877230537,7.964638867254422,7.641012764413807,7.858672798182717,66967800.0,7.555094330031343,7.761298572549257,7.543638538780348,7.715475407545276,23962800.0,861538200.0,55.12115133619808,19.22466130677702,0.007055918467576,0.0402879675193093,-0.0332320490517333,7.818168362661259,8.275151566363084,7.361185158959435,0.1628241981965082,0.1402416548159633,0.2344274371322963,7.628104361588714,7.622231581283117,7.818168362661259,7.683352581938763,7.68255792450804,7.703651218973425,0.017659673665705,0.0258619403602184,0.0128255247322877,0.0183896318754666,0.1431973906374404,0.0,0.0,6.20424,3.78
2019-01-03,7.850080954744469,8.23384996165281,7.847217006931721,8.1336117882066,33216900.0,7.689699877230537,7.964638867254422,7.641012764413807,7.858672798182717,66967800.0,894755100.0,61.22670109672933,19.611390196206155,0.0417822107709131,0.0405868161696301,0.001195394601283,7.818140513296941,8.275046744514272,7.361234282079608,0.2736561706345925,0.2112086105968732,0.2343879510808984,7.737814200484716,7.657739754430541,7.818140513296941,7.833438984028042,7.764567717907778,7.744599844614679,0.0206420893598209,0.0332420989974857,0.0266287923466017,0.0343873423094756,0.2749389900238839,0.0,0.0,6.20424,3.78
2019-01-04,8.251033648529303,8.379911300102998,8.013325980071151,8.06201309288788,42115800.0,7.850080954744469,8.23384996165281,7.847217006931721,8.1336117882066,33216900.0,852639300.0,58.97652899312534,20.430455915316028,0.0628016924558414,0.0450297914268723,0.017771901028969,7.820934226104375,8.283057778730807,7.358810673477943,0.2798254355278644,0.2455939537132112,0.237064380491702,7.841489111306222,7.702589694596585,7.820934226104375,7.909630353647989,7.818648695176887,7.774829677783556,0.0498146387817426,0.017583628348619,0.0209469558433106,-0.008841790581461,-0.0715986953187197,0.0,0.0,6.20424,3.78
2019-01-07,8.06201309288788,8.06201309288788,7.821441476616981,7.898768067561199,24140700.0,8.251033648529303,8.379911300102998,8.013325980071151,8.06201309288788,42115800.0,828498600.0,54.09504476036107,20.181229180491528,0.0655318633515253,0.0491302058118029,0.0164016575397223,7.817557264470539,8.276357349094706,7.35875717984637,0.1665084578933982,0.2506130094666659,0.2353594773796166,7.933708230876735,7.731115132229961,7.817557264470539,7.90600959161906,7.833215853792216,7.786633333952856,-0.0231751945107379,-0.0386740410062791,-0.0242370337517217,-0.0204564822205433,-0.1632450253266819,0.0,0.0,6.20424,3.78
2019-01-08,8.007598084445654,8.076332831951625,7.890176224122953,7.953183076003427,25023000.0,8.06201309288788,8.06201309288788,7.821441476616981,7.898768067561199,24140700.0,853521600.0,55.4196296088766,20.000786281021,0.0712648826657398,0.0535571411825903,0.0177077414831494,7.81419819899623,8.267965882785287,7.360430515207174,0.1144038717492553,0.2585961603760647,0.2327779102216965,7.981249764568365,7.759960873157408,7.81419819899623,7.921734086413849,7.855028076012436,7.802495214148148,-0.0067724372200896,0.0017746233583686,0.00874960011331,0.0068654289535521,0.0544150084422279,0.0,0.0,6.20424,3.78
2019-01-09,8.019053875696649,8.1336117882066,7.935999389126934,7.999006241007407,28187700.0,8.007598084445654,8.076332831951625,7.890176224122953,7.953183076003427,25023000.0,881709300.0,56.556462069244354,20.04318744112882,0.078599838223738,0.0585656805908199,0.0200341576329181,7.81042743750954,8.256673791589208,7.364181083429872,0.0917938835341136,0.2364219375843188,0.2289195494913329,8.009316453133303,7.818710407361008,7.81042743750954,7.947491471278369,7.881205924193339,7.821210550039506,0.0014295928095942,0.0070671672230924,0.0057908232759635,0.0057450786383772,0.0458231650039806,0.0,0.0,6.20424,3.78
2019-01-10,8.033373614760393,8.096380466640866,7.961774919441673,8.059149145075132,23722200.0,8.019053875696649,8.1336117882066,7.935999389126934,7.999006241007407,28187700.0,905431500.0,58.06787677008661,20.082559946943228,0.088248598165193,0.0645022641056945,0.0237463340594984,7.804542623676083,8.234097456174473,7.374987791177693,0.0700526552634837,0.2318528443983809,0.2203569795884563,7.994423924507009,7.866119062495864,7.804542623676083,7.98471069587729,7.913559237080937,7.843871368614327,0.0017841217935017,-0.0045879734616613,0.0032426618217042,0.0074906717291578,0.0601429040677246,0.0,0.0,6.20424,3.78
2019-01-11,8.150795475083095,8.299720761346032,8.11070020570461,8.271081283218544,19014000.0,8.033373614760393,8.096380466640866,7.961774919441673,8.059149145075132,23722200.0,924445500.0,62.95830028801991,20.84587540591146,0.1117087533197658,0.0739435619485087,0.037765191371257,7.819781322825112,8.290829711388964,7.34873293426126,0.1439258444851529,0.2335439740876375,0.2416427247255541,8.036237562573142,7.938863336939683,7.819781322825112,8.080167558324376,7.978563245469592,7.884558027148063,0.0145109606930011,0.0248047651870373,0.0185322481289276,0.0259572623383825,0.2119321381434122,0.0,0.0,6.20424,3.78
2019-01-14,8.273945231031293,8.520244742927689,8.25962549196755,8.451509995421718,36606900.0,8.150795475083095,8.299720761346032,8.11070020570461,8.271081283218544,19014000.0,961052400.0,66.53649938287506,22.198375780830705,0.1432093561571363,0.0877967207902343,0.055412635366902,7.852007764884536,8.397457913285194,7.306557616483876,0.2093485123575088,0.210742799717895,0.2798100222003555,8.146785948145245,8.04024708951099,7.852007764884536,8.203948370690156,8.064553563642706,7.938553452697935,0.0149959218164372,0.0262231950991025,0.0181950435912292,0.021579874930222,0.1804287122031738,0.0,0.0,6.20424,3.78
2019-01-15,8.434326308545225,8.488741316987452,8.288264970095037,8.325496291660771,20580900.0,8.273945231031293,8.520244742927689,8.25962549196755,8.451509995421718,36606900.0,940471500.0,62.02968200755181,23.45426898611286,0.1562049249615302,0.1014783616244935,0.0547265633370367,7.865699549830549,8.443308440996393,7.288090658664704,0.1884403666763479,0.1939045190897898,0.2963071091540332,8.221248591276714,8.101249177922538,7.865699549830549,8.24446434434703,8.111997696009627,7.975405151646776,0.0191983956194516,-0.0037043315637528,0.0034614087865896,-0.0150224743840632,-0.1260137037609467,0.0,0.0,6.20424,3.78
2019-01-16,8.356999717601008,8.531700534178684,8.256761544154799,8.503061056051198,17865600.0,8.434326308545225,8.488741316987452,8.288264970095037,8.325496291660771,20580900.0,958337100.0,65.56873220394792,24.74334197455826,0.1787712358569546,0.1169369364709857,0.0618342993859688,7.893959792496252,8.534773406039514,7.25314617895299,0.1741058865372954,0.2106805178517987,0.3287304476084243,8.322059554285472,8.165688003709388,7.893959792496252,8.33066324824842,8.183100125108094,8.025658094923388,-0.0092103670029559,0.005047966297305,-0.0038082095530271,0.0211035742048841,0.1775647643904268,0.0,0.0,6.20424,3.78
2019-01-17,8.563203960118921,8.59184343824641,8.405686830417737,8.548884221055179,22042200.0,8.356999717601008,8.531700534178684,8.256761544154799,8.503061056051198,17865600.0,980379300.0,66.4380969857892,26.112887798660317,0.1980695240989067,0.1331634539965699,0.0649060701023367,7.932477500712393,8.63092436953093,7.234030631893855,0.1179098131653586,0.2422216302524681,0.3582956837447397,8.420006569481481,8.207215246994245,7.932477500712393,8.403403572517341,8.2496063243712,8.075489154554987,0.0243749373020008,0.0070246149369643,0.0178760346237947,0.0053745510629426,0.0458231650039806,0.0,0.0,6.20424,3.78
2019-01-18,8.59184343824641,8.778000046075082,8.557476064493423,8.772272150449584,21625200.0,8.563203960118921,8.59184343824641,8.405686830417737,8.548884221055179,22042200.0,1002004500.0,70.36630229572037,27.86930449612829,0.2287521827689485,0.1522811997510457,0.0764709830179027,7.990415423673501,8.761845423924619,7.2189854234223825,0.1637717449149133,0.2935984993074058,0.3957352402033464,8.52024474292769,8.278241152750414,7.990415423673501,8.526359765161423,8.34463647456727,8.141849439878282,0.0033389012655149,0.0214352807200648,0.0178968139905109,0.0257950810060725,0.2233879293944056,0.0,0.0,6.20424,3.78
2019-01-21,8.63480265543764,8.772272150449584,8.52310869074044,8.732176881071101,19008600.0,8.59184343824641,8.778000046075082,8.557476064493423,8.772272150449584,21625200.0,982995900.0,68.80956780838353,29.24739841058034,0.2469859573005397,0.1712221512609445,0.0757638060395952,8.046348583165685,8.861346252313444,7.231350914017925,0.1814667485058962,0.292195046573626,0.41808498277273,8.576378120057566,8.361582034101406,8.046348583165685,8.59496547046465,8.415098366658876,8.198071100944265,0.0049875415110389,-0.0006527415375363,-0.0040241502997249,-0.0045811598445202,-0.040095269378483,0.0,0.0,6.20424,3.78
2019-01-22,8.649122394501386,8.749360567947594,8.537428429804182,8.548884221055179,16549800.0,8.63480265543764,8.772272150449584,8.52310869074044,8.732176881071101,19008600.0,966446100.0,62.0512729753447,30.52705704542868,0.2438353866069196,0.1857447983301395,0.05809058827678,8.090556510881994,8.913833524179623,7.267279497584364,0.1220189662675661,0.2584586625061122,0.4223321967063446,8.621055705936449,8.421152148606582,8.090556510881994,8.579605053994827,8.439423067458204,8.231481874288162,0.0016570012076297,-0.0026152352270796,0.0016786977250884,-0.0212139211615522,-0.1832926600159226,0.0,0.0,6.20424,3.78
2019-01-23,8.59184343824641,8.755088463573092,8.554612116680676,8.723585037632855,24045600.0,8.649122394501386,8.749360567947594,8.537428429804182,8.548884221055179,16549800.0,990491700.0,65.52668206883234,31.73237068894727,0.2525244873960997,0.1991007361433316,0.053423751252768,8.156160217815067,8.961451525166567,7.350868910463567,0.1077240382668464,0.226560015063504,0.4131057242324957,8.665160502252778,8.493610028269126,8.156160217815067,8.62759838187417,8.49108888021723,8.278348842225752,-0.0066445427186687,0.0006544502851388,0.0020107245380387,0.0202295076284042,0.1747008165776762,0.0,0.0,6.20424,3.78
2019-01-24,8.90114980202328,8.94983691484001,8.763680307011338,8.941245071401763,54365400.0,8.59184343824641,8.755088463573092,8.554612116680676,8.723585037632855,24045600.0,1044857100.0,69.29916550770913,33.38509840516718,0.2738176090854711,0.2140441107317595,0.0597734983537116,8.223969341698826,9.053513148129024,7.394425535268628,0.1399383632694842,0.2097025709376224,0.4255469937518503,8.743632672322097,8.581819620901788,8.223969341698826,8.73214727838337,8.5729354604326,8.34148181643299,0.0353671438372913,0.0220002402796675,0.0241453767303165,0.0246445676202702,0.217660033768908,0.0,0.0,6.20424,3.78
2019-01-28,8.992796132031241,9.184680635485412,8.904013749836029,9.150313261732428,41126100.0,8.90114980202328,8.94983691484001,8.763680307011338,8.941245071401763,54365400.0,1085983200.0,72.42104422384092,35.42167107716536,0.3040576300469908,0.2320468145948058,0.072010815452185,8.30430307784643,9.165338211560304,7.443267944132555,0.2314718383464259,0.2461025830094327,0.4417017037875911,8.819240894578664,8.669742818753178,8.30430307784643,8.871535939499722,8.677913242487113,8.418513382651984,0.0102433674147608,0.025901637522653,0.0158862151123271,0.0231132657362578,0.2090681903306634,1.0,0.0,6.20424,3.78
2019-01-29,9.302102495808112,9.3364698695611,8.981340340780246,9.084442462039204,18904500.0,8.992796132031241,9.184680635485412,8.904013749836029,9.150313261732428,41126100.0,1067078700.0,70.00564691015161,37.5788911360869,0.3190302592573033,0.2494435035273053,0.069586755729998,8.386641577462958,9.21475796842183,7.558525186504087,0.2511226636618152,0.2644466361853515,0.424814745065344,8.889694010772285,8.733036065414925,8.386641577462958,8.942504780346216,8.751827646042038,8.48193519973648,0.0338166223792697,0.0163912746675984,0.0086469714115446,-0.0072247840568961,-0.0658707996932221,0.0,0.0,6.20424,3.78
2019-01-30,9.135993522668684,9.153177209545175,8.90114980202328,8.909741645461526,27034500.0,9.302102495808112,9.3364698695611,8.981340340780246,9.084442462039204,18904500.0,1040044200.0,63.91692227361855,38.95859125364285,0.3131890317120955,0.2621926091642633,0.0509964225478322,8.44635488935877,9.243943736575243,7.648766042142294,0.1661756206233337,0.226173517948788,0.4091544455543284,8.961865495653555,8.791460600795002,8.44635488935877,8.931583735384653,8.780539282300126,8.522678670757912,-0.0180185055026784,-0.0198271674745882,-0.0089686699827602,-0.0194180858571018,-0.174700816577678,0.0,0.0,6.20424,3.78
2019-01-31,9.052939036098968,9.110217992353943,8.935517175776265,9.038619297035222,24907500.0,9.135993522668684,9.153177209545175,8.90114980202328,8.909741645461526,27034500.0,1064951700.0,66.24902132835561,40.23974136280194,0.3153243039123321,0.2728189481138771,0.042505355798455,8.505352214301396,9.2948499087026,7.715854519900193,0.0996513923519685,0.2133388027325247,0.4050037717383876,9.024872347534028,8.845016424893403,8.505352214301396,8.967262255934843,8.82746292134287,8.571815873260514,-0.0091324835632722,-0.004704415137021,0.0038535693159897,0.0143611850681275,0.1288776515736955,0.0,0.0,6.20424,3.78
2019-02-01,9.041483244847973,9.147449313919678,8.981340340780246,9.081578514226456,20640600.0,9.052939036098968,9.110217992353943,8.935517175776265,9.038619297035222,24907500.0,1085592300.0,67.01432229004341,41.5143385217773,0.3168307447122487,0.2816213074335514,0.0352094372786973,8.552750550602388,9.36088999475472,7.744611106450054,0.0894496687855598,0.1970651391810271,0.414566787583212,9.052939036098966,8.898285854210531,8.552750550602388,9.005367675365381,8.873665756412612,8.62036469620965,-0.0012662236576264,0.0040784370258135,0.0051151006667704,0.0047415925725826,0.0429592171912336,0.0,0.0,6.20424,3.89
2019-02-04,9.130265627043183,9.25914327861688,8.964156653903755,9.18754458329816,17799600.0,9.041483244847973,9.147449313919678,8.981340340780246,9.081578514226456,20640600.0,1103391900.0,68.88830145893142,42.94295200505133,0.3228535315359941,0.28986775225404,0.0329857792819541,8.609027125122903,9.429300977043225,7.788753273202581,0.1004547811721251,0.2108338105906016,0.4207916074258767,9.060385300412111,8.93981309749539,8.609027125122903,9.066093311342977,8.930734634028166,8.674381828313317,0.0097715513521139,0.0121364489504753,-0.0019150979360991,0.0116006944480577,0.1059660690717052,0.0,0.0,6.20424,3.89
2019-02-05,9.16749694860892,9.439571990820056,9.16749694860892,9.43098014738181,19790700.0,9.130265627043183,9.25914327861688,8.964156653903755,9.18754458329816,17799600.0,1123182600.0,72.7222770741519,44.61215551172102,0.343312357874252,0.3005566733780824,0.0427556844961696,8.685637729113932,9.512438927685354,7.85883653054251,0.1956455802872755,0.2470622353478918,0.4241400656061688,9.129692837480636,9.00969342412646,8.685637729113932,9.187722256689254,9.021688363728828,8.746438811081745,0.0040695000597574,0.019299113303929,0.0224302564356637,0.0261513133899593,0.2434355640836489,0.0,0.0,6.20424,3.89
2019-02-06,9.3364698695611,9.3364698695611,9.161769052983422,9.256279330804132,44421300.0,9.16749694860892,9.439571990820056,9.16749694860892,9.43098014738181,19790700.0,1078761300.0,66.39846099809694,46.111723478115344,0.3414927138496058,0.3087438814723871,0.0327488323772186,8.750792541853968,9.541012781540124,7.960572302167812,0.1555126299473556,0.1965752433895839,0.4053744296487689,9.199000374549154,9.080432935101356,8.750792541853968,9.210574614727546,9.064341266833427,8.794995051055306,0.0182639343908905,-0.0109824166686087,-0.0006250000203449,-0.0186978627353782,-0.174700816577678,0.0,1.0,6.20424,3.89
2019-02-07,9.3364698695611,9.350789608624842,8.809503472015319,8.8553266370193,72163500.0,9.3364698695611,9.3364698695611,9.161769052983422,9.256279330804132,44421300.0,1006597800.0,54.65214105510301,44.90915118016431,0.30419058168963,0.3078332215158357,-0.0036426398262057,8.793608561654562,9.505130963259514,8.08208616004961,0.213545674442635,0.1730039419688005,0.3650032905351605,9.162341842545972,9.09360709504,8.793608561654562,9.09215862215813,9.026338606867222,8.80074091638521,0.0,0.0015325673497779,-0.0392082093239833,-0.0442830099336735,-0.4009526937848324,0.0,0.0,6.20424,3.89
2019-02-08,8.895421906397782,9.04434719266072,8.818095315453565,8.932653227963518,29111100.0,9.3364698695611,9.350789608624842,8.809503472015319,8.8553266370193,72163500.0,1035708900.0,56.25926831629175,43.79247690349551,0.2776672081160871,0.301800018835886,-0.0241328107197988,8.837283765798983,9.465467330597368,8.209100201000599,0.2367516718961557,0.1738638849895915,0.322251369309412,9.132556785293383,9.092747910696175,8.837283765798983,9.038990157426593,9.009304901612005,8.813303993678383,-0.0483914706521213,-0.0333208468949441,0.0009748172989656,0.0086943069004905,0.0773265909442191,-1.0,0.0,6.20424,3.89
2019-02-11,8.886830062959536,8.909741645461526,8.729312933258353,8.798047680764324,27240600.0,8.895421906397782,9.04434719266072,8.818095315453565,8.932653227963518,29111100.0,1008468300.0,52.754405747215934,42.19912750645863,0.2429847241082061,0.29003695989035,-0.0470522357821439,8.86363208567627,9.436369808424738,8.290894362927803,0.2751074936498581,0.1952728024703285,0.2938082524812383,9.054657404786616,9.057521352599364,8.86363208567627,8.95867599853917,8.970894497821515,8.811851011496092,-0.0009663392602519,-0.0149946979179502,-0.0101192311179634,-0.0151836223402406,-0.1346055471991949,0.0,0.0,6.20424,3.89
2019-02-12,8.889694010772285,8.992796132031241,8.795183732951575,8.92406138452527,26469900.0,8.886830062959536,8.909741645461526,8.729312933258353,8.798047680764324,27240600.0,1034938200.0,55.54645343013133,41.04056577018536,0.2230951563210457,0.2766485991764892,-0.0535534428554435,8.887259655131448,9.428144917902014,8.346374392360882,0.1780306994142845,0.199359478331078,0.2774682852822447,8.953273652215309,9.041483244847973,8.887259655131448,8.94713779386787,8.962379386313106,8.822537713689346,0.0003222168547289,0.0092785820046619,0.0075176036342856,0.0142213127230763,0.1260137037609467,0.0,0.0,6.20424,3.89
2019-02-13,8.978476392967499,8.984204288592997,8.835279002330058,8.87537427170854,40874400.0,8.889694010772285,8.992796132031241,8.795183732951575,8.92406138452527,26469900.0,994063800.0,54.21339541174952,39.96475844364589,0.2010858944246862,0.2615360582261286,-0.0604501638014423,8.914753554133837,9.390616818857236,8.438890289410438,0.0548129983514355,0.2021594653058228,0.2441127040793874,8.87709264039619,9.038046507472671,8.914753554133837,8.923216619814761,8.94656027456682,8.827569766834031,0.009937571763912,-0.0009558707116208,0.0045484158986655,-0.0054706492028908,-0.0486871128167294,0.0,0.0,6.20424,3.89
2019-02-14,8.835279002330058,9.0958982532902,8.792319785138826,8.99852402765674,15722400.0,8.978476392967499,8.984204288592997,8.835279002330058,8.87537427170854,40874400.0,1009786200.0,57.02292608195464,39.39908556314895,0.1913745057276834,0.2475037477264396,-0.0561292419987561,8.939526702714115,9.377129681454246,8.501923723973984,0.074479164074664,0.2025440912149719,0.224485591497677,8.905732118523678,9.034036980534824,8.939526702714115,8.94831908909542,8.956008229674078,8.843851125007623,-0.0160775167275333,0.0123556141763483,-0.0048740957582453,0.0137800610278184,0.1231497559481997,0.0,1.0,6.20424,3.89
2019-02-15,9.173224844234417,9.319286182684603,9.107354044541196,9.178952739859914,15803700.0,8.835279002330058,9.0958982532902,8.792319785138826,8.99852402765674,15722400.0,1025589900.0,60.81655408647727,39.60204137697656,0.1959781354345278,0.2371986252680572,-0.0412204898335294,8.971030128654352,9.381482512464808,8.560577744843897,0.1448970802007842,0.2073668745292142,0.2105576301756366,8.954992020902958,9.04377440309817,8.971030128654352,9.025196972683585,8.99654359516241,8.875765564517364,0.0375362132696701,0.0242624654119567,0.03520363519298,0.0198525505392037,0.1804287122031738,0.0,0.0,6.20424,3.89
2019-02-18,9.135993522668684,9.204728270174654,9.078714566413709,9.184680635485412,13003500.0,9.173224844234417,9.319286182684603,9.107354044541196,9.178952739859914,15803700.0,1038593400.0,60.93444654115184,39.584316511535214,0.1978085249079146,0.2293206051960287,-0.031512080288114,8.991650552906142,9.401527013347838,8.581774092464446,0.143360542719078,0.2071481132102921,0.2102621877212336,9.032318611847176,9.043488008316896,8.991650552906142,9.078358193617529,9.030750329766592,8.905186047466701,-0.004066953830268,-0.0123687414815254,-0.0031496089028966,0.0006238303383847,0.0057278956254975,0.0,0.0,6.20424,3.89
2019-02-19,9.210456165800151,9.379429086752332,9.098762201102948,9.327878026122852,25657200.0,9.135993522668684,9.204728270174654,9.078714566413709,9.184680635485412,13003500.0,1064250600.0,63.86179644039405,40.077421830367406,0.2084115161996464,0.2251387873967523,-0.0167272711971058,9.02143561015873,9.4380824387271,8.60478878159036,0.1769400639539829,0.1873373626224491,0.2137353132880404,9.11308194016669,9.033177796191,9.02143561015873,9.161531471119302,9.084773547285913,8.945442426386334,0.0081174345199666,0.0188016017718948,0.0022057673981898,0.0154706055830784,0.1431973906374395,0.0,0.0,6.20424,3.89
2019-02-20,9.35651750425034,9.473939364573042,9.250551435178634,9.322150130497354,32741100.0,9.210456165800151,9.379429086752332,9.098762201102948,9.327878026122852,25657200.0,1031509500.0,63.65631772514829,40.78045432263698,0.2138867169486875,0.2228883733071393,-0.0090016563584518,9.06009890563084,9.4356519106365,8.684545900625178,0.1346421032712181,0.1969642962376463,0.1926546265981686,9.202437111924455,9.039764876160325,9.06009890563084,9.21507102424532,9.127932926051628,8.981319350587384,0.0157337813022135,0.0100259080742293,0.0165447819471862,-0.0006142506335637,-0.0057278956254975,0.0,1.0,6.20424,3.89
2019-02-21,9.325014078310105,9.388020930190578,9.133129574855934,9.247687487365884,17989800.0,9.35651750425034,9.473939364573042,9.250551435178634,9.322150130497354,32741100.0,1013519700.0,60.91247029659368,40.5869485411683,0.2097989087735055,0.2202704804004126,-0.0104715716269071,9.08630402811749,9.436565079790528,8.736042976444454,0.0717017233132535,0.1952132880370581,0.1796801282975574,9.252269803866284,9.079000961194982,9.08630402811749,9.225943178618842,9.14970648265422,9.006687744566289,-0.0033726844786392,-0.0091102968398066,-0.0127747492066445,-0.0080197838843947,-0.0744626431314685,1.0,0.0,6.20424,3.89
2019-02-22,9.422388303943562,9.528354373015269,9.316422234871858,9.439571990820056,18303000.0,9.325014078310105,9.388020930190578,9.133129574855934,9.247687487365884,17989800.0,1031822700.0,65.08858171115111,40.81567222664226,0.2195123652220729,0.2201188573647446,-0.0006064921426717,9.111220374088404,9.48665443972796,8.73578630844885,0.0957689760221279,0.2175293583265027,0.1925936119907495,9.304393654058313,9.129692837480636,9.111220374088404,9.297152782685911,9.202409302320737,9.047914815638077,0.0103881166369861,0.0148375167147016,0.019870259463294,0.0205371202710873,0.1918845034541707,0.0,1.0,6.20424,3.89
2019-02-25,9.542674112079013,9.677279659278206,9.514034633951525,9.608544911772237,23936700.0,9.422388303943562,9.528354373015269,9.316422234871858,9.439571990820056,18303000.0,1055759400.0,68.30039033099517,41.41127978242815,0.238100379037256,0.2237151616992469,0.014385217338009,9.134131956590396,9.567735074170608,8.700528839010184,0.1404736477813563,0.230817729566066,0.222433706016966,9.389166509315675,9.210742560581426,9.134131956590396,9.40095015904802,9.276252140402825,9.101308158127043,0.012685159527316,0.0155088106958132,0.0209893636998885,0.0177421583764196,0.1689729209521786,0.0,0.0,6.20424,3.89
2019-02-26,9.585633329270244,9.734558615533183,9.582769381457496,9.697327293967447,15497400.0,9.542674112079013,9.677279659278206,9.514034633951525,9.608544911772237,23936700.0,1071256800.0,69.86891482660832,42.10246405413766,0.257032598366294,0.2303786490326563,0.0266539493336376,9.164776198186807,9.661967684274511,8.667584712099101,0.1889706469315657,0.252603335934507,0.2550538507835169,9.463056362884595,9.288069151525644,9.164776198186807,9.499742537354496,9.352811259232755,9.15807188534994,0.004491697924593,0.0059014629818259,0.007198591373529,0.0091975132872983,0.0887823821952125,0.0,0.0,6.20424,3.89
2019-02-27,9.654368076776215,9.6887354505292,9.453891729883798,9.55126595551726,27256500.0,9.585633329270244,9.734558615533183,9.582769381457496,9.697327293967447,15497400.0,1044000300.0,64.23748012344538,41.833702436907615,0.2572847705754526,0.2357598733412156,0.021524897234237,9.196852413689594,9.70670551147531,8.68699931590388,0.17339779068581,0.2179573212318691,0.2615491205358496,9.508879527888578,9.355658319906516,9.196852413689594,9.516917010075415,9.388893931284484,9.19551893965159,0.0071450140227344,-0.0047183809154076,-0.0135401496935765,-0.0151766043433561,-0.1460613384501883,0.0,0.0,6.20424,3.89
2019-02-28,9.57417753801925,9.634320442086974,9.345061712999346,9.42525225175631,14003100.0,9.654368076776215,9.6887354505292,9.453891729883798,9.55126595551726,27256500.0,1029997200.0,59.76211764274236,40.87996053009434,0.2444979459883018,0.2375074878706329,0.0069904581176689,9.216184061425649,9.729877631824843,8.702490491026449,0.1148189503404917,0.1784617169754414,0.2635192414174542,9.54439248076666,9.398331142316472,9.216184061425649,9.486362090635716,9.395504535006634,9.217398302709183,-0.0083408288139623,-0.0056321476878697,-0.0115784352598722,-0.0132812094063843,-0.1260137037609485,0.0,0.0,6.20424,3.89
2019-03-01,9.35365355643759,9.422388303943562,9.11594588797944,9.16749694860892,21888600.0,9.57417753801925,9.634320442086974,9.345061712999346,9.42525225175631,14003100.0,1008108600.0,51.81087251155735,38.71784073590207,0.2111318005935807,0.2322323504152224,-0.0211005498216417,9.220479983144774,9.73102637752959,8.709933588759958,0.2055428828481739,0.1800560646753329,0.261904774186975,9.489977472324432,9.397185563191371,9.220479983144774,9.380073709960117,9.354048610207048,9.212645792794874,-0.023302612889688,-0.0222431773334212,-0.0248228693112277,-0.0277282089734769,-0.2577553031473911,0.0,0.0,6.20424,4.58
2019-03-06,9.18754458329816,9.221911957051148,9.07012272297546,9.11594588797944,11102100.0,9.35365355643759,9.422388303943562,9.11594588797944,9.16749694860892,21888600.0,997006500.0,50.36751354189251,36.48034646111468,0.178471837962391,0.2214802479246562,-0.0430084099622651,9.216900048378836,9.72932066114282,8.704479435614852,0.2481441796114953,0.1901013302600701,0.262866227929029,9.391457667565875,9.390312088440776,9.216900048378836,9.292031102633224,9.310757206165665,9.203436278050546,-0.0179183045440054,-0.0215062052209629,-0.0050393807434527,-0.0056391126877701,-0.0515510606294782,0.0,0.0,6.20424,4.58
2019-03-07,9.030027453596976,9.064394827349965,8.812367419828067,8.838142950142807,30801000.0,9.18754458329816,9.221911957051148,9.07012272297546,9.11594588797944,11102100.0,966205500.0,43.35773984889727,34.495693124965655,0.1286887629343223,0.2029219509265894,-0.0742331879922671,9.187258188516886,9.71507032848349,8.659446048550281,0.2789549857627145,0.2586837070389056,0.2707619147867378,9.219620798800946,9.34133858084277,9.187258188516886,9.140735051803086,9.224827341434237,9.168646437297427,-0.0172933094413441,-0.0172283039601777,-0.0288296712165982,-0.0309483943589867,-0.2778029378366344,0.0,0.0,6.20424,4.58
2019-03-08,9.012843766720485,9.087306409851951,8.92692533233802,9.038619297035222,19317600.0,9.030027453596976,9.064394827349965,8.812367419828067,8.838142950142807,30801000.0,985523100.0,48.88618231195845,32.54303661659548,0.1042108057506503,0.1831797218914016,-0.0789689161407513,9.17637518682844,9.707014251154444,8.645736122502438,0.2129995602724364,0.2759805020078275,0.2722120963846003,9.11709146710454,9.31298549749656,9.17637518682844,9.106696466880464,9.190971333361686,9.156262900129596,-0.0019047624806542,0.0025244570049189,0.0129159044452955,0.0224296490426585,0.2004763468924153,0.0,0.0,6.20424,4.58
2019-03-11,9.12167378360494,9.436708043007307,9.075850618600958,9.419524356130816,26321700.0,9.012843766720485,9.087306409851951,8.92692533233802,9.038619297035222,19317600.0,1011844800.0,57.394866990315904,31.14951237741034,0.1142309202981266,0.1693899615727466,-0.0551590412746199,9.204585072784017,9.723819601071424,8.68535054449661,0.2109332075059128,0.2768114168972175,0.266361692839013,9.11594588797944,9.330169184373052,9.204585072784017,9.210972429963917,9.232526428410615,9.18133541974876,0.012002670941857,0.0377286553534119,0.0165450799235835,0.0412781642232924,0.3809050590955927,0.0,0.0,6.20424,4.58
2019-03-12,9.465347521134792,9.482531208011288,9.25914327861688,9.42811619956906,11749500.0,9.12167378360494,9.436708043007307,9.075850618600958,9.419524356130816,26321700.0,1023594300.0,57.56645530914405,30.01655967623457,0.1214650497443781,0.1598049792070729,-0.0383399294626948,9.229358221364292,9.741562777265925,8.71715366546266,0.2545484162721612,0.2763316374965684,0.2627553930972314,9.16806973817147,9.32902360524795,9.229358221364292,9.283353686498964,9.26808820498488,9.204838351160218,0.0369841842795231,0.0048440906106388,0.0199944180345124,0.0009117156079034,0.0085918434382463,0.0,0.0,6.20424,4.58
2019-03-13,9.436708043007307,9.625728598648728,9.325014078310105,9.562721746768254,26304300.0,9.465347521134792,9.482531208011288,9.25914327861688,9.42811619956906,11749500.0,1049898600.0,60.266342533283954,29.45006547849748,0.1364863623378784,0.155141255833234,-0.0186548934953555,9.26759192466449,9.759045619677174,8.776138229651806,0.3050783356115288,0.2715194384769852,0.2521104260676364,9.257424909929233,9.324441288747554,9.26759192466449,9.376476373255397,9.321657939854584,9.23892248407527,-0.0030303053491791,0.0149882901778592,0.0070889493969978,0.0141760781466939,0.1346055471991931,0.0,0.0,6.20424,4.58
2019-03-14,9.485395155824037,9.628592546461476,9.433844095194557,9.485395155824037,14931900.0,9.436708043007307,9.625728598648728,9.325014078310105,9.562721746768254,26304300.0,1034966700.0,57.98392795126919,28.933637053182927,0.1405312938689977,0.1522192634403868,-0.011687969571389,9.29565861322943,9.76922041638996,8.8220968100689,0.2029021630596579,0.2462780498537581,0.2429320792085575,9.38687535106548,9.303248074933212,9.29565861322943,9.412782634111608,9.35142834275812,9.262396071860866,0.0051460685685427,0.000297486243455,0.0116031836151542,-0.0081191244385041,-0.0773265909442191,0.0,0.0,6.20424,4.58
2019-03-15,9.620000703023232,9.76606204147342,9.585633329270244,9.708783085218442,29773500.0,9.485395155824037,9.628592546461476,9.433844095194557,9.485395155824037,14931900.0,1064740200.0,62.41263634504792,28.909012576127022,0.1599190232667897,0.1537592154056674,0.0061598078611223,9.337329053904924,9.802217921521695,8.872440186288152,0.1195779668642042,0.2679843509984706,0.2384829571500938,9.52090810870212,9.31899978790333,9.337329053904924,9.51144945114722,9.41640193229636,9.304909120752065,0.0140910741071427,0.0141762563090019,0.015961790473741,0.0232776848693454,0.2233879293944074,0.0,0.0,6.20424,4.58
2019-03-18,9.73742256334593,9.897803640859864,9.731694667720433,9.809021258664652,19669800.0,9.620000703023232,9.76606204147342,9.585633329270244,9.708783085218442,29773500.0,1084410000.0,64.23437302945518,29.283611616185567,0.1812826083033147,0.1592638939851968,0.0220187143181179,9.37785391545532,9.858575809759396,8.897132021151242,0.1577850714712165,0.3092004208144626,0.2466051284646749,9.59880748920889,9.357376688594163,9.37785391545532,9.61064005365303,9.48778726436332,9.352919800553265,0.0121321209919598,0.0133995596463836,0.0151226010205509,0.0102715503218298,0.1002381734462094,0.0,0.0,6.20424,4.58
2019-03-19,9.851980475855882,9.952218649302091,9.728830719907684,9.940762858051096,15555000.0,9.73742256334593,9.897803640859864,9.731694667720433,9.809021258664652,19669800.0,1099965000.0,66.53035916254734,29.789014482903877,0.2064638625330914,0.1687038876947758,0.0377599748383156,9.41594442136488,9.945803792426414,8.886085050303343,0.1835900009172959,0.3503863252774319,0.2718121221792954,9.701336820905295,9.434703279538384,9.41594442136488,9.720680988452386,9.570146463215645,9.408904853648297,0.0116960397631911,0.005482628074946,-0.0002943340712935,0.0133412651654607,0.1317415993864443,0.0,0.0,6.20424,4.58
2019-03-20,9.894939693047114,9.995177866493323,9.728830719907684,9.757470198035174,23480100.0,9.851980475855882,9.952218649302091,9.728830719907684,9.940762858051096,15555000.0,1076484900.0,60.69260230268549,30.384202774628715,0.2092182641929483,0.1768067629944102,0.032411501198538,9.444583899492368,9.983194573139162,8.905973225845571,0.1667127613164825,0.3442144127391169,0.2763014456818073,9.74028651115868,9.498855710543957,9.444583899492368,9.732944058313317,9.60420532409192,9.442101553113712,0.0043509858343262,0.0043072571975804,0.0,-0.0186105982008197,-0.1832926600159226,0.0,0.0,6.20424,4.58
2019-03-21,9.73742256334593,9.768925989286169,9.319286182684603,9.531218320828016,26097900.0,9.894939693047114,9.995177866493323,9.728830719907684,9.757470198035174,23480100.0,1050387000.0,54.35274585009823,28.7528362736158,0.190943434671265,0.1796340973297812,0.0113093373414838,9.454750914227624,9.991840327107818,8.91766150134743,0.1495765120571036,0.2544760842896363,0.2755210553746024,9.749451144159476,9.568163247612476,9.454750914227624,9.665702145818218,9.59093495986212,9.4505888643246,-0.0160470255975173,-0.022896232777827,-0.0430076803816006,-0.0234606157198671,-0.2262518772071562,0.0,0.0,6.20424,4.58
2019-03-22,9.38515698237783,9.451027782071051,9.204728270174654,9.279190913306122,31262100.0,9.73742256334593,9.768925989286169,9.319286182684603,9.531218320828016,26097900.0,1019124900.0,48.30026476011621,26.757752354879223,0.1543448042787805,0.1745762387195811,-0.0202314344408006,9.45260295336806,9.99213446468145,8.91307144205467,0.2608032969055536,0.2055138387944974,0.2767738254376621,9.663532709777012,9.592220409239568,9.45260295336806,9.536865068314183,9.534254224124664,9.434265249941886,-0.0368470619054379,-0.0330830349640742,-0.0123687414815254,-0.0267981931547245,-0.2520274075218953,0.0,0.0,6.20424,4.58
2019-03-25,9.250551435178634,9.439571990820056,9.0958982532902,9.244823539553137,20169900.0,9.38515698237783,9.451027782071051,9.204728270174654,9.279190913306122,31262100.0,998955000.0,47.5231231135942,25.220714548350056,0.121170191628833,0.1638950293014315,-0.0427248376725984,9.452459755977426,9.992210214057655,8.912709297897196,0.3010648089819005,0.2280185329216689,0.27688614275918,9.550693165954709,9.5747503275818,9.452459755977426,9.439517892060502,9.481630463293476,9.416223182285814,-0.0144462324821126,-0.0012128564252091,-0.0118937239304313,-0.0037105793965355,-0.0343673737529854,0.0,0.0,6.20424,4.58
2019-03-26,9.393748825816074,9.588497277082991,9.28491880893162,9.482531208011288,27434700.0,9.250551435178634,9.439571990820056,9.0958982532902,9.244823539553137,20169900.0,1026389700.0,53.13930225659033,23.6567514965158,0.1127602641974299,0.1536680762806312,-0.0409078120832013,9.454607716836987,9.994477832329348,8.914737601344626,0.2080003098724263,0.22475635237684,0.2769475257164368,9.459046835946747,9.58019182842602,9.454607716836987,9.4538556640441,9.48179423506035,9.422538232354906,0.0153612851614872,0.0156535405800037,0.0205678799285951,0.025387508157407,0.2377076684581514,0.0,0.0,6.20424,4.58
2019-03-27,9.342387387214268,9.394193601930798,8.896278316044148,8.936572038601449,37932000.0,9.393748825816074,9.588497277082991,9.28491880893162,9.482531208011288,27434700.0,988457700.0,42.01689926126555,23.103240403167064,0.0613339740438654,0.135201255833278,-0.0738672817894126,9.421009073178448,10.000558145274198,8.841460001082698,0.2356932162879409,0.303566512170202,0.2973024009706391,9.29486720406,9.517576857609342,9.421009073178448,9.28142778889655,9.382662926613277,9.37625573771172,-0.0054826210350369,-0.0204723832567523,-0.0427584278948889,-0.059299210911051,-0.5459591694098389,0.0,0.0,6.20424,4.58
2019-03-28,8.953840776840293,9.353899879373497,8.83295960916839,9.290581172497738,41090400.0,9.342387387214268,9.394193601930798,8.896278316044148,8.936572038601449,37932000.0,1029548100.0,49.41088855015756,22.779232371970437,0.0485838032766015,0.1178777653219427,-0.0692939620453412,9.400671767104962,9.968434603614128,8.832908930595796,0.196710727372947,0.3119953304707855,0.2912561896884338,9.246739774393948,9.498095459276712,9.400671767104962,9.284478916763614,9.36592078950136,9.368096255310387,-0.0424792511768994,-0.0042984407602144,-0.00714288751238,0.0388490350222601,0.3540091338962892,0.0,0.0,6.20424,4.58
2019-03-29,9.1956031121841,9.31936240289581,9.097746928830654,9.175456250905448,18323100.0,8.953840776840293,9.353899879373497,8.83295960916839,9.290581172497738,41090400.0,1011225000.0,47.29854419768406,22.47836777157356,0.0288569372404516,0.1000735997056445,-0.0712166624651928,9.38188128187437,9.953327686194866,8.810434877553876,0.1978992984587979,0.3175133956848304,0.2931458201048638,9.225992841913811,9.444762775845412,9.38188128187437,9.248138028144226,9.331290873393012,9.349749588224205,0.026642869913998,-0.0036991410862023,0.0295366575958815,-0.0124689894797338,-0.1151249215922902,0.0,0.0,6.20424,4.58
2019-04-01,9.27906868033851,9.425852955368676,9.244531203860822,9.385559232811376,15549900.0,9.1956031121841,9.31936240289581,9.097746928830654,9.175456250905448,18323100.0,1026774900.0,51.3833779540119,21.70691271468511,0.0298329132645633,0.0860254624174283,-0.0561925491528649,9.379896630927124,9.951002343481472,8.808790918372775,0.2108329078803001,0.2906356283928634,0.2929710489164646,9.25413998056546,9.402416573260084,9.379896630927124,9.29394509636661,9.341157847832712,9.35316003056584,0.0090357368148841,0.0113620138317713,0.0160053628510343,0.0226401358792136,0.2101029819059281,0.0,0.0,6.20424,4.94
2019-04-02,9.469024800965784,9.469024800965784,9.284824926418125,9.374046740652147,14564400.0,9.27906868033851,9.425852955368676,9.244531203860822,9.385559232811376,15549900.0,1012210500.0,51.14943260833293,20.79321279723513,0.0293392151822686,0.0746882129703964,-0.0453489977881277,9.390224120529286,9.95300225263798,8.827445988420592,0.1855150685184952,0.2208803159339578,0.2886990902852197,9.232443087093632,9.345744961520191,9.390224120529286,9.32064564446179,9.347137646527155,9.355149241050247,0.0202647401328985,0.0045696956900656,0.0043491836185016,-0.0012273705130856,-0.0115124921592286,0.0,0.0,6.20424,4.94
2019-04-03,9.463268554886172,9.497806031363858,9.074721944512197,9.10062505187046,37079700.0,9.469024800965784,9.469024800965784,9.284824926418125,9.374046740652147,14564400.0,975130800.0,45.81434520146356,20.691537284338374,0.0068066478909649,0.0611118999545101,-0.0543052520635451,9.389458078723838,9.953767119093596,8.825149038354079,0.1246164128750633,0.1784235195081606,0.2894844296526602,9.265253689747436,9.280060446903718,9.389458078723838,9.247305446931348,9.302317174771392,9.330908842080746,-0.0006080875833469,0.0030349036951538,-0.0228885991400931,-0.0296017875068161,-0.2734216887816867,0.0,0.0,6.20424,4.94
2019-04-04,9.169700004825836,9.40282797105022,9.02867197587528,9.38268110977157,31308600.0,9.463268554886172,9.497806031363858,9.074721944512197,9.10062505187046,37079700.0,1006439400.0,51.44108516690531,20.749040876257173,0.0115755567928417,0.0512046313221764,-0.0396290745293347,9.416684986705276,9.921362097570524,8.912007875840029,0.1356173286616445,0.160471168517909,0.2588938952703109,9.2836736772022,9.265206725798071,9.416684986705276,9.292430667878088,9.316928799316878,9.335839534241776,-0.031513265706077,-0.0100503358535011,-0.0050874513543828,0.0305224565913362,0.2820560579011086,0.0,0.0,6.20424,4.94
2019-04-05,9.38268110977157,9.555368492160005,9.359656125453112,9.477659170085207,15205800.0,9.169700004825836,9.40282797105022,9.02867197587528,9.38268110977157,31308600.0,1021645200.0,53.203305642365066,20.056063951176075,0.0227565636578752,0.0455150177893162,-0.0227584541314409,9.438636980357774,9.912903006124584,8.964370954590963,0.1424976127483355,0.1740882541247897,0.2432933377831039,9.344114261038152,9.285053551475984,9.438636980357774,9.354173501947129,9.346152503092938,9.349346166226864,0.0229609838907598,0.016092650309464,0.0360032624770232,0.0100718080156108,0.0949780603136378,0.0,0.0,6.20424,4.94
2019-04-08,9.46614667792598,9.56975910735904,9.388437355851185,9.497806031363858,12974100.0,9.38268110977157,9.555368492160005,9.359656125453112,9.477659170085207,15205800.0,1034619300.0,53.588065472804686,19.343878420932786,0.0328644347378048,0.0429849011790139,-0.010120466441209,9.442551064119426,9.917413275532692,8.96768885270616,0.1585921533205602,0.1855938312375269,0.2435991745666468,9.36656362074865,9.310351800657054,9.442551064119426,9.402051011752706,9.373725871869468,9.363485201001817,0.0088563718283034,0.0015048911794202,0.0030703125132576,0.0021234650782071,0.0201468612786506,0.0,0.0,6.20424,4.94
2019-04-09,9.440243570567713,9.463268554886172,9.169700004825836,9.178334373945257,21090900.0,9.46614667792598,9.56975910735904,9.388437355851185,9.497806031363858,12974100.0,1013528400.0,46.99035975518528,19.480124450330912,0.0149242649381129,0.0373727739308337,-0.0224485089927208,9.430061972838237,9.918724053456918,8.941399892219556,0.1791085359158573,0.1790514863862031,0.2506783580998284,9.327421147407271,9.279932117250452,9.430061972838237,9.327478799150224,9.338200144974156,9.345851788901191,-0.0027401448108674,-0.0111901969138838,-0.0235742927109652,-0.0342150804445138,-0.3194716574186014,0.0,0.0,6.20424,4.94
2019-04-10,9.25604369602005,9.322240525935618,9.129406282268532,9.233018711701591,16362900.0,9.440243570567713,9.463268554886172,9.169700004825836,9.178334373945257,21090900.0,1029891300.0,48.16674256440894,19.741879224499733,0.00506078260908,0.030910375666483,-0.0258495930574029,9.413576821084904,9.905460012858414,8.921693629311394,0.1434304755233476,0.1350109353616759,0.2523307532570864,9.353899879373497,9.309576784560466,9.413576821084904,9.295992103334015,9.319076248015508,9.335105781548847,-0.0197050710793327,-0.0150148370047413,-0.0044039077152548,0.0059403019763473,0.0546843377563366,0.0,0.0,6.20424,4.94
2019-04-11,9.238774957781208,9.27906868033851,8.971109515079137,9.022915729795669,21371400.0,9.25604369602005,9.322240525935618,9.129406282268532,9.233018711701591,16362900.0,1008519900.0,44.11592106671013,20.49179412709487,-0.0194850415056944,0.0208312922320475,-0.0403163337377419,9.390452849783484,9.909395857408429,8.871509842158542,0.2031779562096393,0.1628567271235829,0.266212145894576,9.281946803378316,9.282810240290258,9.390452849783484,9.2049666454879,9.265228881066443,9.305373395667592,-0.0018674141747951,-0.0046418155448102,-0.0174913029874015,-0.0230185159193836,-0.2101029819059263,0.0,0.0,6.20424,4.94
2019-04-12,9.063209452352966,9.135162528348149,8.792665886611088,8.838715855248003,17650500.0,9.238774957781208,9.27906868033851,8.971109515079137,9.022915729795669,21371400.0,990869400.0,40.8706625058329,21.690357666806957,-0.053188055616447,0.0060274226623486,-0.0592154782787956,9.346949488284965,9.896810916087944,8.797088060481983,0.2457772154521016,0.2142315353140438,0.2820729607862456,9.154158140410876,9.249136200724514,9.346949488284965,9.082883048741268,9.187681058190364,9.260929820389537,-0.019185995023037,-0.0156302025401648,-0.0200914081616416,-0.0206259326261988,-0.184199874547664,0.0,0.0,6.20424,4.94
2019-04-15,8.950962653800486,8.979743884198557,8.700565949337257,8.907790808203377,20517000.0,9.063209452352966,9.135162528348149,8.792665886611088,8.838715855248003,17650500.0,1011386400.0,42.57658357016189,23.041004666213947,-0.073477166657021,-0.0098734952015253,-0.0636036714554957,9.3018879657619,9.840493045202283,8.763282886321516,0.1692669158843042,0.2328889871599525,0.2762985759144694,9.03615509577878,9.201359358263712,9.3018879657619,9.02451896856197,9.136791921829094,9.227297533514664,-0.0124622159277443,-0.0171596202828263,-0.0105298768262374,0.007784664677874,0.0690749529553738,0.0,0.0,6.20424,4.94
2019-04-16,8.959597022919906,9.192724989144292,8.922181423402414,9.031550098915089,21204600.0,8.950962653800486,8.979743884198557,8.700565949337257,8.907790808203377,20517000.0,1032591000.0,45.604611646769534,23.12320771516795,-0.0786633111858012,-0.0236314583983805,-0.0550318527874207,9.2564273278051,9.719906604619045,8.792948050991155,0.1500852169842879,0.2298355403876948,0.2377598523255945,9.006798240772744,9.167109694090009,9.2564273278051,9.026862678679676,9.117657044935635,9.208654920695656,0.000964165268328,0.0234410479714299,0.0251523956937793,0.0137977481742814,0.1237592907117104,0.0,0.0,6.20424,4.94
2019-04-17,9.11213754402969,9.129406282268532,8.691931580217835,8.9567188998801,41938500.0,8.959597022919906,9.192724989144292,8.922181423402414,9.031550098915089,21204600.0,990652500.0,44.09067671234576,23.847226277101928,-0.0877995222218448,-0.0364650711630733,-0.0513344510587714,9.216389762897348,9.636100675804292,8.7966788499904,0.0808798663811565,0.2387915318633664,0.2153071553882127,8.951538278408446,9.152719078890971,9.216389762897348,9.003481419079819,9.088395564016448,9.18466101395132,0.0168820699993492,-0.006911746020219,-0.026145280104322,-0.0083200479946956,-0.0748311990349872,0.0,0.0,6.20424,4.94
2019-04-18,9.00852511459663,9.287703049457932,8.916425177322798,9.215749973462753,41213400.0,9.11213754402969,9.129406282268532,8.691931580217835,8.9567188998801,41938500.0,1031865900.0,50.24763263114163,23.74515179088414,-0.0732935105002212,-0.0438307590305029,-0.0294627514697183,9.20061634552908,9.594746686050655,8.806486005007507,0.1444318881637104,0.2264450678552526,0.2021845986375429,8.990105127141863,9.13602596526009,9.20061634552908,9.07423760387413,9.111550911188502,9.18762186723812,-0.0114359569067588,0.0171906092972231,0.0254999106078983,0.0285100082583777,0.2590310735826513,0.0,0.0,6.20424,4.94
2019-04-22,9.15243126658699,9.24740932690063,9.094868805790847,9.201359358263714,11486400.0,9.00852511459663,9.287703049457932,8.916425177322798,9.215749973462753,41213400.0,1020379500.0,49.91873739808739,23.650368339396188,-0.0622411172242252,-0.0475128306692474,-0.0147282865549777,9.196724767776962,9.589208481685404,8.80424105386852,0.1404010841665493,0.1947697688739055,0.2013398970080225,9.062633827745008,9.10839598407794,9.196724767776962,9.116611522003993,9.12787971974763,9.188930199716747,0.0158481922400235,-0.0043478329361033,0.0198152856041442,-0.0015627444968187,-0.0143906151990371,0.0,0.0,6.20424,4.94
2019-04-23,9.273312434258894,9.492049785284244,9.224384342582171,9.469024800965784,31671600.0,9.15243126658699,9.24740932690063,9.094868805790847,9.201359358263714,11486400.0,1052051100.0,55.72383585747566,22.44957112414323,-0.0315203052143857,-0.044314325578275,0.0127940203638893,9.207934830847597,9.617700089102645,8.798169572592547,0.1981353080780457,0.1884873967272477,0.2102051422031304,9.174880626297488,9.105517861038134,9.207934830847597,9.234082614991255,9.189906098150932,9.21560587602618,0.0131210879626975,0.0261111440036851,0.0141400627738121,0.0286746946995761,0.2676654427020715,0.0,0.0,6.20424,4.94
2019-04-24,9.437365447527906,9.607174706876537,9.356778002413304,9.566880984319234,50325600.0,9.273312434258894,9.492049785284244,9.224384342582171,9.469024800965784,31671600.0,1102376700.0,57.65626737159812,20.87218735901431,0.0007141040661267,-0.0353086396493947,0.0360227437155214,9.21215231966299,9.634673623473018,8.789631015852963,0.2412650049554812,0.2385615058483214,0.2167488555019412,9.281946803378316,9.144372522075532,9.21215231966299,9.34501540476725,9.258446986545168,9.249060648244567,0.0175362131077285,0.0120556011022365,0.0142505509491348,0.0102813122159211,0.0978561833534481,0.0,0.0,6.20424,4.94
2019-04-25,9.540977876960968,10.09069937756415,9.526587261761932,9.97269633293205,25930500.0,9.437365447527906,9.607174706876537,9.356778002413304,9.566880984319234,50325600.0,1128307200.0,64.563576394049,20.897168601829502,0.0583335795562565,-0.0165801958082644,0.0749137753645209,9.26395853437952,9.781921136892668,8.745995931866373,0.3153390655054376,0.3552392337903057,0.2657092086840885,9.485142289988708,9.218340284198575,9.26395853437952,9.554242380822185,9.388310504070054,9.317978332500518,0.0109191257753145,0.0491039612593997,0.0179855480672035,0.0415437556486648,0.4058153486128173,0.0,0.0,6.20424,4.94
2019-04-26,9.843180796140729,9.92089011821552,9.696396521110556,9.80864331966304,14515200.0,9.540977876960968,10.09069937756415,9.526587261761932,9.97269633293205,25930500.0,1113792000.0,60.28251425785554,20.920365470157897,0.0897254230606083,0.00468092796551,0.0850444950950982,9.289861641737788,9.859770339522557,8.719952943953016,0.2998045600632148,0.3921853801573416,0.2923569932961074,9.603720959228763,9.296913043185311,9.289861641737788,9.639042693769136,9.464734652359688,9.3647083312779,0.0311829274366881,-0.016971498964315,0.0176677750354441,-0.0165870236747971,-0.1640530132690116,0.0,1.0,6.20424,4.94
2019-04-29,9.81727768878246,9.943915102533978,9.74532461278728,9.823033934862076,13762800.0,9.843180796140729,9.92089011821552,9.696396521110556,9.80864331966304,14515200.0,1127554800.0,60.529751360874414,21.00796354696592,0.1144456296048481,0.0266338682933777,0.0878117613114704,9.322240525935618,9.93448163480036,8.709999417070875,0.2052063378961673,0.3879081611129138,0.3140730619759175,9.728055874548437,9.39534485114672,9.322240525935618,9.700373107466785,9.529879976451031,9.408358388762109,-0.0026350476380052,0.002318169684905,0.0050333192865279,0.0014660609575005,0.0143906151990371,0.0,0.0,6.20424,4.94
2019-04-30,9.915133872135907,10.01586817852916,9.785618335344582,9.943915102533978,20490000.0,9.81727768878246,9.943915102533978,9.74532461278728,9.823033934862076,13762800.0,1148044800.0,62.63388726481132,21.300655774392,0.1421520312460433,0.0497375008839108,0.0924145303621325,9.350158319421748,10.019647353477614,8.680669285365882,0.1603375454872116,0.3815348671569881,0.3434406279498598,9.823033934862076,9.498957280579782,9.350158319421748,9.781553772489184,9.605159090284294,9.459363790073716,0.0099184010291133,0.0072098365667496,0.004126147911172,0.0122307872950631,0.1208811676719019,0.0,0.0,6.20424,4.94
2019-05-02,9.857571411339762,9.97269633293205,9.7136652593494,9.75683710494651,13117800.0,9.915133872135907,10.01586817852916,9.785618335344582,9.943915102533978,20490000.0,1134927000.0,57.52302268892243,21.22106875718755,0.1473157588639786,0.0692531524799244,0.0780626063840542,9.369297837636466,10.061911494501889,8.676684180771044,0.0927139884776972,0.3504834914388339,0.3553033091512293,9.86102515898753,9.571485981182924,9.369297837636466,9.773314883308291,9.63273691113197,9.487694581966364,-0.0058224327514335,-0.0043196611445162,-0.0073801072976227,-0.0189925358272744,-0.187077997587469,0.0,0.0,6.20424,4.66
2019-05-03,9.762593351026124,9.883474518698028,9.75683710494651,9.851815165260149,8209200.0,9.857571411339762,9.97269633293205,9.7136652593494,9.75683710494651,13117800.0,1143136200.0,59.33715130643322,21.14716652692627,0.1572591997422066,0.0868543619323808,0.0704048378098257,9.40685734330595,10.11833355017524,8.695381136436659,0.0690569623436623,0.2840333029578844,0.3649795931357759,9.83684892545315,9.66099560772093,9.40685734330595,9.79948164395891,9.672569320973455,9.522372732756248,-0.0096817537845317,-0.0089868701665829,0.0044345970678656,0.0096874381556895,0.0949780603136378,0.0,0.0,6.20424,4.66
2019-05-06,9.64171218335422,9.722299628468823,9.558246615199812,9.719421505429017,10745100.0,9.762593351026124,9.883474518698028,9.75683710494651,9.851815165260149,8209200.0,1132391100.0,55.76210087386468,20.11883428537247,0.1526961996489664,0.1000227294756979,0.0526734701732684,9.423694363088822,10.147908989450094,8.69947973672755,0.0872883046877276,0.2370831228325254,0.3715142644550513,9.819004562606343,9.711362760917556,9.423694363088822,9.772794931115612,9.681087899965377,9.541139282534608,-0.0124593720926817,-0.0164419440896752,-0.0205639789977492,-0.0135296181446173,-0.1323936598311306,0.0,0.0,6.20424,4.66
2019-05-07,9.595662214717306,9.699274644150366,9.44312169360752,9.650346552473644,24635400.0,9.64171218335422,9.722299628468823,9.558246615199812,9.719421505429017,10745100.0,1107755700.0,53.93621332794865,18.69704577646328,0.1418708192871776,0.1083923474379938,0.0334784718491837,9.432328732208244,10.16299994323752,8.701657521178968,0.1150457459827856,0.1596302049899261,0.3748264225039402,9.78446708612866,9.756261480338548,9.432328732208244,9.731978804901622,9.675498564057786,9.551539974909751,-0.0047875615083725,-0.002371074021338,-0.0121176884156448,-0.0071322739193391,-0.0690749529553738,0.0,0.0,6.20424,4.66
2019-05-08,9.785618335344582,9.981330702051473,9.75683710494651,9.926646364295136,15489900.0,9.595662214717306,9.699274644150366,9.44312169360752,9.650346552473644,24635400.0,1123245600.0,59.63042664802667,18.397463918301128,0.1538136450830798,0.117476606967011,0.0363370381160687,9.453770748854808,10.215383450464332,8.692158047245284,0.1091715736984902,0.1311998349793798,0.3906990722622307,9.781013338480893,9.802023636671482,9.453770748854808,9.796867991366128,9.721161800464577,9.587264392946455,0.0196026472935133,0.0286653145540252,0.032681667413394,0.028228866470612,0.2762998118214934,0.0,0.0,6.20424,4.66
2019-05-09,9.771227720145546,9.820155811822268,9.644590306394027,9.742446489747474,10104600.0,9.785618335344582,9.981330702051473,9.75683710494651,9.926646364295136,15489900.0,1113141000.0,54.76963128179573,17.635011484670084,0.1467236907417852,0.1233260237219659,0.0233976670198193,9.481976354644916,10.242479727295118,8.721472981994717,0.110153556010888,0.1054596368802765,0.3901299985134275,9.778135215441084,9.819580187214306,9.481976354644916,9.778727490826576,9.725031743970558,9.602043640260838,-0.0014716706114561,-0.016279429288863,-0.0115711126371853,-0.0187304275904653,-0.1841998745476623,0.0,0.0,6.20424,4.66
2019-05-10,9.61005282991634,9.696396521110556,9.451756062726943,9.587027845597884,17027100.0,9.771227720145546,9.820155811822268,9.644590306394027,9.742446489747474,10104600.0,1096113900.0,50.99264481572314,16.583393200376374,0.1270987498785043,0.1240805689532736,0.0030181809252307,9.499676811339734,10.252619927848423,8.746733694831043,0.1280683904010213,0.1134595544176345,0.3862516689447229,9.72517775150863,9.781013338480893,9.499676811339734,9.71482760908368,9.699940126084616,9.600613564578651,-0.0166324000491422,-0.0126826652050167,-0.0201966171649914,-0.0160813471526957,-0.1554186441495897,0.0,0.0,6.20424,4.66
2019-05-13,9.374046740652147,9.483415416164824,9.250287449940435,9.333753018094846,18821100.0,9.61005282991634,9.696396521110556,9.451756062726943,9.587027845597884,17027100.0,1077292800.0,45.48747141516366,16.300228231779773,0.0900704054141137,0.1172785362454416,-0.0272081308313279,9.515218675754692,10.240479355619378,8.789957995890006,0.2173926180981242,0.1803034272420844,0.3720508785798646,9.648044054041796,9.733524308324071,9.515218675754692,9.587802745420737,9.633360651904658,9.575198274437335,-0.0248648346674209,-0.0222097964699452,-0.0215459242748612,-0.0267737318863616,-0.2532748275030378,0.0,0.0,6.20424,4.66
2019-05-14,9.327996772015233,9.543856000000774,9.316484279856002,9.368290494572532,18922800.0,9.374046740652147,9.483415416164824,9.250287449940435,9.333753018094846,18821100.0,1096215600.0,46.33824036600346,15.78558396269175,0.0627882771862236,0.106380484433598,-0.0435922072473744,9.54169740772092,10.201988953650464,8.881405861791377,0.2506909602434721,0.2101027628706833,0.3387224160942761,9.591632842461577,9.688049964295116,9.54169740772092,9.514631995138,9.58516607784427,9.55549277159307,-0.004924602134686,0.0063530693185778,0.0071307076287867,0.0036934483353516,0.034537476477686,0.0,0.0,6.20424,4.66
2019-05-15,9.155309389626796,9.385559232811376,9.123650036188918,9.33087489505504,35730900.0,9.327996772015233,9.543856000000774,9.316484279856002,9.368290494572532,18922800.0,1060484700.0,45.509601823598175,15.9380181524525,0.0377131342862124,0.0926470144041209,-0.0549338801179084,9.5628516120635,10.165111219846994,8.960592004280008,0.1844964422444324,0.2164906388058596,0.3089526599605798,9.472478548613555,9.626745943547224,9.5628516120635,9.45337962844368,9.538931317337138,9.53410059287516,-0.0186863113924036,-0.0167253404658662,-0.0209153870549183,-0.0040018523470481,-0.0374155995174927,1.0,0.0,6.20424,4.66
2019-05-16,9.221506219542364,9.27906868033851,9.09199068275104,9.146675020507375,33863700.0,9.155309389626796,9.385559232811376,9.123650036188918,9.33087489505504,35730900.0,1026621000.0,41.56855309423095,16.178493274567426,0.0029435806623325,0.0747063276557632,-0.0717627469934306,9.568607858143118,10.152361598335766,8.98485411795047,0.156869587378858,0.2577958654440706,0.2994593501931993,9.353324254765536,9.565729735103307,9.568607858143118,9.35114475913158,9.467611990640815,9.497202919316324,0.007204416439106,-0.0114110721628,-0.0034760660692407,-0.0199383551989602,-0.1841998745476623,1.0,0.0,6.20424,4.66
2019-05-17,9.126528159228728,9.414340463209449,9.02867197587528,9.143796897467569,28254600.0,9.221506219542364,9.27906868033851,9.09199068275104,9.146675020507375,33863700.0,998366400.0,41.508068328710365,15.787807353270818,-0.0245606615437381,0.0548529298158629,-0.0794135913596011,9.57796175802249,10.127170004892715,9.028753511152262,0.1100294053763427,0.2675364634618431,0.2817378860377463,9.264678065139472,9.494927908324051,9.57796175802249,9.282028805243575,9.408736519154772,9.463545202949776,-0.0103530336499026,0.0144729239118648,-0.0069885926114072,-0.0003147128271452,-0.0028781230398085,0.0,0.0,6.20424,4.66
2019-05-20,9.201359358263714,9.497806031363858,9.074721944512197,9.45463418576675,22955400.0,9.126528159228728,9.414340463209449,9.02867197587528,9.143796897467569,28254600.0,1021321800.0,49.97417592667999,15.063736311885672,-0.0210335387178641,0.0396756361091175,-0.0607091748269817,9.58990596863769,10.117031669398235,9.062780267877145,0.1385779631546083,0.2556900923657458,0.2704097789040182,9.288854298673852,9.468449176357826,9.58990596863769,9.339563932084635,9.41708154944786,9.46269653464663,0.0081658745214943,0.0088267199161875,0.0050874513543828,0.0334292966491949,0.3108372882991812,0.0,0.0,6.20424,4.66
2019-05-21,9.477659170085207,9.975574455971858,9.431609201448293,9.871962026538798,36361500.0,9.201359358263714,9.497806031363858,9.074721944512197,9.45463418576675,22955400.0,1057683300.0,58.63154696107801,15.24247401630416,0.0152606848536578,0.0347926458580256,-0.0195319610043677,9.623436102051445,10.132436942216213,9.114435261886676,0.2999095355864157,0.2815081275706255,0.2611119216011038,9.389588605067107,9.49061072376434,9.623436102051445,9.517029963569357,9.49978709073712,9.501674200541125,0.0295861333165228,0.0490787228209796,0.0385739891537535,0.0431936092412748,0.4173278407720477,0.0,0.0,6.20424,4.66
2019-05-22,9.871962026538798,9.987086948131088,9.719421505429017,9.846058919180534,17048700.0,9.477659170085207,9.975574455971858,9.431609201448293,9.871962026538798,36361500.0,1040634600.0,57.961064650948,15.441831634542316,0.0414560744169723,0.0361253315698149,0.0053307428471573,9.64228780796218,10.154931857753226,9.129643758171134,0.3576373338744305,0.2684913280568113,0.2629808487054386,9.492625409892204,9.48255197925288,9.64228780796218,9.626706282106417,9.56274560499956,9.534472745173447,0.0407612577836213,0.0011534026653539,0.0300593716867534,-0.0026273551823812,-0.025903107358264,0.0,0.0,6.20424,4.66
2019-05-23,9.699274644150366,9.915133872135907,9.676249659831909,9.874840149578606,23293200.0,9.871962026538798,9.987086948131088,9.719421505429017,9.846058919180534,17048700.0,1063927800.0,58.52854060488227,15.438211820276576,0.0638030324893055,0.041660871753713,0.0221421607355924,9.65768576622515,10.178775407092596,9.136596125357704,0.3286256968810462,0.2854587697512993,0.2673133455129138,9.638258435706453,9.495791345235991,9.65768576622515,9.709417571263812,9.619490067650297,9.56688868845013,-0.0176475168135783,-0.0072306894931459,-0.004451706417007,0.0029188578808452,0.0287812303980725,0.0,0.0,6.20424,4.66
2019-05-24,9.918011995175714,9.938158856454365,9.779862089264968,9.871962026538798,18941700.0,9.699274644150366,9.915133872135907,9.676249659831909,9.874840149578606,23293200.0,1044986100.0,58.44358006769519,15.511569743820136,0.080354639027254,0.0493996252084212,0.0309550138188327,9.652649050905488,10.163304973747788,9.14199312806319,0.1844313280963442,0.3088404688468744,0.2619609611001323,9.783891461520698,9.524284763330083,9.652649050905488,9.763599056355474,9.665394060175476,9.595943292077624,0.0223013937414675,0.0023195139422331,0.0106509882633165,-0.000291502698464,-0.0028781230398085,0.0,0.0,6.20424,4.66
2019-05-27,9.929524487334945,10.084943131484534,9.869083903498993,10.012990055489352,13921500.0,9.918011995175714,9.938158856454365,9.779862089264968,9.871962026538798,18941700.0,1058907600.0,61.40032566260239,16.05802022019763,0.1036567987208219,0.0602510599109013,0.0434057388099205,9.662866387696804,10.19338894253246,9.132343832861148,0.0666768621867728,0.3357969191380188,0.2721523282771459,9.895562635465218,9.592208467069536,9.662866387696804,9.8467293894001,9.728593332050725,9.635662031450169,0.0011600929375306,0.0146617546662897,0.0090816502310429,0.0141846349919561,0.1410280289505543,0.0,0.0,6.20424,4.66
2019-05-28,10.038893162847618,10.364121066345836,9.964061963812629,10.272021129072003,26179800.0,9.929524487334945,10.084943131484534,9.869083903498993,10.012990055489352,13921500.0,1085087400.0,66.16249926413934,17.339539063402537,0.1413956499492048,0.076479977918562,0.0649156720306427,9.6853157474073,10.275672806600037,9.094958688214565,0.1781416342179418,0.3866047693506048,0.3028467813662004,9.975574455971858,9.682581530519482,9.6853157474073,9.988493302624068,9.827398386054591,9.696267659795105,0.0109542750034647,0.0273064115925931,0.0095777832732344,0.0255405483382187,0.2590310735826513,0.0,0.0,6.20424,4.66
2019-05-29,10.24611802171374,10.3900241737041,10.202946176116631,10.335339835947762,26711100.0,10.038893162847618,10.364121066345836,9.964061963812629,10.272021129072003,26179800.0,1111798500.0,67.2268971382669,18.595036779812972,0.1744028444806264,0.0960645512309749,0.0783382932496515,9.70488698407799,10.351509642172802,9.05826432598318,0.21892661934065,0.414550639620694,0.3317104245865184,10.073430639325306,9.783028024608754,9.70488698407799,10.104108813731964,9.91975137694426,9.757131676571548,0.0204320388172059,0.0024961876780515,0.0236917032300731,0.0061452707359221,0.0633187068757585,0.0,0.0,6.20424,4.66
2019-05-30,10.378511681544872,10.611639647769255,10.312314851629305,10.55695531001292,20027400.0,10.24611802171374,10.3900241737041,10.202946176116631,10.335339835947762,26711100.0,1131825900.0,70.70077525656457,20.28854260710336,0.2159544125491237,0.1200425234946047,0.095911889054519,9.74489289433131,10.490803943948803,8.998981844713816,0.2706552995742806,0.4138973763113514,0.3826442947443322,10.209853671412166,9.924056053559308,9.74489289433131,10.255057645825618,10.035606637502196,9.833305355946916,0.0128385799171866,0.0211053469072175,0.0106622783387257,0.0212158391502725,0.2216154740651568,1.0,0.0,6.20424,4.66
2019-05-31,10.608761524729449,10.81886450663538,10.508027218336196,10.519539710495424,34237800.0,10.378511681544872,10.611639647769255,10.312314851629305,10.55695531001292,20027400.0,1097588100.0,69.36396962665027,22.283823310651997,0.2430633207603811,0.14464668294776,0.0984166378126211,9.778279121593073,10.59660289419955,8.959955348986595,0.2184493491216545,0.3493373010763914,0.4197912378454504,10.339369208203491,10.061630334862096,9.778279121593073,10.343218334048888,10.12359446895551,9.89866100876106,0.0219427344665055,0.0193398453300339,0.018800664350683,-0.0035504611924763,-0.0374155995174945,-1.0,0.0,6.20424,4.66
2019-06-03,10.64905524728675,10.781448907117884,10.381389804584678,10.496514726176969,24736500.0,10.608761524729449,10.81886450663538,10.508027218336196,10.519539710495424,34237800.0,1072851600.0,68.50554701960752,23.467045532944017,0.2596957906012278,0.1676565044784536,0.0920392861227742,9.81713378263047,10.692402136347129,8.941865428913813,0.1247924412642235,0.3000847198994588,0.4490031915892515,10.436074142341017,10.165818388903116,9.81713378263047,10.394317131424916,10.191398152086684,9.955599458038764,0.0037909604025472,-0.0034643605601445,-0.0121247007520977,-0.0021911813751986,-0.0230249843184573,0.0,0.0,6.20424,3.37
2019-06-04,10.603005278649835,10.63754275512752,10.407292911942942,10.490758480097352,15223800.0,10.64905524728675,10.781448907117884,10.381389804584678,10.496514726176969,24736500.0,1057627800.0,68.27805141119603,24.56575188221518,0.2693082440302845,0.1879868523888198,0.0813213916414647,9.859154379011656,10.777970040347345,8.940338717675967,0.0848533933812148,0.2965357666499199,0.4713424890436106,10.479821612546086,10.227698034258973,9.859154379011656,10.42646424764906,10.245827302634078,10.006566983949106,-0.004333701257118,-0.013437450242459,0.0024920406085282,-0.0005485463659216,-0.0057562460796134,1.0,0.0,6.20424,3.37
2019-06-05,10.46197724969928,10.51378346441581,10.217336791315669,10.292167990350654,21950100.0,10.603005278649835,10.63754275512752,10.407292911942942,10.490758480097352,15223800.0,1035677700.0,60.7790264887917,24.60301893969342,0.2579283523036793,0.2019751523717917,0.0559531999318875,9.877430460314432,10.815233895384951,8.939627025243913,0.1034003505516716,0.2645767645098465,0.4810830114467234,10.471187243426664,10.272308941375984,9.877430460314432,10.381698828549592,10.25425288221891,10.033767079796872,-0.0133900074075778,-0.0117024059662922,-0.0184208390426054,-0.0191115081493538,-0.1985904897466994,1.0,0.0,6.20424,3.37
2019-06-06,10.361242943306028,10.746911430640198,10.352608574186606,10.74403330760039,23202300.0,10.46197724969928,10.51378346441581,10.217336791315669,10.292167990350654,21950100.0,1058880000.0,69.09612525251876,25.25737002919389,0.2821193644089828,0.2180039947792299,0.0641153696297528,9.927509801207078,10.935477799615716,8.91954180279844,0.1603556266784204,0.2622552915488306,0.5170766729809331,10.508602842944155,10.359228257178165,9.927509801207078,10.502476988233193,10.343303868651908,10.101411482444828,-0.0096752655234184,0.0219312973063856,0.0131525612261622,0.0429673426211789,0.4518653172497355,0.0,0.0,6.20424,3.37
2019-06-07,10.674958354645018,10.792961399277113,10.6289083860081,10.66056773944598,12509400.0,10.361242943306028,10.746911430640198,10.352608574186606,10.74403330760039,23202300.0,1046370600.0,66.29942278413452,25.97874528072712,0.291199179118383,0.2326430316470605,0.0585561474713224,9.981186795899482,11.02462524761717,8.937748344181795,0.1745362725458205,0.2134863379748543,0.5352726315977987,10.536808448734268,10.438088828468882,9.981186795899482,10.55517390530412,10.400988208796283,10.15466445930208,0.0298284530453898,0.0042757948627882,0.0263389711569392,-0.0077988831485136,-0.0834655681544092,0.0,0.0,6.20424,3.37
2019-06-10,10.697983338963477,10.792961399277113,10.61739589384887,10.721008323281932,14383800.0,10.674958354645018,10.792961399277113,10.6289083860081,10.66056773944598,12509400.0,1060754400.0,67.33061473540414,26.58640520714362,0.2998159559731359,0.2460776165122756,0.0537383394608602,10.050549561158835,11.09704471587888,9.00405440643879,0.1897881558569849,0.1697688741007742,0.5368406871523849,10.581707168155262,10.50889065524814,10.050549561158835,10.610452044630058,10.45917368415731,10.208601970157304,0.0021545928076611,0.0,-0.0010837172558875,0.0056535350475899,0.0604405838359518,0.0,0.0,6.20424,3.37
2019-06-11,10.792961399277113,11.080773703257837,10.666323985525596,10.974283150784968,35067900.0,10.697983338963477,10.792961399277113,10.61739589384887,10.721008323281932,14383800.0,1095822300.0,71.29445409993775,27.84142070911245,0.3233545456633031,0.2615330023424811,0.0618215433208219,10.13084919396946,11.201793285352066,9.059905102586852,0.2465579005324575,0.2029118701084182,0.5493827270260301,10.678412102292786,10.579116857419436,10.13084919396946,10.731729080015027,10.552829950816884,10.28152398735994,0.0088389486672042,0.0263173083173735,0.0045977092486295,0.0233494290439035,0.2532748275030361,0.0,1.0,6.20424,3.37
2019-06-12,10.936867551267474,11.020333119421885,10.721008323281932,10.80447389143634,42649200.0,10.792961399277113,11.080773703257837,10.666323985525596,10.974283150784968,35067900.0,1053173100.0,65.55178698826339,29.006792246654943,0.324565470792594,0.2741394960325037,0.0504259747600902,10.204529143788523,11.24758646611971,9.161471821457337,0.1197693477841471,0.1943390289786968,0.5350771163478519,10.780873282509924,10.626030262968293,10.204529143788523,10.7559773504888,10.598583394565877,10.33132874012912,0.0132452267500209,-0.0054694758045354,0.0051137239683547,-0.0155943427111093,-0.1698092593486269,0.0,0.0,6.20424,3.37
2019-06-13,10.821742629675184,11.077895580218028,10.755545799759618,10.910964443909208,43067100.0,10.936867551267474,11.020333119421885,10.721008323281932,10.80447389143634,42649200.0,1096240200.0,67.32905912216061,30.220974365393065,0.33031042234993,0.285373681295989,0.044936741053941,10.292743614958615,11.258580300633872,9.32690692928336,0.1297806922692756,0.2118156471279082,0.4954637655762431,10.814259509771684,10.66143117635792,10.292743614958615,10.80763971496227,10.655379948991934,10.386532140489129,-0.0105821093305369,0.0052097018064518,0.0032162986718238,0.0098078983698806,0.1064905524728665,0.0,0.0,6.20424,3.37
2019-06-14,10.8677925983121,10.873548844391715,10.1914336839574,10.343974205067184,73840800.0,10.821742629675184,11.077895580218028,10.755545799759618,10.910964443909208,43067100.0,1022399400.0,51.95840828020941,28.64812027456748,0.2858172408721273,0.2854623932112167,0.0003548476609106,10.352752480338598,11.16203948162138,9.543465479055817,0.2474231833805365,0.2312661360570403,0.4151554719700223,10.750940802895926,10.643874625815098,10.352752480338598,10.653084544997242,10.598760722823796,10.382479003782276,0.0042462908814506,-0.0186186052222914,-0.0538739773735801,-0.0533640481728308,-0.566990238842024,0.0,0.0,6.20424,3.37
2019-06-17,10.28641174427104,10.384267927624483,10.16265245355933,10.217336791315669,47529300.0,10.8677925983121,10.873548844391715,10.1914336839574,10.343974205067184,73840800.0,974870100.0,49.25382234613117,27.07920282572795,0.2375986042484044,0.2758896354186542,-0.0382910311702498,10.390887610616042,11.091938596891612,9.689836624340472,0.3456780337657746,0.2653680428485733,0.3596315678133405,10.650206496502673,10.615956832328967,10.390887610616042,10.50783529377005,10.529410917095044,10.366751174023552,-0.0549798315460177,-0.0460411668789406,-0.0028280561835174,-0.0123181848740423,-0.1266374137515171,0.0,0.0,6.20424,3.37
2019-06-18,10.588614663450798,10.948380043426702,10.53393032569446,10.91959881302863,51963600.0,10.28641174427104,10.384267927624483,10.16265245355933,10.217336791315669,47529300.0,1026833700.0,61.2879148268592,27.145025832080744,0.2531336957567962,0.2713384474862826,-0.0182047517294864,10.443269449940534,11.13792577629423,9.748613123586836,0.3335122483155353,0.2772714685434931,0.3563511764889462,10.639269628951403,10.658840865622096,10.443269449940534,10.645089800189576,10.600354170901149,10.419403330119271,0.0289555593854009,0.0528995424827667,0.0358820304670257,0.0664732680254975,0.7022620217129631,0.0,0.0,6.20424,3.37
2019-06-19,10.859158229192678,10.95125816646651,10.672080231605207,10.775692661038269,56394000.0,10.588614663450798,10.948380043426702,10.53393032569446,10.91959881302863,51963600.0,970439700.0,58.24004394732794,27.212594224859824,0.2509406562298739,0.2672588892350009,-0.016318233005127,10.48975113703342,11.141421435150791,9.838080838916046,0.3301798004882602,0.2466984077168346,0.334299809282652,10.633513382871792,10.707193332690856,10.48975113703342,10.688624087139145,10.632233896380624,10.453335647349654,0.0252294648595361,0.000262846630505,0.0130295002903335,-0.0132663128974765,-0.143906151990361,0.0,0.0,6.20424,3.37
2019-06-21,10.83613324487422,11.431904714114316,10.821742629675184,11.382976622437594,54357600.0,10.859158229192678,10.95125816646651,10.672080231605207,10.775692661038269,56394000.0,1024797300.0,65.93819619820678,28.22030740268521,0.2948070449032602,0.2727685203686528,0.0220385245346074,10.56515796067637,11.262206502958245,9.868109418394496,0.468036259133768,0.3269797741489142,0.3575783573668579,10.727915818577468,10.771087664174576,10.56515796067637,10.920074932238627,10.768732573845526,10.541872883072315,-0.0021225797303165,0.0429537548692771,0.0139263096981947,0.0548260426042714,0.6072839613993253,0.0,0.0,6.20424,3.37
2019-06-24,11.475076559711423,11.489467174910462,11.27360794692492,11.406001606756051,31422600.0,10.83613324487422,11.431904714114316,10.821742629675184,11.382976622437594,54357600.0,1056219900.0,66.19266213321242,29.253189236363387,0.3276524245798526,0.2837453012108928,0.0439071233689598,10.641859939687231,11.354350909994997,9.92936896937947,0.4906731326996147,0.3797039563179215,0.3655001557959557,10.940321298915242,10.845631050905585,10.641859939687231,11.082050490411104,10.884599670738348,10.624170856756482,0.0572912071473612,0.0050226122662917,0.0409070972818907,0.0020207129886808,0.0230249843184591,0.0,0.0,6.20424,3.37
2019-06-25,11.296632931243378,11.362829761158943,10.83613324487422,10.856280106152871,50675100.0,11.475076559711423,11.489467174910462,11.27360794692492,11.406001606756051,31422600.0,1005544800.0,55.52686689520118,28.58721861263245,0.3057996259925453,0.2881561661672233,0.0176434598253219,10.684024442220409,11.340249812792011,10.027799071648806,0.3023851453651054,0.3771720183159186,0.3366365121477612,11.068109961882683,10.859158229192678,10.684024442220409,11.00679369565836,10.879450658995534,10.646276499556135,-0.015672717164846,-0.0110832368779827,-0.0395781934318373,-0.0493959494370868,-0.5497215006031819,1.0,0.0,6.20424,3.37
2019-06-26,11.018774363639686,11.065023154253074,10.616987995185877,10.69503282934597,42468300.0,11.296632931243378,11.362829761158943,10.83613324487422,10.856280106152871,50675100.0,963076500.0,52.83744137369745,27.29030041301844,0.2723305608470383,0.2849910451031863,-0.012660484256148,10.705175027234109,11.333599437091426,10.076750617376788,0.343799401480099,0.3780379034061357,0.3223749202177487,11.023196765146151,10.831233197048778,10.705175027234109,10.902873406887563,10.845920144513794,10.650919959536122,-0.0249041323607821,-0.0265584148988926,-0.0204308613326924,-0.0149643120393982,-0.1612472768069004,0.0,1.0,6.20424,3.37
2019-06-27,10.567848655159152,10.906042936519553,10.52738096337244,10.825107552946124,24051000.0,11.018774363639686,11.065023154253074,10.616987995185877,10.69503282934597,42468300.0,987127500.0,54.7417583370291,25.82017443091129,0.2533812078624287,0.2786690776550348,-0.0252878697926061,10.729663413084024,11.336326139102653,10.123000687065396,0.3355163192616811,0.3779319156769795,0.3112114119560397,11.033079743527724,10.833296563199758,10.729663413084024,10.876951455573751,10.842136036956036,10.667509254146598,-0.0417843322000517,-0.0144720326085345,-0.0084757855321138,0.0120887973190044,0.1300747236001544,0.0,0.0,6.20424,3.37
2019-06-28,10.958072825959611,10.958072825959611,10.78463986115941,10.84823194825282,16676400.0,10.567848655159152,10.906042936519553,10.52738096337244,10.825107552946124,24051000.0,1003803900.0,55.08894044503267,24.592594435468897,0.2374919946612035,0.2704336610562685,-0.032941666395065,10.74422724499602,11.347582301387892,10.140872188604147,0.2760594637922028,0.3770190129919917,0.3095146132395898,10.926130808690768,10.827023313634118,10.74422724499602,10.867378286466776,10.843244384464542,10.68472093929957,0.0362601829422937,0.0047593955520239,0.0241433129336048,0.0021339031837008,0.0231243953066933,0.0,0.0,6.20424,3.37
2019-07-01,10.984087770679643,11.082366450733096,10.885809090626196,11.007212165986338,23845200.0,10.958072825959611,10.958072825959611,10.78463986115941,10.84823194825282,16676400.0,1027649100.0,57.50261783869856,23.78175743752463,0.2350189020331612,0.263350709251647,-0.0283318072184858,10.768610867770564,11.373089482724694,10.164132252816437,0.1110483118378546,0.339023622146729,0.3100909866206765,10.846372920536824,10.893347109726031,10.768610867770564,10.913989579639964,10.873056708377597,10.715434389460215,0.0023712301981424,0.0112788080892554,0.0093371359959393,0.0145485967762346,0.1589802177335197,0.0,0.0,6.20424,3.22
2019-07-02,11.027446011879697,11.093928648386443,10.801983157639429,10.85401304707949,27138300.0,10.984087770679643,11.082366450733096,10.885809090626196,11.007212165986338,23845200.0,1000510800.0,54.46494594994135,22.743087231245585,0.2181820034284971,0.2543169680870171,-0.0361349646585199,10.786485783815692,11.378742307489766,10.194229260141618,0.1110023665778554,0.244598241972209,0.303821186085404,10.84591950872215,10.957014735302415,10.786485783815692,10.893997402119806,10.869594224505214,10.728632356852527,0.0039395980040803,0.0010427529620553,-0.0077302797316134,-0.0140158317130207,-0.1531991189068478,1.0,0.0,6.20424,3.22
2019-07-03,10.868465794146177,11.099709747213115,10.868465794146177,11.070804253079746,33529800.0,11.027446011879697,11.093928648386443,10.801983157639429,10.85401304707949,27138300.0,1034040600.0,57.85762176810376,21.79557278268617,0.2197981818843697,0.2474132108464876,-0.0276150289621179,10.815488072464811,11.403773487554272,10.22720265737535,0.1105120210612488,0.2466929027464792,0.3017840503646077,10.921073793468905,10.972135279307528,10.815488072464811,10.952933019106451,10.90617786606422,10.761220156493216,-0.0145217073346173,0.0005209690141274,0.006135806898456,0.0197765179764566,0.2167912060002557,0.0,0.0,6.20424,3.22
2019-07-04,11.174864031959869,11.515948862733609,11.174864031959869,11.446575676813524,28869600.0,10.868465794146177,11.099709747213115,10.868465794146177,11.070804253079746,33529800.0,1062910200.0,63.00312984793635,22.006424649763098,0.2485356639709035,0.2476377014713708,0.0008979624995327,10.873208456787951,11.471234116559389,10.275182797016518,0.2442078067334145,0.2767293264017633,0.3067806904584669,11.045367418242384,11.039223580885054,10.873208456787951,11.11748057167548,11.004432013473185,10.826492110809436,0.0278014233843362,0.0368139731227161,0.0278014233843362,0.0333792220738349,0.375771423733779,0.0,0.0,6.20424,3.22
2019-07-05,11.392335196858513,11.71112351322952,11.345965987204549,11.67924468159242,33661500.0,11.174864031959869,11.515948862733609,11.174864031959869,11.446575676813524,28869600.0,1096571700.0,65.78848747434463,22.624135188314305,0.2867789604145567,0.255465953260008,0.0313130071545487,10.919969025487555,11.609526943222171,10.23041110775294,0.340356934095585,0.3286158615742156,0.3537357480523162,11.211569964910304,11.068850386800538,10.919969025487555,11.304735274981129,11.1271252258585,10.907706641360194,0.0192738048551026,0.0168061855755028,0.0151952878581456,0.0201226898937205,0.2326690047788933,0.0,0.0,6.20424,3.22
2019-07-08,11.708225437626147,11.774881176503722,11.615487018318218,11.641569698748574,16567200.0,11.392335196858513,11.71112351322952,11.345965987204549,11.67924468159242,33661500.0,1080004500.0,64.93597535511427,23.33082763140461,0.3104681090205918,0.2664663844121248,0.044001724608467,10.969019123452686,11.715042028167476,10.222996218737896,0.3626386409338088,0.3621974128485614,0.3827016751985297,11.338441471462753,11.092407195999789,10.969019123452686,11.417013416236944,11.220660584565785,10.977598361111468,0.0273508455333351,0.0054294309092535,0.0234770343397969,-0.0032310205814463,-0.0376749828438445,0.0,0.0,6.20424,3.22
2019-07-10,11.867619595811654,12.46172509450308,11.815454234950945,12.276248255887218,49541700.0,11.708225437626147,11.774881176503722,11.615487018318218,11.641569698748574,16567200.0,1129546200.0,71.61017036718334,25.132606730422165,0.3761195136657758,0.288397010262855,0.0877225034029207,11.04678112008295,11.975129218274695,10.118433021891205,0.4376891603412499,0.508240471382239,0.4762325259720771,11.622888513224297,11.234404010973222,11.04678112008295,11.703425029453705,11.412585615715134,11.101279303471063,0.0135220253319743,0.056693405693927,0.0170690600545531,0.0530840723620147,0.6346785571386437,0.0,0.0,6.20424,3.22
2019-07-11,12.200898290199524,12.200898290199524,11.827046537364431,11.89660035184538,30463800.0,11.867619595811654,12.46172509450308,11.815454234950945,12.276248255887218,49541700.0,1099082400.0,63.78863036660781,26.80568732236704,0.3929842342059224,0.3093144550514685,0.0836697791544539,11.092896980135972,12.091251053321784,10.09454290695016,0.3162358713348236,0.5085908267992981,0.5121448334023408,11.788047732977422,11.354560763223164,11.092896980135972,11.767816803584262,11.50058829501154,11.177024165220995,0.0276959303892572,-0.0211523750052267,0.0009806325865522,-0.0314136848347685,-0.379647904041839,0.0,0.0,6.20424,3.22
2019-07-12,11.908192654258873,11.971950317533077,11.485073616166442,11.51405437220017,33413700.0,12.200898290199524,12.200898290199524,11.827046537364431,11.89660035184538,30463800.0,1065668700.0,57.02931043330437,27.078780978042374,0.3712023931280033,0.3216920426667755,0.0495103504612277,11.128376004174164,12.133618733577835,10.123133274770488,0.2989895596080983,0.4744159449488481,0.5156786394795824,11.801543472054751,11.423455445148567,11.128376004174164,11.683229326456232,11.5030366726822,11.209122280171394,-0.0242829577930172,-0.0189431392796626,-0.0293407422153708,-0.0326842660719295,-0.3825459796452097,0.0,0.0,6.20424,3.22
2019-07-15,11.583608186681117,11.670550454782305,11.430010179702355,11.490869767373187,16866900.0,11.908192654258873,11.971950317533077,11.485073616166442,11.51405437220017,33413700.0,1048801800.0,56.63759984986806,27.141124851057988,0.3480571372758803,0.3269650615885965,0.0210920756872837,11.15737127034736,12.169288673864765,10.145453866829955,0.3286499513118697,0.429210992170393,0.519102675053536,11.763868489210903,11.487719227060603,11.15737127034736,11.619109473428551,11.50082450808056,11.235955374190612,-0.0276356101720867,-0.0254978265453105,-0.0048058774679091,-0.0020156217456506,-0.0231846048269819,0.0,0.0,6.20424,3.22
2019-07-16,11.6067927915081,11.992236846756684,11.592302413491236,11.882109973828516,38902200.0,11.583608186681117,11.670550454782305,11.430010179702355,11.490869767373187,16866900.0,1087704000.0,61.4495892299536,27.78684200148252,0.3571669716699297,0.3330054436048631,0.0241615280650665,11.234278058785428,12.220708236554437,10.24784788101642,0.3238422809555975,0.4090790592125834,0.5060280041172566,11.811976544226894,11.575209007844824,11.234278058785428,11.706776306895208,11.570149138216552,11.297493907489462,0.0019995007911361,0.0271908974540342,0.0140989243795019,0.0334811186234507,0.3912402064553291,0.0,0.0,6.20424,3.22
2019-07-17,12.012523375980294,12.128446400115203,11.86472152020828,12.012523375980294,13538700.0,11.6067927915081,11.992236846756684,11.592302413491236,11.882109973828516,38902200.0,1101242700.0,62.926448023859706,28.61211092538025,0.3706373757495136,0.3405318300337933,0.0301055457157203,11.32403738801866,12.248762640905346,10.399312135131972,0.239924956371796,0.3404272992566848,0.4743740455441048,11.759231568245507,11.691060040734904,11.32403738801866,11.808691996590236,11.65058081780996,11.365591952107636,0.0343592080669359,0.0112941246180873,0.0232281261192071,0.0109158148769963,0.1304134021517775,0.0,0.0,6.20424,3.22
2019-07-18,11.998032997963428,12.084975266064614,11.858925369001534,11.908192654258873,23745900.0,12.012523375980294,12.128446400115203,11.86472152020828,12.012523375980294,13538700.0,1077496800.0,60.91589620113767,29.35590296994382,0.3686446447258316,0.3461543929722009,0.0224902517536306,11.373467080080172,12.31201754666383,10.434916613496512,0.2416341681672713,0.2656907373047588,0.4814662305271273,11.761550028728209,11.774798880852815,11.373467080080172,11.841858882479784,11.697419333527945,11.417268209455374,-0.0012070007500355,-0.0035906681307285,-0.0004886391497178,-0.0087230986859854,-0.1043307217214213,1.0,0.0,6.20424,3.22
2019-07-19,11.795167705727334,11.867619595811654,11.647365849955316,11.696633135212656,15118200.0,11.998032997963428,12.084975266064614,11.858925369001534,11.908192654258873,23745900.0,1062378600.0,56.94282707396981,29.235196931531718,0.3460057668235254,0.3461246677424659,-0.0001189009189404,11.419514103788892,12.32605482178256,10.512973385795222,0.2060590855958471,0.2420859924988737,0.4650455759726191,11.798065781330706,11.799804626692728,11.419514103788892,11.793450300057408,11.697276388379708,11.44387439286083,-0.0170527883827191,-0.0181493185056771,-0.0180007326223159,-0.0179255874099104,-0.2115595190462151,0.0,0.0,6.20424,3.22
2019-07-22,11.847333066588044,12.0009310735668,11.812556159347569,11.94586763710272,8799300.0,11.795167705727334,11.867619595811654,11.647365849955316,11.696633135212656,15118200.0,1071177900.0,60.23341888462193,29.394538670926696,0.3442076231269233,0.3457412588193574,-0.001533635692434,11.447658654522147,12.382426123647097,10.512891185397198,0.1182294086860018,0.2420150529029185,0.4795255937778128,11.889065355276612,11.826466922243757,11.447658654522147,11.844256079072512,11.742474797238437,11.49168327326482,0.0044128534468996,0.0111705872583969,0.0140829998934144,0.0210843799769047,0.2492345018900614,0.0,0.0,6.20424,3.22
2019-07-23,11.983542619946563,12.079179114857869,11.780677327710467,11.847333066588044,18801300.0,11.847333066588044,12.0009310735668,11.812556159347569,11.94586763710272,8799300.0,1052376600.0,58.335292905515466,29.69983137237773,0.3310159194702731,0.3427961909495405,-0.0117802714792674,11.469725227513749,12.42022159887253,10.519228856154964,0.119754010627642,0.2331323250510867,0.4875943503748019,11.882109973828516,11.847043259027703,11.469725227513749,11.84528174157769,11.761539937120183,11.525554682152745,0.0114314755742515,0.0064989998876359,-0.0027023723607046,-0.0082826295668638,-0.0985345705146745,0.0,0.0,6.20424,3.22
2019-07-24,11.850231142191417,12.28784055830071,11.847333066588044,12.25885980226698,20267100.0,11.983542619946563,12.079179114857869,11.780677327710467,11.847333066588044,18801300.0,1072643700.0,63.50759743026945,30.383670708866823,0.3497366215088799,0.3441842770614084,0.0055523444474715,11.539854212319453,12.505801801972536,10.57390662266637,0.2062526018200088,0.2296136438498305,0.4955206581164486,11.931377259085854,11.845304413665684,11.539854212319453,11.983141095140788,11.851961730783236,11.595393265020768,-0.0111868870931495,0.0171269647928005,0.0056421099016294,0.0341461401567833,0.4115267356789367,0.0,0.0,6.20424,3.22
2019-07-25,12.302330936317574,12.374782826401894,11.986440695549938,12.128446400115203,18646500.0,11.850231142191417,12.28784055830071,11.847333066588044,12.25885980226698,20267100.0,1053997200.0,60.92634925544793,31.177122030073217,0.3500148873616755,0.3453503991214618,0.0046644882402137,11.611524890857911,12.527522445542935,10.69552733617289,0.2229108123007975,0.2464559192465569,0.469896830834885,11.975428008257122,11.868489018492664,11.611524890857911,12.031576196798929,11.902231670661775,11.646160230267858,0.0374413783808051,0.0070505579966666,0.0116732843047246,-0.0106952891167479,-0.1304134021517757,0.0,0.0,6.20424,3.22
2019-07-26,12.183509836579288,12.255961726663609,12.02121760279041,12.253063651060236,10840200.0,12.302330936317574,12.374782826401894,11.986440695549938,12.128446400115203,18646500.0,1064837400.0,62.49502639671081,31.91389825690772,0.3561851055569267,0.3475173404085548,0.0086677651483719,11.68292269576362,12.564560310831318,10.80128508069592,0.1845189055950261,0.2390548378006064,0.4522705537217218,12.086714111426636,11.942389946378672,11.68292269576362,12.105405348219364,11.966019303461492,11.703960556057607,-0.009705366748606,-0.0096482687501815,0.0028971531611525,0.0102223640665526,0.1246172509450307,0.0,0.0,6.20424,3.22
2019-07-29,12.25885980226698,12.345802070368164,12.119752173305088,12.316821314334438,10030500.0,12.183509836579288,12.255961726663609,12.02121760279041,12.253063651060236,10840200.0,1074867900.0,63.306688728600754,32.77333546195252,0.3620463139704419,0.3504231351209322,0.0116231788495096,11.7563521640677,12.591062353276955,10.921641974858446,0.1882678779413596,0.2061374193078741,0.4281972921967995,12.16090484687298,12.024985101074796,11.7563521640677,12.17587733692439,12.029801487256574,11.762328247322069,0.0061655400434821,0.0073036017909275,0.0081633106391612,0.005189914928334,0.0637576632742025,0.0,0.0,6.20424,3.22
2019-07-30,12.284942482697335,12.5660558162245,12.224082895026507,12.45303086769296,15050100.0,12.25885980226698,12.345802070368164,12.119752173305088,12.316821314334438,10030500.0,1089918000.0,65.04701493199582,33.97056308454757,0.3733782642606797,0.3550141609488818,0.0183641033117979,11.82864309915303,12.641457517491943,11.015828680814115,0.1177025497329522,0.2386649279217838,0.4169649987392067,12.282044407093965,12.08207719046124,11.82864309915303,12.268261847180582,12.106752283699551,11.828109449262152,0.0021253993123133,0.0176831038560663,0.0085714810501409,0.0109981218565327,0.1362095533585208,0.0,0.0,6.20424,3.22
2019-07-31,12.502298152950296,12.51389045536379,12.038606056410648,12.25885980226698,26918400.0,12.284942482697335,12.5660558162245,12.224082895026507,12.45303086769296,15050100.0,1062999600.0,60.63223594854875,34.19662523079148,0.3625121202175041,0.3565137528026063,0.0059983674148978,11.898885436912405,12.597432406879843,11.200338466944965,0.1177025497329522,0.2433549592252334,0.3583470345506362,12.282044407093965,12.10671083308991,11.898885436912405,12.265127832209382,12.134408196166357,11.86913329240547,0.0175381555964646,-0.0041599320447298,-0.0152893566026621,-0.0157151117346714,-0.1941710654259782,0.0,0.0,6.20424,3.22
2019-08-01,12.311025163127692,12.75153265484036,12.238573273043372,12.42405011165923,36546000.0,12.502298152950296,12.51389045536379,12.038606056410648,12.25885980226698,26918400.0,1099545600.0,62.93690222476688,34.8675385343058,0.3630451417851379,0.3578200305991126,0.0052251111860253,11.96654772984138,12.589180063911748,11.343915395771011,0.0928877311328859,0.2511481599854273,0.3194036480322242,12.34116514940277,12.158296578829944,11.96654772984138,12.318101925359333,12.187070362619606,11.92198251328678,-0.0154172640273269,0.0188122088316,0.0164740504978859,0.0133851945576535,0.1651903093922495,0.0,0.0,5.733252,3.43
2019-08-02,12.50519622855367,12.574750043034618,12.296534785110827,12.435642414072722,21009300.0,12.311025163127692,12.75153265484036,12.238573273043372,12.42405011165923,36546000.0,1120554900.0,63.100155406381376,35.49052945899766,0.3602502267752712,0.3583060698343443,0.0019441569409268,12.01600106670434,12.622486244339546,11.409515889069135,0.0851610253706819,0.2046277623464985,0.3111203315571198,12.377680902005268,12.232197506715952,12.01600106670434,12.357282088263796,12.232265281065626,11.970902503837822,0.0156490405957536,-0.013960634108002,0.0047247902683813,0.0009326183935476,0.0115923024134918,0.0,0.0,5.733252,3.43
2019-08-05,12.25885980226698,12.316821314334438,11.957459939516207,11.998032997963428,32862600.0,12.50519622855367,12.574750043034618,12.296534785110827,12.435642414072722,21009300.0,1087692300.0,53.51691003447143,34.5796153374556,0.319046049607536,0.3504540657889826,-0.0314080161814466,12.031940482522892,12.61861893661916,11.445262028426624,0.1930757911221069,0.197041673692993,0.3009596967687766,12.313923238731064,12.237414042802024,12.031940482522892,12.237532391497009,12.18967759322886,11.973486360421214,-0.0198953314772047,-0.0207249238798881,-0.0279621515711276,-0.0358240181721649,-0.4376094161092947,0.0,0.0,5.733252,3.43
2019-08-06,12.171917534165797,12.450132792089589,12.14293677813207,12.383477053212012,23804400.0,12.25885980226698,12.316821314334438,11.957459939516207,11.998032997963428,32862600.0,1111496700.0,59.37003745017103,34.05343548382892,0.3138753961243541,0.3431383318560569,-0.0292629357317028,12.069035850246063,12.646032440891254,11.492039259600872,0.1827787586957179,0.1452411741867472,0.2959930056144522,12.300012475834874,12.29102844146442,12.069035850246063,12.286180612068677,12.224913858680342,12.012533093067956,-0.0071174677688641,0.010765374270238,0.0153923192849863,0.0316203688246652,0.385444055248584,0.0,0.0,5.733252,3.43
2019-08-07,12.238573273043372,12.72255189880663,12.102363719684847,12.554463513811008,21189600.0,12.171917534165797,12.450132792089589,12.14293677813207,12.383477053212012,23804400.0,1132686300.0,61.67548231384473,34.152647375963404,0.3198873323192259,0.3384881319486907,-0.0186007996294648,12.082946613142251,12.691791121550812,11.47410210473369,0.2116646970157131,0.1664932593493359,0.3123306427065554,12.35913321814368,12.32058881261882,12.082946613142251,12.375608245982788,12.284831977795006,12.064145514091104,0.005461250662484,0.0216448698805167,-0.0033468833537089,0.0137131724768559,0.1709864605989963,0.0,0.0,5.733252,3.43
2019-08-08,12.716755747599889,13.203632448966518,12.624017328291956,13.11379210526196,25864800.0,12.238573273043372,12.72255189880663,12.102363719684847,12.554463513811008,21189600.0,1158551100.0,68.0600626853009,35.06081267616323,0.3655709040711876,0.3439046863731901,0.0216662176979974,12.14380620081308,12.893112264900545,11.394500136725618,0.4029127713122571,0.2876421753944752,0.3843859004199345,12.497081616864229,12.419123383133496,12.14380620081308,12.62166953240918,12.435552000970816,12.164111856107375,0.0383277664611774,0.0371158184978557,0.0422003544903764,0.0435882480131453,0.5593285914509529,0.0,1.0,5.733252,3.43
2019-08-09,13.02105368595403,13.11379210526196,12.8645576033719,13.105097878451842,17784900.0,12.716755747599889,13.203632448966518,12.624017328291956,13.11379210526196,25864800.0,1140766200.0,67.87079032590569,35.904109026348785,0.3965032694980301,0.3544244029981582,0.0420788664998719,12.223358376125663,13.024385371963902,11.422331380287424,0.4810482512451332,0.3519834482752055,0.410918178582919,12.63097270974005,12.504326805872658,12.223358376125663,12.7828123144234,12.557287615058272,12.253729572521134,0.0236470876750387,-0.0068274684330464,0.0188749207811844,-0.0006632032961113,-0.0086942268101193,0.0,1.0,5.733252,3.43
2019-08-12,12.852965300958408,12.910926813025863,12.696469218376276,12.760226881650478,22824300.0,13.02105368595403,13.11379210526196,12.8645576033719,13.105097878451842,17784900.0,1117941900.0,60.66408310035737,35.985229816097096,0.3887083962899176,0.3612812016565101,0.0274271946334074,12.286826231839528,13.045686706024624,11.527965757654432,0.3261655021037588,0.3536628684135915,0.3892872093834918,12.78341148647746,12.548667362604265,12.286826231839528,12.775283836832427,12.594185663529585,12.301967411485832,-0.0129930143264798,-0.0155905162291167,-0.0131521170201369,-0.0266682470821613,-0.3448709968013634,0.0,0.0,5.733252,3.43
2019-08-13,12.745736503633612,13.383313136375632,12.72255189880663,13.325351624308174,28801200.0,12.852965300958408,12.910926813025863,12.696469218376276,12.760226881650478,22824300.0,1146743100.0,66.87170661609262,36.81790750146816,0.4232527526347169,0.3736755118521515,0.0495772407825654,12.358988314363511,13.218050420921807,11.499926207805215,0.3089748208169586,0.4273555081906811,0.4406895622127408,12.971786400696692,12.635899438265785,12.358988314363511,12.958639765991007,12.72712492912569,12.39943257461177,-0.0083777236289734,0.0359346500095312,0.0020522182553186,0.043335299567373,0.5651247426576962,0.0,0.0,5.733252,3.43
2019-08-14,13.12248633207208,13.200734373363144,12.583444269844737,12.664590386739176,47313300.0,12.745736503633612,13.383313136375632,12.72255189880663,13.325351624308174,28801200.0,1099429800.0,55.786365136264266,37.05643870103593,0.3927837279405537,0.377497155069832,0.0152865728707217,12.391591664901457,13.245059135682538,11.538124194120376,0.2737001886371671,0.4063246001414282,0.4378195746151298,12.993811775282328,12.676472496713004,12.391591664901457,12.8606233062404,12.715755012328142,12.424685699576289,0.0291304487683126,-0.0137361802203823,-0.0109941556309798,-0.0508584172334907,-0.6607612375689982,0.0,0.0,5.733252,3.43
2019-08-15,12.75153265484036,12.79210571328758,12.41245780924574,12.55736158941438,26643900.0,13.12248633207208,13.200734373363144,12.583444269844737,12.664590386739176,47313300.0,1072785900.0,54.21570107163224,36.64831718581608,0.3558819529327124,0.3731741146424081,-0.0172921617096957,12.42405011165923,13.250460139123993,11.59764008419447,0.3216433095872457,0.3992479428558936,0.4239393990624708,12.88252567211281,12.68980364448852,12.42405011165923,12.759536067298397,12.686956208162002,12.437321498608489,-0.0286757999766664,-0.0314442228773765,-0.0136813728228664,-0.0085028663497266,-0.1072287973247956,0.0,0.0,5.733252,3.43
2019-08-16,12.76312495725385,13.15436516370918,12.69067306716953,12.893538359405628,31193400.0,12.75153265484036,12.79210571328758,12.41245780924574,12.55736158941438,26643900.0,1103979300.0,58.19013228150445,36.884743428909374,0.3497321911688065,0.3684857299476878,-0.0187535387788813,12.48389537286888,13.262923269524164,11.704867476213591,0.2980977526902542,0.3930695884407221,0.3996328788193771,12.840213768303569,12.735593239021808,12.48389537286888,12.804203498000806,12.724516599297203,12.48077072344631,0.0009086779362181,0.0279254156397836,0.0221666891860272,0.0264192090661321,0.3361767699912459,0.0,0.0,5.733252,3.43
2019-08-19,13.055830593194504,13.560095748181372,13.02974791276415,13.180447844139534,43873500.0,12.76312495725385,13.15436516370918,12.69067306716953,12.893538359405628,31193400.0,1147852800.0,61.2794450401082,37.668068469263744,0.3638158160200859,0.3675517471621675,-0.0037359311420815,12.54562438322072,13.33984405122637,11.751404715215072,0.3276786815984425,0.3170389628826283,0.4074260930870274,12.92425796080138,12.85383472363942,12.54562438322072,12.929618280047048,12.807413189268535,12.547406639702809,0.0226746721998676,0.0303776884097506,0.026367724772129,0.0220082240643848,0.2869094847339077,0.0,0.0,5.733252,3.43
2019-08-20,13.241307431810364,13.415191968012731,12.890640283802252,13.2905747170677,29878800.0,13.055830593194504,13.560095748181372,13.02974791276415,13.180447844139534,43873500.0,1177731600.0,62.42704755870033,37.90656419022165,0.3794889955414842,0.3699391968380308,0.0095497987034533,12.617786465744704,13.407358162193503,11.828214769295904,0.3172393520108706,0.2966191352229772,0.4050417339878093,12.917302579353285,12.944544490024986,12.617786465744704,13.049937092387268,12.895260739777475,12.618184551832798,0.0141064715208329,-0.0107435498349457,-0.0107335556431089,0.0083206085474234,0.1101268729281663,0.0,0.0,5.733252,3.43
2019-08-21,13.325351624308174,13.377516985168883,13.128282483278824,13.28767664146433,22651200.0,13.241307431810364,13.415191968012731,12.890640283802252,13.2905747170677,29878800.0,1155080400.0,62.37465625909764,38.1280245025397,0.3872127057104979,0.3733938986125242,0.0138188070979736,12.66922730770457,13.491920277469694,11.846534337939447,0.3155271079005856,0.2796153228027705,0.4220325886958309,13.041919830298315,13.01786580279032,12.66922730770457,13.129183608746288,12.966609085538725,12.681945703226278,0.0063270637598553,-0.0028123328433351,0.0182673825466612,-0.0002180787272845,-0.0028980756033707,1.0,0.0,5.733252,3.43
2019-08-22,13.1949382221564,13.348536229135158,13.116690180865332,13.180447844139534,12682200.0,13.325351624308174,13.377516985168883,13.128282483278824,13.28767664146433,22651200.0,1142398200.0,60.3563109459525,38.28880561995705,0.3802975010054918,0.3747746190911177,0.0055228819143741,12.721827379905788,13.53394630068685,11.909708459124726,0.1619995747874102,0.2829309544012744,0.4166082160200638,13.166537081243344,13.02453137667808,12.721827379905788,13.146271687210705,13.00548885982978,12.729422097598968,-0.0098350699883447,-0.0021687278073048,-0.0008833922835971,-0.0081025298201389,-0.1072287973247956,0.0,0.0,5.733252,3.43
2019-08-23,12.821086469321306,13.107995954055214,12.519686606570536,12.60662887467172,25257300.0,13.1949382221564,13.348536229135158,13.116690180865332,13.180447844139534,12682200.0,1117140900.0,50.87000301186234,36.45181316027492,0.324770998318888,0.3647738949366718,-0.0400028966177837,12.739505641086362,13.52499485822592,11.954016423946804,0.2861297503320731,0.3097945071293931,0.4029474662907512,13.109155184296563,12.974684476300064,12.739505641086362,12.966390749697709,12.932968862528313,12.71772750493923,-0.0287420921326111,-0.0181843109027872,-0.0465831449553264,-0.0445117307876965,-0.5738189694678155,0.0,0.0,5.733252,3.43
2019-08-26,12.79210571328758,12.81529031811456,12.122650248908458,12.229879046233254,37568700.0,12.821086469321306,13.107995954055214,12.519686606570536,12.60662887467172,25257300.0,1079572200.0,45.78216049953973,33.94923724193464,0.2475121167565852,0.3413215393006545,-0.0938094225440692,12.735158527681303,13.530852668593916,11.939464386768693,0.4782281390220102,0.3864898900400931,0.4081824817286674,12.919041424715306,12.921649692758342,12.735158527681303,12.720886848542891,12.805134350474663,12.671265746967231,-0.002262956385489,-0.0225834080604516,-0.0322267097959576,-0.0303407170526721,-0.3767498284384647,0.0,0.0,5.733252,3.43
2019-08-27,12.374782826401894,12.708061520789768,12.21538866821639,12.522584682173909,35871900.0,12.79210571328758,12.81529031811456,12.122650248908458,12.229879046233254,37568700.0,1115444100.0,49.9688885508307,31.625416746332952,0.2075107404308838,0.3145593795267004,-0.1070486390958165,12.73863621840535,13.529963655819364,11.947308780991335,0.4516602247405991,0.3765640085365662,0.4059424100988998,12.765443417736549,12.841372998544916,12.73863621840535,12.654786126419898,12.75376168351089,12.657105645558344,-0.0331674805940118,-0.0084024566111082,0.0076208989937573,0.0236517289018753,0.2927056359406528,0.0,0.0,5.733252,3.43
2019-08-28,12.325515541144556,12.708061520789768,12.325515541144556,12.661692311135802,24195000.0,12.374782826401894,12.708061520789768,12.21538866821639,12.522584682173909,35871900.0,1139639100.0,51.87103358052495,29.46758342898853,0.184902740885704,0.2886280517985011,-0.103725310912797,12.758777843848792,13.520173512327988,11.997382175369596,0.3448381179058188,0.3767162637601816,0.39058773661553,12.640246551670844,12.84108319098458,12.758777843848792,12.657088187991867,12.737021797624507,12.657542470851435,-0.0039892109690367,0.0,0.0089750248176776,0.0110472930195029,0.1391076289618951,0.0,0.0,5.733252,3.43
2019-08-29,12.754430730443731,12.971786400696692,12.528380833380652,12.84716914975166,24653400.0,12.325515541144556,12.708061520789768,12.325515541144556,12.661692311135802,24195000.0,1164292500.0,54.36246574984485,27.93854612976121,0.1798786401528715,0.2668781694693752,-0.0869995293165036,12.779933795753411,13.526316499483482,12.033551092023345,0.2260740464031657,0.3633756152655532,0.382886248198919,12.573590812793269,12.870063947018306,12.779933795753411,12.720448508578468,12.757048588920355,12.67560215455622,0.0342071715574578,0.0205401646255323,0.0163249894139982,0.0145424057936174,0.1854768386158589,0.0,0.0,5.733252,3.43
2019-08-30,12.899334510612372,13.136976710088945,12.884844132595507,13.044238290781012,18898800.0,12.754430730443731,12.971786400696692,12.528380833380652,12.84716914975166,24653400.0,1183191300.0,56.91450440057955,26.908128761330687,0.1896130951006824,0.2514251545956366,-0.0618120594949541,12.810363589588826,13.54768801827296,12.073039160904694,0.3108677502646583,0.3675581808795206,0.3782394511467369,12.661112696015127,12.885133940155844,12.810363589588826,12.828378435979316,12.809264898349564,12.7107103580062,0.0112970022047629,0.0126541815090335,0.0280552098565101,0.0152230385478793,0.1970691410293508,0.0,0.0,5.733252,3.43
2019-09-02,12.896436435009,12.983378703110183,12.676182689152666,12.745736503633612,10311600.0,12.899334510612372,13.136976710088945,12.884844132595507,13.044238290781012,18898800.0,1172879700.0,52.15688479544913,25.346115854759365,0.1712668634485989,0.2353934963662291,-0.0641266329176301,12.847748764872335,13.485648319536065,12.209849210208606,0.1965527775554087,0.3542151096986735,0.3272355669448732,12.764284187495198,12.841662806105251,12.847748764872335,12.800831125197416,12.79771428112848,12.714046181399286,-0.0002246938555683,-0.0117609255318185,-0.0163268932874287,-0.0231497021782263,-0.2985017871473996,0.0,0.0,5.733252,2.89
2019-09-03,12.72255189880663,12.974684476300066,12.5660558162245,12.69067306716953,25545900.0,12.896436435009,12.983378703110183,12.676182689152666,12.745736503633612,10311600.0,1147333800.0,51.30491000103779,23.590325353870067,0.1505487512573964,0.2184245473444626,-0.0678757960870661,12.863108565570212,13.469571308401486,12.256645822738935,0.1548234337785623,0.3187654822304397,0.3111088227455367,12.797901864494325,12.781672641115437,12.863108565570212,12.764111772521456,12.778252242226854,12.711820170520262,-0.0135748690910686,-0.0006698671680651,-0.0087256581172305,-0.0043295043133082,-0.0550634364640814,0.0,0.0,5.733252,2.89
2019-09-04,12.818188393717932,12.954397947076457,12.681978840359411,12.86745567897527,22114200.0,12.72255189880663,12.974684476300066,12.5660558162245,12.69067306716953,25545900.0,1169448000.0,53.90807029053369,21.959948460187142,0.1467032734025561,0.2040802925560813,-0.0573770191535251,12.878758173828423,13.468477465840982,12.289038881815868,0.1357370256799281,0.2683619051948503,0.3025196137059338,12.839054538062218,12.73965054486653,12.878758173828423,12.798559741339393,12.794471048908385,12.72664259989693,0.0074889717991095,-0.001564770633351,0.0091828009823347,0.0138339886248721,0.1767826118057396,0.0,0.0,5.733252,2.89
2019-09-05,13.012359459143912,13.345638153531784,12.957296022679827,13.142772861295688,21001500.0,12.818188393717932,12.954397947076457,12.681978840359411,12.86745567897527,22114200.0,1190449500.0,57.70059524715428,21.463920504709147,0.1639812266825568,0.1960604793813764,-0.0320792526988195,12.880207211630111,13.472366823377024,12.288047599883198,0.1926141367156716,0.2616669664460906,0.3037714713157416,12.89817528037102,12.735883046582146,12.880207211630111,12.913297447991493,12.85779865116062,12.76627405336348,0.0150345028679734,0.0297542610817926,0.0214770321321635,0.0211707071229665,0.2753171823204177,0.0,1.0,5.733252,2.89
2019-09-06,13.264492036637348,13.322453548704802,13.177549768536162,13.264492036637348,16712400.0,13.012359459143912,13.345638153531784,12.957296022679827,13.142772861295688,21001500.0,1207161900.0,59.295222952115886,21.003323117479585,0.1853591445026019,0.1939202124056215,-0.0085610679030196,12.888176919539386,13.496304162597188,12.280049676481584,0.2507748208301613,0.3047164148635586,0.3119626933452657,12.942226029542288,12.801669362778709,12.888176919539386,13.030362310873445,12.931742903065478,12.813723385103849,0.0191910599173419,-0.0017387528831793,0.0168555775910297,0.0092186781044052,0.1217191753416599,0.0,0.0,5.733252,2.89
2019-09-09,13.302167019481193,13.438376572839712,12.56895389182787,12.64140578191219,41841300.0,13.264492036637348,13.322453548704802,13.177549768536162,13.264492036637348,16712400.0,1165320600.0,49.09253973423269,20.120981246775653,0.1502909840758164,0.1851943667396605,-0.0349033826638441,12.882235864552474,13.497526459024437,12.26694527008051,0.2744356713070625,0.2397854747766721,0.31563741508492,12.921359885198006,12.842822036346604,12.882235864552474,12.900710134553028,12.878954335583062,12.797312184799882,0.0028362624009488,0.0086636885852331,-0.0472848099896441,-0.0481130938920677,-0.6230862547251572,0.0,0.0,5.733252,2.89
2019-09-10,12.652998084325684,12.789207637684209,12.43274433846935,12.64140578191219,26249100.0,13.302167019481193,13.438376572839712,12.56895389182787,12.64140578191219,41841300.0,1191569700.0,49.09253973423268,19.609975260168166,0.1211032118431383,0.1723761357603561,-0.0512729239172178,12.848038572432674,13.436455267406982,12.259621877458368,0.2854523557435497,0.2246177900329129,0.3018513955245662,12.911506428146538,12.85470414632043,12.848038572432674,12.814275350339416,12.835763689461086,12.782463955953435,-0.0500327659447017,-0.0495128751219136,-0.0108961319133036,0.0,0.0,0.0,0.0,5.733252,2.89
2019-09-11,12.983378703110183,13.229715129396872,12.942805644662965,12.954397947076457,31470900.0,12.652998084325684,12.789207637684209,12.43274433846935,12.64140578191219,26249100.0,1223040600.0,53.73066638155062,18.42330793096949,0.1218232415104925,0.1622655569103834,-0.0404423153998909,12.86252895044954,13.446417757203251,12.278640143695824,0.2847453300298436,0.2155602495952601,0.2995286378770712,12.928894881766777,12.883974709914495,12.86252895044954,12.860982882585096,12.85733355448206,12.798838621774674,0.0257757882991414,0.0338637837595214,0.0402064204780403,0.02445774084604,0.3129921651642657,1.0,0.0,5.733252,2.89
2019-09-12,12.98917485431693,13.142772861295688,12.789207637684209,12.896436435009,28441200.0,12.983378703110183,13.229715129396872,12.942805644662965,12.954397947076457,31470900.0,1194599400.0,52.77180886608645,17.26402293311394,0.1163753579053405,0.1530875171093748,-0.0367121592040342,12.879482692729267,13.446387394594336,12.3125779908642,0.2585986492378857,0.2151882663168094,0.2908159759044244,12.879627596509437,12.888901438440229,12.879482692729267,12.872800733393063,12.864443169123325,12.808133651606516,0.0004463289518419,-0.0065934304798318,-0.0119384231305557,-0.0044843124473286,-0.0579615120674574,0.0,0.0,5.733252,2.89
2019-09-13,12.745736503633612,12.79500378889095,12.47621547251994,12.482011623726688,21484800.0,12.98917485431693,13.142772861295688,12.789207637684209,12.896436435009,28441200.0,1173114600.0,46.39641527042843,16.88315076145564,0.0777213290194609,0.138014279491392,-0.0602929504719311,12.858906355945322,13.451565225988288,12.266247485902356,0.1968601983450902,0.2418846857381217,0.3040275854176659,12.723131513927305,12.832678771734797,12.858906355945322,12.742537696837609,12.794910160869389,12.777074410856056,-0.0189194832461661,-0.0268172495111764,-0.024777592407716,-0.0326624901061753,-0.414424811282311,0.0,0.0,5.733252,2.89
2019-09-16,12.54866736260426,12.571851967431243,12.348700145971538,12.400865506832249,16230900.0,12.745736503633612,12.79500378889095,12.47621547251994,12.482011623726688,21484800.0,1156883700.0,45.2438351889196,16.7927882526324,0.0400779257922856,0.1184270087515707,-0.0783490829592851,12.819927239079956,13.425278003677976,12.214576474481936,0.2452652187114753,0.2776056251574251,0.3105383899478822,12.675023458911316,12.798191672054662,12.819927239079956,12.62864696683582,12.72326567831718,12.741244991425216,-0.0155823501181711,-0.0175944216512409,-0.0102732633619191,-0.0065222686372936,-0.0811461168944394,0.0,0.0,5.733252,2.89
2019-09-17,12.47621547251994,12.83557684733817,12.41245780924574,12.673284613549292,17250000.0,12.54866736260426,12.571851967431243,12.348700145971538,12.400865506832249,16230900.0,1174133700.0,49.7563855620662,16.004628172730783,0.0318599411695927,0.1011135952351751,-0.0692536540655824,12.789062733904036,13.357075127868862,12.221050339939213,0.2445862493239436,0.2784072227486387,0.2913842099619873,12.681399225238737,12.796452826692637,12.789062733904036,12.643526182406978,12.714178211995744,12.734772574484651,-0.0057904041347041,0.0207604125363785,0.0051498241154588,0.0217299349961037,0.2724191067170434,0.0,0.0,5.733252,2.89
2019-09-18,12.771819184063968,12.954397947076457,12.748634579236986,12.9283152666461,11723100.0,12.47621547251994,12.83557684733817,12.41245780924574,12.673284613549292,17250000.0,1185856800.0,53.610693610246365,14.97261612161736,0.0454025985792547,0.0899713959039911,-0.0445687973247363,12.771094665163124,13.29597728207194,12.246212048254309,0.2374831054880457,0.2807868199274155,0.2692591011671252,12.676182689152665,12.80253878545972,12.771094665163124,12.738455877153353,12.753112221932172,12.753205211833365,0.0234170479801556,0.0092145836844164,0.0267235437333486,0.0199236837153442,0.2550306530968083,0.0,0.0,5.733252,2.89
2019-09-19,13.13407863448557,13.293472792671071,12.812392242511187,12.913824888629238,30691800.0,12.771819184063968,12.954397947076457,12.748634579236986,12.9283152666461,11723100.0,1155165000.0,53.36022390400128,14.581340430357756,0.0543396065817294,0.0828450380395387,-0.0285054314578093,12.75776351738761,13.2530929651691,12.26243406960612,0.2416063597638942,0.2584042477257603,0.2540986452870514,12.679660379876712,12.779643988193076,12.75776351738761,12.79691221431198,12.782332706786182,12.76850232390916,0.0279691573059102,0.0258378069895575,0.0049886724775238,-0.0011214535211445,-0.0144903780168625,0.0,0.0,5.2597439999999995,2.89
2019-09-20,12.890640283802252,13.157263239312552,12.850067225355035,13.04134021517764,15160800.0,13.13407863448557,13.293472792671071,12.812392242511187,12.913824888629238,30691800.0,1170325800.0,55.33770426370244,14.21801300275956,0.0708944439541188,0.0804549192224547,-0.0095604752683359,12.779499084412906,13.284450898949697,12.274547269876116,0.2562577365301338,0.2184242581104991,0.2590348152804326,12.791526098166903,12.757328806047104,12.779499084412906,12.878388214600534,12.829424981039177,12.794486884982348,-0.0187087862174788,-0.0102992035617783,0.0029361963500131,0.0098258941512909,0.1275153265484014,0.0,0.0,5.2597439999999995,2.89
2019-09-23,13.015257534747285,13.09060750043498,12.884844132595507,13.052932517591133,10858500.0,12.890640283802252,13.157263239312552,12.850067225355035,13.04134021517764,15160800.0,1181184300.0,55.5223289450518,13.880637534275516,0.0839815863164208,0.081160252641248,0.0028213336751728,12.8206517579808,13.270917119783215,12.370386396178388,0.1527673487009199,0.2324723137915263,0.230981256951533,12.92193950031868,12.798481479614995,12.8206517579808,12.936569648930734,12.870062714957712,12.819100754754611,0.0096208371573198,-0.0050789553807892,0.0027027043478851,0.0008884940611149,0.0115923024134918,0.0,0.0,5.2597439999999995,2.89
2019-09-24,13.067422895607995,13.13407863448557,12.771819184063968,12.908028737422493,14037300.0,13.015257534747285,13.09060750043498,12.884844132595507,13.052932517591133,10858500.0,1167147000.0,52.59553409746686,13.228392833339075,0.0817187144065805,0.0812719449943145,0.000446769412266,12.83992396074323,13.270053448006134,12.409794473480323,0.0719283448785845,0.2276960539745163,0.2206517712626133,12.96888832509332,12.825143775166026,12.83992396074323,12.92705601176132,12.876965628133126,12.827570086437268,0.0040000053333462,0.0033152864932928,-0.0088106296821548,-0.0111633220022131,-0.1449037801686401,0.0,1.0,5.2597439999999995,2.89
2019-09-25,12.861494776847833,12.908168380029862,12.601872859147797,12.808986973268048,20636100.0,13.067422895607995,13.13407863448557,12.771819184063968,12.908028737422493,14037300.0,1146510900.0,50.63097876404365,12.434938260934056,0.0711137741525718,0.0792403108259659,-0.0081265366733941,12.847288693849842,13.269938115821022,12.424639271878664,0.1021875336227158,0.2231216417415542,0.2168145787318671,12.94502266641771,12.810602677785187,12.847288693849842,12.887699665596898,12.864605872703113,12.825800266135436,-0.0158843844711653,-0.0173499561138856,-0.0133956750118495,-0.0077024686636142,-0.0990417641544425,0.0,0.0,5.2597439999999995,2.89
2019-09-26,12.86441187704671,13.15612189693439,12.823572474262434,13.056940490172575,18097500.0,12.861494776847833,12.908168380029862,12.601872859147797,12.808986973268048,20636100.0,1164608400.0,55.14782675731974,12.07668376249187,0.0817744146279668,0.0797471315863661,0.0020272830416007,12.857777260870886,13.290192878098184,12.425361643643589,0.1109335960897768,0.2354164470515259,0.2218245311893733,12.973645786726376,12.826653083301546,12.857777260870886,12.94411327378879,12.899575803152104,12.84781362080564,0.000226783082954,0.0190268750546942,0.0174396342853562,0.0191727988700982,0.2479535169045288,0.0,0.0,5.2597439999999995,2.89
2019-09-27,13.01026688699055,13.059857590371456,12.79148437207479,12.919836780825367,14087100.0,12.86441187704671,13.15612189693439,12.823572474262434,13.056940490172575,18097500.0,1150521300.0,52.29855257331755,11.645412297002537,0.0782578180766861,0.0794492688844301,-0.0011914508077439,12.851557185373103,13.276580999216094,12.426533371530116,0.1055761662574367,0.2026284259121608,0.2180326160617881,12.949345099855922,12.870435599011412,12.851557185373103,12.93602110946765,12.903259617274516,12.854672969378948,0.0112740765732182,-0.0073439742557588,-0.0025054107172288,-0.0105559655086175,-0.13710370934721,0.0,0.0,5.2597439999999995,2.89
2019-09-30,12.951924883013012,13.027769488183807,12.718556867102867,12.78273307147816,14938800.0,13.01026688699055,13.059857590371456,12.79148437207479,12.919836780825367,14087100.0,1135582500.0,49.54201335359604,11.013968099353876,0.0636737748127806,0.0762941700701002,-0.0126203952573195,12.853407013765333,13.2768917280907,12.429922299439962,0.1084123773810274,0.1256705963410704,0.2172430746683968,12.895305210633328,12.908622355476004,12.853407013765333,12.884925096804489,12.881345699856997,12.847821550531254,-0.0044943895878395,-0.0024600258408624,-0.0057175684632033,-0.010668583767786,-0.1371037093472082,0.0,0.0,5.2597439999999995,2.89
2019-10-01,12.79731857247254,12.931505181620874,12.70980556650624,12.721473967301746,16167000.0,12.951924883013012,13.027769488183807,12.718556867102867,12.78273307147816,14938800.0,1119415500.0,48.31661545461695,10.398801483175728,0.0466351368818287,0.0703623634324459,-0.0237272265506172,12.854947058771945,13.27627189139833,12.43362222614556,0.132389435804858,0.1162116527442899,0.2161350787352867,12.85799425660918,12.91344129085125,12.854947058771945,12.83044138697024,12.852278112119675,12.83578844736654,-0.0120087542600564,-0.0074165976550495,-0.0006883102256378,-0.0048038523126456,-0.061259104176413,0.0,0.0,5.2597439999999995,2.54
2019-10-02,12.666049063523086,12.703971366108483,12.412261346220804,12.546447955369135,19139400.0,12.79731857247254,12.931505181620874,12.70980556650624,12.721473967301746,16167000.0,1100276100.0,44.89948559245373,10.40368243921653,0.0187921331420763,0.060048317374372,-0.0412561842322956,12.838896672591636,13.281036018551362,12.39675732663191,0.1942819392422541,0.1637840525720023,0.226812698779884,12.805486453029395,12.875254559723553,12.838896672591636,12.735776909769871,12.796672629074124,12.808232210033452,-0.0103105507279765,-0.0177519454584502,-0.0236889851099677,-0.01385383505903,-0.1750260119326085,-1.0,0.0,5.2597439999999995,2.54
2019-10-03,12.572701857159029,12.692302965312976,12.394758745027543,12.610624159744424,14018400.0,12.666049063523086,12.703971366108483,12.412261346220804,12.546447955369135,19139400.0,1114294500.0,46.3964606332966,10.45872467210448,0.0018831279042093,0.0484152794803395,-0.0465321515761302,12.812289237514074,13.241950614940675,12.38262786008747,0.1465302143332817,0.182809996387798,0.2204116359833915,12.716223186943768,12.844934486835072,12.812289237514074,12.694059326428055,12.762845634650542,12.789412395720213,-0.0073971673404438,-0.0009189065659231,-0.0014111008926627,0.0051020518838953,0.064176204375288,0.0,0.0,5.2597439999999995,2.54
2019-10-04,12.610624159744424,13.013183987189423,12.572701857159029,12.957759083410767,27626700.0,12.572701857159029,12.692302965312976,12.394758745027543,12.610624159744424,14018400.0,1141921200.0,53.72058529616693,9.984759768949315,0.0163055464530046,0.0419933328748725,-0.0256877864218679,12.796952589852744,13.180362121701176,12.413543058004317,0.1600608386772748,0.1745569158761404,0.1966849398297961,12.723807647460848,12.836576373658383,12.796952589852744,12.781959245422296,12.798284443516035,12.805445413595503,0.003011701569838,0.0249672524075847,0.0142542429829819,0.027155119786741,0.3471349236663421,0.0,0.0,5.2597439999999995,2.54
2019-10-07,12.949007782814135,12.949007782814135,12.485188851192722,12.50852565278374,16337400.0,12.610624159744424,13.013183987189423,12.572701857159029,12.957759083410767,27626700.0,1125583800.0,45.12728630963597,9.28110616427934,-0.0084169411323244,0.0319112780734331,-0.0403282192057576,12.79030858339632,13.188586571161604,12.392030595631038,0.1804952064844205,0.1842101646748092,0.2043122967796082,12.668966163721963,12.782135687177648,12.79030858339632,12.690814714542778,12.745601027019257,12.77716734113724,0.0264795201664038,-0.0049438302942292,-0.0069848945219512,-0.0352843017037347,-0.4492334306270287,0.0,0.0,5.2597439999999995,2.54
2019-10-08,12.596038658750045,12.905251279830985,12.4881059513916,12.668966163721963,36611700.0,12.949007782814135,12.949007782814135,12.485188851192722,12.50852565278374,16337400.0,1162195500.0,48.307617772450655,8.627713531371503,-0.0148918186684099,0.0225506587250645,-0.0374424773934744,12.79168660248681,13.18808053217851,12.395292672795108,0.1781892217077726,0.1815500091650539,0.2033457953808248,12.658464603006006,12.758229429807594,12.79168660248681,12.683531864269174,12.731667415510657,12.766862467097688,-0.0276367937592829,-0.0033848616318645,0.000233617569104,0.0127449297841839,0.1604405109382245,0.0,0.0,5.2597439999999995,2.54
2019-10-09,12.718556867102867,12.878997378041092,12.61645836014218,12.832323774859065,7926900.0,12.596038658750045,12.905251279830985,12.4881059513916,12.668966163721963,36611700.0,1170122400.0,51.39644758931513,8.020991800814228,-0.0067636446966474,0.0166877980407221,-0.0234514427373696,12.785582893875942,13.17547314264507,12.395692645106816,0.1791227793910556,0.1824228407878848,0.2000094774631101,12.715639766903992,12.760563109966697,12.785582893875942,12.733129167799138,12.74996857175582,12.773096877360675,0.0096797252683273,-0.0020364301641104,0.0102255132210333,0.0128118888138981,0.1633576111371013,0.0,0.0,5.2597439999999995,2.54
2019-10-10,12.7273081676995,12.995681385996164,12.666049063523086,12.843992175654572,16111500.0,12.718556867102867,12.878997378041092,12.61645836014218,12.832323774859065,7926900.0,1186233900.0,51.61883000742319,7.865368215311653,0.0006124739452211,0.0134727332216219,-0.0128602592764008,12.78296068090822,13.17053200260926,12.39538935920718,0.1752810723538923,0.1542325065204901,0.1988198929771493,12.76231337008602,12.739268278514894,12.78296068090822,12.77008350375095,12.767063772464684,12.779848810531522,0.0006878367805298,0.0090192268668491,0.0039229310722577,0.0009088844070337,0.0116684007955072,0.0,0.0,5.2597439999999995,2.54
2019-10-11,12.986930085399536,13.229049401906307,12.98109588500178,13.138619295741128,16376100.0,12.7273081676995,12.995681385996164,12.666049063523086,12.843992175654572,16111500.0,1202610000.0,56.97220419177953,8.486893286721973,0.0298875226436745,0.0167556911060324,0.0131318315376421,12.81579106450894,13.207051509881186,12.424530619136693,0.2343922230191371,0.1932697213332349,0.2007123734895609,12.798485412552091,12.76114653000647,12.81579106450894,12.892928767747676,12.83461932215131,12.814017428170532,0.0201935392718257,0.0177980226443272,0.0245690247220484,0.0226797640637723,0.294627120086556,0.0,0.0,5.2597439999999995,2.54
2019-10-14,13.12695089494562,13.240717802701816,13.074443091365838,13.138619295741128,13610100.0,12.986930085399536,13.229049401906307,12.98109588500178,13.138619295741128,16376100.0,1216220100.0,56.97220419177953,9.100350740121764,0.0524832158103389,0.0239011960468937,0.0285820197634452,12.852678753954384,13.218811106083816,12.486546401824953,0.2073461196144471,0.2274332322767602,0.1878219336414082,12.924504141143572,12.796735152432769,12.852678753954384,12.97482561041216,12.889892044622185,12.844931891748685,0.0107239633629756,0.0008816399072286,0.0071652792005862,0.0,0.0,0.0,0.0,5.2597439999999995,2.54
2019-10-15,13.153204796735514,13.325313708469244,12.986930085399536,12.989847185598412,23940000.0,13.12695089494562,13.240717802701816,13.074443091365838,13.138619295741128,13610100.0,1192280100.0,53.50511732097135,9.277589387861653,0.0577204342536319,0.0306650436882414,0.0270553905653905,12.86850688255684,13.229584941792243,12.507428823321437,0.1502887078180519,0.2333234448454315,0.1852291360942228,12.988680345518862,12.823572474262434,12.86850688255684,12.979832802140912,12.908065706617862,12.8587333483058,0.0019980026626731,0.0063687488793804,-0.0067159419654365,-0.0113878644978235,-0.1487721101427155,0.0,0.0,5.2597439999999995,2.54
2019-10-16,12.984012985200655,13.211546800713048,12.881914478239969,13.211546800713048,22005900.0,13.153204796735514,13.325313708469244,12.986930085399536,12.989847185598412,23940000.0,1214286000.0,57.64193094315472,8.986493220810639,0.0788513247325504,0.0403022998971032,0.0385490248354472,12.882668459260191,13.273046522643057,12.492290395877326,0.1473150041452305,0.2402426784260858,0.2002597210798726,13.064524950689655,12.890082358796828,12.882668459260191,13.057070801664958,12.96324408736244,12.892334629487442,-0.0129466094052301,-0.0085743077796323,-0.0081191244385045,0.0169231382345111,0.2216996151146357,0.0,0.0,5.2597439999999995,2.54
2019-10-17,13.30197690687823,13.453666117219823,13.287391405883843,13.430329315628809,18581400.0,12.984012985200655,13.211546800713048,12.881914478239969,13.211546800713048,22005900.0,1232867400.0,61.30117158126714,9.557917198140393,0.1119610113434177,0.0546340421863661,0.0573269691570516,12.908493680610167,13.366226793068648,12.450760568151686,0.160644578173728,0.2720349519876578,0.2348121322074808,13.181792378684506,12.972052874385264,12.908493680610167,13.181490306319576,13.04816867431996,12.943572218643762,0.0241938334925775,0.0181604378327358,0.0309912217371275,0.0164243262855596,0.2187825149157607,0.0,0.0,5.2597439999999995,2.54
2019-10-18,13.465334518015329,13.561598824578263,13.406992514037794,13.514925221396236,14743500.0,13.30197690687823,13.453666117219823,13.287391405883843,13.430329315628809,18581400.0,1247610900.0,62.64494371084932,10.42245655476987,0.1433741313835952,0.0723820600258119,0.0709920713577832,12.932172930921098,13.458764781449087,12.405581080393109,0.2144872186472847,0.3213668374793614,0.2701359195130894,13.257053563815528,13.02776948818381,12.932172930921098,13.292635278011796,13.1330335010611,12.997986790334474,0.0122059056795036,0.0079905403016353,0.0089608292745877,0.0062791155748751,0.0845959057674274,0.0,0.0,5.2597439999999995,2.54
2019-10-21,13.477002918810838,13.643277630146816,13.383655712446782,13.625775028953557,15459900.0,13.465334518015329,13.561598824578263,13.406992514037794,13.514925221396236,14743500.0,1263070800.0,64.38984919305061,11.470790843440591,0.1751943766745327,0.0929445233555561,0.0822498533189766,12.96081505648922,13.56688245384591,12.354747659132528,0.2542064953787859,0.3149359101324446,0.3109060147962779,13.354484710458014,13.139494425800793,12.96081505648922,13.403681861659052,13.222622869768818,13.057776146393437,0.0008661758878489,0.0060047360353014,-0.0017421607193846,0.0081685750854596,0.1108498075573187,0.0,0.0,5.2597439999999995,2.54
2019-10-22,13.622857928754678,13.920402149040113,13.608272427760294,13.856225944664825,25641900.0,13.477002918810838,13.643277630146816,13.383655712446782,13.625775028953557,15459900.0,1288712700.0,67.76138000609663,13.183530585498987,0.2165118000028112,0.1176579786850071,0.0988538213178041,13.008224916851336,13.728031671013207,12.288418162689464,0.2382986990661111,0.340589406338868,0.3692530737273808,13.527760462271294,13.258220403895075,13.008224916851336,13.554529889327643,13.33782342884082,13.133818984324042,0.0107643665871588,0.02010862549192,0.0166436350321825,0.0167714365265787,0.2304509157112679,0.0,0.0,5.2597439999999995,2.54
2019-10-23,13.864977245261452,14.162521465546886,13.783298439692905,14.072091359381709,25111800.0,13.622857928754678,13.920402149040113,13.608272427760294,13.856225944664825,25641900.0,1313824500.0,70.57200737281052,15.304428758409856,0.2636356627587588,0.1468535154997574,0.1167821472590013,13.071380136157018,13.920256243908106,12.222504028405927,0.262365555193754,0.3903425732737228,0.4354642550774605,13.699869374005027,13.382197162347342,13.071380136157018,13.727050379345666,13.47132668893916,13.22317825813906,0.0176169259510663,0.0172435975076186,0.0127797266463991,0.0154588413783343,0.2158654147168839,0.0,0.0,5.2597439999999995,2.54
2019-10-24,14.075008459580582,14.24128317091656,13.972909952619894,14.185858267137904,17942400.0,13.864977245261452,14.162521465546886,13.783298439692905,14.072091359381709,25111800.0,1331766900.0,71.95949837901611,17.431925379245296,0.3066270958756352,0.178808231574933,0.1278188643007021,13.127826025005286,14.105689355461465,12.149962694549108,0.2849172248539405,0.4146554156424538,0.5016333041729648,13.850975164306844,13.516383771495674,13.127826025005286,13.87998634194308,13.601241521338933,13.314862068519902,0.0150347371590768,0.0055458702274804,0.0136628504771176,0.0080520719967647,0.1137669077561955,-1.0,0.0,5.2597439999999995,2.54
2019-10-25,14.12459916296149,14.212112168927792,14.00499805480754,14.069174259182828,14263200.0,14.075008459580582,14.24128317091656,13.972909952619894,14.185858267137904,17942400.0,1317503700.0,68.39753027573545,19.40745795573535,0.3275073907499859,0.2085480634099436,0.1189593273400423,13.185292898923157,14.239608943151929,12.130976854694389,0.2224602109203385,0.4247522275961814,0.5408527188173861,13.961824971864164,13.609439267839845,13.185292898923157,13.943048981022995,13.686320200946913,13.386701324773512,0.0035171237249174,-0.0020504415631728,0.0022938181259792,-0.008259390334814,-0.1166840079550741,0.0,0.0,5.2597439999999995,2.54
2019-10-28,14.104179461569352,14.220863469524422,14.031251956597432,14.188775367336778,10986300.0,14.12459916296149,14.212112168927792,14.00499805480754,14.069174259182828,14263200.0,1328490000.0,70.03482644258628,21.261366495167863,0.3496751473190951,0.2367734801917739,0.1129016671273211,13.25559501371609,14.378447319983014,12.132742707449164,0.1352194729337417,0.4252327710552125,0.5760110794093775,14.074425039540808,13.71445487499941,13.25559501371609,14.024957776460925,13.777675685745066,13.463089328827158,-0.0014467296106088,0.0006155740422149,0.0018728545688664,0.0084650035770308,0.1196011081539492,0.0,1.0,5.2597439999999995,2.54
2019-10-29,14.147935964552502,14.16835566594464,13.899982447647972,13.96999285242102,14307300.0,14.104179461569352,14.220863469524422,14.031251956597432,14.188775367336778,10986300.0,1314182700.0,63.54884132633753,22.211495213729755,0.3456054095686287,0.2585398660671449,0.0870655435014838,13.318020957972053,14.453901719129956,12.18214019681415,0.0919835288023874,0.3450573201593934,0.5826945357490083,14.097178421092048,13.812469441681673,13.318020957972053,14.00663613511429,13.812642443322511,13.511365854883715,0.003097576044134,-0.0036991410862028,-0.0093995470115042,-0.0155395233033934,-0.2187825149157589,0.0,0.0,5.2597439999999995,2.54
2019-10-30,13.972909952619894,14.162521465546886,13.859143044863698,14.145018864353627,13862400.0,14.147935964552502,14.16835566594464,13.899982447647972,13.96999285242102,14307300.0,1328045100.0,66.24229479773524,22.86032934704803,0.3524405343961518,0.2773199997329463,0.0751205346632055,13.397949503421277,14.530376517325884,12.26552248951667,0.0927894679283146,0.2855647574916276,0.5809228007912803,14.11176392208643,13.905816648045729,13.397949503421277,14.052763711527405,13.873074519873622,13.571713760547516,-0.0124482935265679,-0.0004118616203196,-0.0029424149013812,0.0124508767627431,0.1750260119326085,0.0,0.0,5.2597439999999995,2.54
2019-10-31,14.115847862364856,14.20627796853004,13.958324451625511,14.121682062762613,10816800.0,13.972909952619894,14.162521465546886,13.859143044863698,14.145018864353627,13862400.0,1317228300.0,65.54683300970521,23.59658852922212,0.3519176476310122,0.2922395293125595,0.0596781183184527,13.473502398572183,14.587207703439294,12.359797093705076,0.0840003302641438,0.2372616671703939,0.5713187666980255,14.098928681211373,13.974951922759107,13.473502398572183,14.075736495272473,13.918275891307982,13.624091694091812,0.0101776763883574,0.0030848353512102,0.0071309027001333,-0.0016511871656579,-0.0233368015910162,0.0,0.0,4.78421999999748,2.54
2019-11-01,14.177106966541272,14.43381178404243,14.15085306475138,14.328796176882864,16374600.0,14.115847862364856,14.20627796853004,13.958324451625511,14.121682062762613,10816800.0,1333602900.0,68.68872796010857,24.91244974354435,0.3640194446236879,0.3065955123747851,0.0574239322489028,13.54205425324579,14.688635839958671,12.39547266653291,0.1291290573843881,0.1983208638565889,0.588183943433431,14.15085306475138,14.05633901830777,13.54205425324579,14.160089722475938,13.992915943230686,13.691206406738578,0.0043303501012208,0.0158895174357431,0.0136988443581618,0.0145598798872836,0.2071141141202535,0.0,0.0,4.78421999999748,3.27
2019-11-04,14.349215878275002,14.43381178404243,14.156687265149134,14.308376475490729,11503200.0,14.177106966541272,14.43381178404243,14.15085306475138,14.328796176882864,16374600.0,1322099700.0,68.0300281526563,26.13432087112928,0.3677236177163134,0.3188211334430908,0.0489024842732226,13.63204679438114,14.721114460422008,12.54297912834027,0.1476582987230741,0.1435748131658969,0.5586799246569175,14.174773286382171,14.124599162961488,13.63204679438114,14.209518640147534,14.050272403641603,13.749984508524498,0.0120668199008004,0.0,0.0004122011599996,-0.0014260978275149,-0.0204197013921376,0.0,0.0,4.78421999999748,3.27
2019-11-05,14.372552679866018,14.392972381258156,14.162521465546886,14.23253187031993,12657900.0,14.349215878275002,14.43381178404243,14.156687265149134,14.308376475490729,11503200.0,1309441800.0,65.51689577064131,27.268915489601,0.3603848832001439,0.3271338833945014,0.0332509998056425,13.71022507971104,14.734057394634766,12.686392764787316,0.0933107354869786,0.1110496449697204,0.5252148956384861,14.227281089961952,14.162229755527,13.71022507971104,14.217189716871667,14.083410488492207,13.795941400124065,0.0016250257486234,-0.0028334364230762,0.0004120313202089,-0.0053148121836259,-0.075844605170797,0.0,0.0,4.78421999999748,3.27
2019-11-06,14.37838688026377,14.538827391201997,14.177106966541272,14.276288373303082,16352400.0,14.372552679866018,14.392972381258156,14.162521465546886,14.23253187031993,12657900.0,1325794200.0,66.29058843886773,28.719490776609412,0.354018759435986,0.3325108586027984,0.0215079008331876,13.78242330963324,14.75057911410108,12.8142675051654,0.0821825356918376,0.1114066667718961,0.4966534484147951,14.253534991751843,14.182649456919137,13.78242330963324,14.236889269015473,14.118479194821456,13.841688730903018,0.0004058441614143,0.0100827633779867,0.0010293361691142,0.0030696841867796,0.0437565029831521,0.0,0.0,4.78421999999748,3.27
2019-11-07,14.308376475490729,14.527158990406488,14.20627796853004,14.46006568583232,10397400.0,14.37838688026377,14.538827391201997,14.177106966541272,14.276288373303082,16352400.0,1336191600.0,69.3963578961188,30.06645354311723,0.3596569522506065,0.33794007733236,0.0217168749182465,13.863226985142123,14.772577283532042,12.953876686752208,0.0857101425341964,0.1418659403825837,0.4664868603051151,14.321211716365784,14.210070198788577,13.863226985142123,14.311281407954423,14.180585829550704,13.900581774229618,-0.0048810347059142,-0.0008028904485906,0.002055499182096,0.0127907540179568,0.183777312529239,0.0,0.0,4.78421999999748,3.27
2019-11-08,14.238366070717683,14.521324790008734,14.200443768132285,14.20627796853004,13648500.0,14.308376475490729,14.527158990406488,14.20627796853004,14.46006568583232,10397400.0,1322543100.0,61.03358487911532,31.27053355451112,0.3397305110271134,0.3382981640713107,0.0014323469558026,13.916609918781573,14.773373917499354,13.059845920063788,0.099417068715044,0.1330899770276514,0.4395106577651793,14.29670807469522,14.2237805697233,13.916609918781573,14.276280261479627,14.185257127546947,13.929695697496324,-0.0049049761123156,-0.0004016870911609,-0.0004107619692175,-0.0177067819439384,-0.2537877173022806,0.0,1.0,4.78421999999748,3.27
2019-11-11,14.092511060773845,14.55341289219638,14.063340058785077,14.483402487423335,13282800.0,14.238366070717683,14.521324790008734,14.200443768132285,14.20627796853004,13648500.0,1335825900.0,65.87015006979397,31.331182811050155,0.3423538533303727,0.3391093019231231,0.0032445514072495,13.983849078365685,14.795733930077,13.171964226654367,0.130505598925613,0.1552468070289182,0.416488141120838,14.33171327708174,14.253243281731956,13.983849078365685,14.345321003460866,14.2394653747972,13.982429677489376,-0.010296631332741,0.0022072849334997,-0.0097017997017956,0.0193193604026378,0.2771245188932951,0.0,1.0,4.78421999999748,3.27
2019-11-12,14.439645984440183,14.483402487423335,14.244200271115435,14.346298778076124,21074700.0,14.092511060773845,14.55341289219638,14.063340058785077,14.483402487423335,13282800.0,1314751200.0,61.78428911546067,31.3874999778364,0.3295706620436291,0.3372015739472244,-0.0076309119035952,14.051671657989568,14.736816465756512,13.366526850222623,0.1182307584087743,0.1207302063651719,0.3514718704062147,14.35446665863298,14.290873874297466,14.051671657989568,14.34564692833262,14.25888962993882,14.017083877545256,0.0243340910083293,-0.004822191381764,0.0127784096560379,-0.0095113537031354,-0.13710370934721,0.0,0.0,4.78421999999748,3.27
2019-11-13,14.220863469524422,14.349215878275002,14.15960436534801,14.194609567734531,13720800.0,14.439645984440183,14.483402487423335,14.244200271115435,14.346298778076124,21074700.0,1301030400.0,57.53225722775363,30.80510943361009,0.3036989864265536,0.3305010564430902,-0.0268020700165366,14.10082479634064,14.668877239004726,13.532772353676556,0.1360351137512174,0.1149537363787606,0.2914047545112224,14.33813089751927,14.295832944635558,14.10082479634064,14.295301141466592,14.247202345901677,14.03399108613471,-0.0152674721307883,-0.0093080396839333,-0.0059566777751136,-0.0106296994326697,-0.1516892103415941,0.0,0.0,4.78421999999748,3.27
2019-11-14,14.46006568583232,14.512573489412103,14.285039673899712,14.512573489412103,14516400.0,14.220863469524422,14.349215878275002,14.15960436534801,14.194609567734531,13720800.0,1315546800.0,63.24270131684716,30.937113365564308,0.3053328413170639,0.325467413417885,-0.020134572100821,14.154937005029808,14.659878202020076,13.64999580803954,0.1491919234335535,0.1156131369491718,0.2590293685939902,14.348632458235226,14.334922087300503,14.154937005029808,14.36772525744843,14.295451644721751,14.07957036263732,0.0166806145886262,0.0113201127973532,0.0088196654157708,0.0221531262492251,0.3179639216775722,0.0,0.0,4.78421999999748,3.27
2019-11-18,14.629257497367176,14.702185002339096,14.293790974496345,14.343381677877248,22939800.0,14.46006568583232,14.512573489412103,14.285039673899712,14.512573489412103,14516400.0,1292607000.0,58.71821064521853,31.69938073675465,0.2896365678317263,0.3183012443006532,-0.0286646764689269,14.19635982785386,14.612630741709324,13.780088913998396,0.1275109844317385,0.1156192703697055,0.2135424731092045,14.376053200104668,14.336380637399945,14.19635982785386,14.359610730924704,14.30416619620457,14.104695249803028,0.0116327023754618,0.0129807114727213,0.0006124323964007,-0.0117267821807538,-0.1691918115348549,0.0,0.0,4.78421999999748,3.27
2019-11-19,14.4250604834458,14.4250604834458,13.882479846454714,14.002080954608662,26413500.0,14.629257497367176,14.702185002339096,14.293790974496345,14.343381677877248,22939800.0,1266193500.0,50.819877457597904,30.009760144220447,0.2468119475145886,0.3040033849434403,-0.0571914374288516,14.215175124136612,14.5532592346711,13.877091013602126,0.191724732315819,0.1570211207825493,0.1734334892961735,14.279788893541737,14.305751085311735,14.215175124136612,14.240434138819356,14.249241606823494,14.094922459784517,-0.0140564563392229,-0.0190291170086016,-0.0291976429776075,-0.0240826705159569,-0.3413007232685867,0.0,0.0,4.78421999999748,3.27
2019-11-21,13.9845783534154,14.16835566594464,13.867894345460329,14.145018864353627,21331200.0,14.4250604834458,14.4250604834458,13.882479846454714,14.002080954608662,26413500.0,1287524700.0,53.632864953670456,28.371598533523365,0.2218496771316473,0.2875726433810818,-0.0657229662494344,14.229614770121051,14.5274105554504,13.931818984791702,0.1953651499239612,0.1638456699780664,0.1527660145450546,14.239532910797234,14.296999784715108,14.229614770121051,14.20862904733078,14.230292017283515,14.099693545933956,-0.031011829062483,-0.017956001711068,-0.0010511932009715,0.0101565802093701,0.1429379097449654,0.0,0.0,4.78421999999748,3.27
2019-11-22,14.177106966541272,14.258785772109825,14.092511060773845,14.258785772109825,15530400.0,13.9845783534154,14.16835566594464,13.867894345460329,14.145018864353627,21331200.0,1303055100.0,55.79984635808957,27.22552834455388,0.2088395641781968,0.2718260275405048,-0.062986463362308,14.23894949075746,14.527984516675945,13.949914464838976,0.1937775890643936,0.1641846339497492,0.1482718397933676,14.252368151672291,14.295249524595784,14.23894949075746,14.225347955590465,14.235472699979208,14.114845186522134,0.0136733019002095,0.0063622585056863,0.0160671166342676,0.0080107237460786,0.1137669077561955,0.0,0.0,4.78421999999748,3.27
2019-11-25,14.372552679866018,14.372552679866018,13.91165084844348,13.91456794864236,26028000.0,14.177106966541272,14.258785772109825,14.092511060773845,14.258785772109825,15530400.0,1277027100.0,48.42553554751365,25.29073927705149,0.1688075460129514,0.2512223312349941,-0.0824147852220427,14.225384974832682,14.54676668434104,13.904003265324324,0.1768325833344555,0.1916613516261884,0.1648653383558473,14.132767043518342,14.240699750876786,14.225384974832682,14.121754619941097,14.177126381554324,14.095771163866916,0.0136918456494239,0.0079470616925321,-0.0129168462561821,-0.0244369169690443,-0.3442178234674635,0.0,0.0,4.78421999999748,3.27
2019-11-26,13.879562746255836,13.879562746255836,13.36615311125352,13.669531531936707,35882400.0,14.372552679866018,14.372552679866018,13.91165084844348,13.91456794864236,26028000.0,1241144700.0,43.97068043848448,25.33835426293743,0.1159726319182148,0.2241723913716383,-0.1081997594534234,14.205402838470375,14.603653152432845,13.807152524507911,0.2261044345331912,0.2639118676276168,0.2042981004183026,13.997997014330236,14.187025107217451,14.205402838470375,13.9710135906063,14.084836408896576,14.055176913206898,-0.0349028716810604,-0.0349028716810604,-0.0400010552847835,-0.0177669648146459,-0.245036416705652,0.0,0.0,4.78421999999748,3.27
2019-11-27,13.678282832533338,13.908733748244606,13.4945055200041,13.882479846454714,24748800.0,13.879562746255836,13.879562746255836,13.36615311125352,13.669531531936707,35882400.0,1265893500.0,48.4122267123545,25.24954131489249,0.0902434607010604,0.1973866052375227,-0.1071431445364622,14.190088062426272,14.61254007189633,13.767636052956217,0.2318186326386157,0.2572596455776673,0.216713308255575,13.974076792699446,14.12693284312059,14.190088062426272,13.941502342555772,14.048044306634418,14.038729573516214,-0.0146080717733165,0.0020995178822826,0.0095569797779435,0.0154582220533696,0.2129483145180071,0.0,0.0,4.78421999999748,3.27
2019-11-28,13.824137842477178,14.04875455779069,13.716205135118736,14.025417756199676,10398600.0,13.678282832533338,13.908733748244606,13.4945055200041,13.882479846454714,24748800.0,1276292100.0,51.20814257105273,24.53769679114449,0.0804593169555811,0.1740011475811344,-0.0935418306255532,14.192859307615205,14.610195937642812,13.775522677587595,0.2153562928098039,0.2466509372503557,0.2140891739702483,13.950156571068655,14.094844740932944,14.192859307615205,13.969474147103742,14.043930388373555,14.03746178139083,0.0106068028780019,0.0100167782434712,0.0162953863086303,0.010243635093933,0.1429379097449619,0.0,0.0,4.78421999999748,3.27
2019-11-29,13.981661253216524,14.110013661967104,13.80371814108504,13.885396946653591,11478900.0,13.824137842477178,14.04875455779069,13.716205135118736,14.025417756199676,10398600.0,1264813200.0,48.43865614193404,23.61013819022441,0.0607070107871514,0.1513423202223378,-0.0906353094351863,14.179878211730204,14.617993158337397,13.74176326512301,0.1290070866610456,0.2520767689451552,0.2247482254719617,13.875478805977412,14.06392347882485,14.179878211730204,13.94144841362036,14.015106126242651,14.022979416177758,0.0113303771920429,0.0043509858343262,0.0063599959982627,-0.0100335289895778,-0.1400208095460851,0.0,0.0,4.78421999999748,3.27
2019-12-02,13.961241551824386,14.110013661967104,13.859143044863698,13.917485048841236,15599700.0,13.981661253216524,14.110013661967104,13.80371814108504,13.885396946653591,11478900.0,1280412900.0,49.11780069822495,22.748833775084343,0.0470994740970862,0.1304937509972875,-0.0833942769002012,14.169668361034136,14.62201824582568,13.71731847624259,0.1292344527454096,0.1990613064534148,0.2320505946821692,13.876062226017186,14.004414634767764,14.169668361034136,13.933460625360652,13.997356839442396,14.01293233357428,-0.0014615306913126,0.0,0.0040071760886437,0.0023082582906415,0.0320881021876449,0.0,0.0,4.78421999999748,4.31
2019-12-03,13.937904750233374,13.993329654012031,13.716205135118736,13.920402149040113,10673400.0,13.961241551824386,14.110013661967104,13.859143044863698,13.917485048841236,15599700.0,1291086300.0,49.18333009887619,22.457904864910613,0.0361342556338737,0.1116218519246047,-0.075487596290731,14.149248659641998,14.60784974771764,13.690647571566355,0.0581593994483437,0.1601724441568712,0.2352573943041519,13.926236349437866,13.962116681884051,14.149248659641998,13.929107799920471,13.98336507755107,14.004119935047216,-0.0016729405825635,-0.0083039713209189,-0.0103671720869065,0.0002095777016992,0.002917100198875,0.0,0.0,4.78421999999748,4.31
2019-12-04,14.045837457591814,14.37838688026377,13.958324451625511,14.37838688026377,15033600.0,13.937904750233374,13.993329654012031,13.716205135118736,13.920402149040113,10673400.0,1306119900.0,58.269970622965886,21.12536005309815,0.0636658806320014,0.1020306576660841,-0.0383647770340827,14.152749179880647,14.617186986148594,13.688311373612704,0.2042490983537875,0.2077445083646563,0.238251567560415,14.025417756199676,13.99974727444956,14.152749179880647,14.07886749336824,14.055187223498834,14.039764406020222,0.0077139963464709,0.0271454052033135,0.0174980747870399,0.0323706234875711,0.4579847312236591,0.0,0.0,4.78421999999748,4.31
2019-12-05,14.395889481457033,14.398806581655908,14.212112168927792,14.32296197648511,13471800.0,14.045837457591814,14.37838688026377,13.958324451625511,14.37838688026377,15033600.0,1292648100.0,56.94295576908295,19.96152801258556,0.0800893451509612,0.0976423951630595,-0.0175530500120983,14.157270685188909,14.626463740909903,13.688077629467912,0.243770807898297,0.2281854899623525,0.2406909590592132,14.084926600256765,14.017541585662707,14.157270685188909,14.160232321073863,14.10387354222361,14.066735603207354,0.0246166276353556,0.001419158879846,0.018018505502678,-0.0038621859168115,-0.0554249037786593,0.0,0.0,4.78421999999748,4.31
2019-12-06,14.337547477479497,14.3871381808604,14.25003447151319,14.27045417290533,13688100.0,14.395889481457033,14.398806581655908,14.212112168927792,14.32296197648511,13471800.0,1278960000.0,55.64995323437358,18.880826832109584,0.0878553760964777,0.0956849913497431,-0.0078296152532654,14.156978975169022,14.625882847534548,13.688075102803497,0.225084101605202,0.2295817367392141,0.2405426111279651,14.16193804550711,14.01870842574226,14.156978975169022,14.19697293835102,14.134160929620286,14.086137371750018,-0.004060919286315,-0.0008107013009888,0.0026647550871503,-0.003672723981503,-0.0525078035797808,0.0,0.0,4.78421999999748,4.31
2019-12-09,14.337547477479497,14.375469780064892,13.879562746255836,13.934987650034495,24456900.0,14.337547477479497,14.3871381808604,14.25003447151319,14.27045417290533,13688100.0,1254503100.0,48.13044760395592,18.56326084227331,0.0661778101855041,0.0897835551168953,-0.0236057449313911,14.13072507337913,14.58744981645035,13.67400033030791,0.2204196891150081,0.2286414460075388,0.2342948496263625,14.165438565745765,14.020750395881471,14.13072507337913,14.10964450891218,14.097947606059233,14.071742160158063,0.0,-0.0008113590708789,-0.0263418736139802,-0.0237884834171011,-0.3354665228708331,-1.0,0.0,4.78421999999748,4.31
2019-12-10,13.91456794864236,13.94957315102888,13.596604026964789,13.66661443173783,19299300.0,14.337547477479497,14.375469780064892,13.879562746255836,13.934987650034495,24456900.0,1235203800.0,43.11171088193055,19.070969719041347,0.0270311093918671,0.0772330659718897,-0.0502019565800225,14.10374189653952,14.601359433557509,13.606124359521536,0.3042369091121037,0.2291406499786402,0.2552724102991926,14.114681022285309,14.020458685861588,14.10374189653952,13.961967816520731,14.01952339254625,14.033158566975183,-0.0299454486988799,-0.0300743571950858,-0.0205973944901618,-0.019446818717439,-0.2683732182966665,0.0,0.0,4.78421999999748,4.31
2019-12-11,13.716205135118736,13.774547139096272,13.380738612247905,13.436163516026562,32803500.0,13.91456794864236,13.94957315102888,13.596604026964789,13.66661443173783,19299300.0,1202400300.0,39.32018509594813,20.059429950357863,-0.0223309783452645,0.0573202571084588,-0.0796512354537234,14.051379947969682,14.596320187342164,13.5064397085972,0.3819452318752264,0.2934453944928309,0.2795484443881344,13.926236349437866,13.975827052818772,14.051379947969682,13.78669971635601,13.91345796045176,13.976301895456269,-0.014358354782372,-0.0126264303728116,-0.016003801775569,-0.0170061142918922,-0.2304509157112679,0.0,0.0,4.78421999999748,4.31
2019-12-12,13.622857928754678,13.809552341482794,13.526593622191744,13.64036052994794,47768100.0,13.716205135118736,13.774547139096272,13.380738612247905,13.436163516026562,32803500.0,1250168400.0,44.01826842454472,20.818536030232718,-0.0444612741416516,0.0369639508584367,-0.0814252250000884,14.016083035563272,14.57139226969643,13.460773801430117,0.3219757190608339,0.3109561311142412,0.2848676264668027,13.78971606013043,13.937321330193598,14.016083035563272,13.73791998755332,13.863803882178338,13.944307479693569,-0.0068288784370715,0.0025380724284711,0.0108413897942889,0.0150832422113285,0.2041970139213766,0.0,0.0,4.306428,4.31
2019-12-13,13.698702533925475,13.754127437704136,13.418660914833302,13.47408581861196,35892300.0,13.622857928754678,13.809552341482794,13.526593622191744,13.64036052994794,47768100.0,1214276100.0,41.21965858079843,21.783861233472276,-0.0745572233292506,0.0146597160208992,-0.0892169393501499,13.980056848107145,14.576340885191682,13.383772811022608,0.1977032244309748,0.3440311278676567,0.3058872568713381,13.630442389271758,13.896190217389435,13.980056848107145,13.649975264572868,13.792946052438996,13.899524464352462,0.0055520108449891,-0.0040215950063715,-0.0080113019142746,-0.0122648121613537,-0.1662747113359781,0.0,1.0,4.306428,4.31
2019-12-16,13.60243822736254,13.6957854337266,13.471168718413084,13.628692129152432,22029300.0,13.698702533925475,13.754127437704136,13.418660914833302,13.47408581861196,35892300.0,1236305400.0,44.737875990307,22.680234636480435,-0.0849537487940335,-0.0052629769420872,-0.0796907718519462,13.93586278009416,14.497751406766362,13.373974153421958,0.1058750656866107,0.3540210876949868,0.2882427836242681,13.569183285095344,13.867310925420554,13.93586278009416,13.64288088609939,13.76308170275053,13.873730908619123,-0.0070520646996112,-0.0042508034251946,0.0039054074372546,0.0114090140774578,0.1546063105404709,0.0,0.0,4.306428,4.31
2019-12-17,13.564515924777142,13.920402149040113,13.523676521992869,13.90289954784685,26361600.0,13.60243822736254,13.6957854337266,13.471168718413084,13.628692129152432,22029300.0,1262667000.0,50.40737089135658,22.43158200305868,-0.0702569447604037,-0.0182617705057505,-0.0519951742546532,13.91383867359264,14.443726933738857,13.383950413446424,0.1840826598341133,0.3537726220031103,0.2718269419670416,13.616440308317149,13.865560665301228,13.91383867359264,13.729553773348544,13.788503129131678,13.87650887425986,-0.0027917982269189,0.0162673915754432,0.0038902145452013,0.0199201331506242,0.2742074186944183,0.0,0.0,4.306428,4.31
2019-12-18,13.885396946653591,14.089593960574966,13.777464239295147,14.040003257194062,38900100.0,13.564515924777142,13.920402149040113,13.523676521992869,13.90289954784685,26361600.0,1301567100.0,53.0035606865432,21.48774218022579,-0.0470046577233347,-0.0240103479492674,-0.0229943097740673,13.915734788721911,14.44714173977706,13.384327837666762,0.2288706325779267,0.313117790436034,0.2726060139650796,13.73720825655065,13.831722302994256,13.915734788721911,13.833036934630384,13.83423042514302,13.89207976787264,0.0233804486440636,0.0120809634288119,0.0185922654364749,0.0098132116444222,0.1371037093472118,0.0,0.0,4.306428,4.31
2019-12-19,14.0604229585862,14.293790974496345,13.946656050830004,14.226697669922178,17539800.0,13.885396946653591,14.089593960574966,13.777464239295147,14.040003257194062,38900100.0,1319106900.0,56.35420633195631,20.060201006657596,-0.0133583867191315,-0.0218799557032402,0.0085215689841086,13.919818729000337,14.459403734894826,13.380233723105848,0.3045444225144073,0.2974236032971857,0.276801267578743,13.854475684545497,13.822095872337965,13.919818729000337,13.964257179727651,13.905588106011956,13.923948139496405,0.0125262598191802,0.0143887374520996,0.0122055387299861,0.013209686406943,0.1866944127281158,0.0,0.0,4.306428,4.31
2019-12-20,14.13335046355812,14.366718479468265,14.07792555977946,14.30545937529185,16043700.0,14.0604229585862,14.293790974496345,13.946656050830004,14.226697669922178,17539800.0,1335150600.0,57.72360519884028,18.99056403889776,0.0194378691879428,-0.0136163907250036,0.0330542599129465,13.922152409159438,14.467949262105078,13.376355556213795,0.269927148599158,0.3034321765815806,0.2799878778792158,14.020750395881477,13.825596392576616,13.922152409159438,14.07799124491572,13.978291973153755,13.960282542905494,0.0051733172802208,0.0050890695074712,0.0093682375588737,0.0055209219059944,0.078761705369672,0.0,0.0,4.306428,4.31
2019-12-23,13.774547139096272,13.891231147051345,13.39240701304341,13.687034133129968,81460800.0,14.13335046355812,14.366718479468265,14.07792555977946,14.30545937529185,16043700.0,1253689800.0,45.62033300972941,19.29105993845768,-0.0044216404497756,-0.011777440669958,0.0073558002201823,13.91077571838382,14.466132454410042,13.3554189823576,0.249208127792873,0.3036307571057547,0.2848919944237857,14.032418796676982,13.800801040886162,13.91077571838382,13.947672207653802,13.92533600224034,13.934258884831635,-0.0257148066794083,-0.0336565265593811,-0.0499201019357551,-0.0441922678426811,-0.6184252421618819,0.0,0.0,4.306428,4.31
2019-12-26,13.707453834522106,13.76871293869852,13.491588419805222,13.631609229351309,25467300.0,13.774547139096272,13.891231147051345,13.39240701304341,13.687034133129968,81460800.0,1228222500.0,44.71541538797431,19.57009184519189,-0.0274859592371736,-0.0149191443834011,-0.0125668148537725,13.908879603254547,14.467765779018634,13.34999342749046,0.3072344991584226,0.3055454169808167,0.2867025588068057,13.978160732977871,13.79730052064751,13.908879603254547,13.842317881552972,13.871931134442333,13.905435108119224,-0.0048827185426425,-0.008858948467207,0.0073785056973036,-0.0040576670729399,-0.0554249037786611,0.0,0.0,4.306428,4.31
2019-12-27,13.660780231340077,13.672448632135582,12.838157975256816,12.919836780825367,56863800.0,13.707453834522106,13.76871293869852,13.491588419805222,13.631609229351309,25467300.0,1171358700.0,35.089384455839735,21.087132976230052,-0.1020226327081452,-0.0323398420483499,-0.0696827906597952,13.86074744997308,14.5668555806656,13.15463931928056,0.5574142653437226,0.4018133017804741,0.3622258281609199,13.754127437704131,13.74566784712739,13.86074744997308,13.534824181310436,13.698823070148338,13.811568600757903,-0.0034107899192741,-0.007016080656895,-0.0496445831354344,-0.0536274387772279,-0.7117724485259398,0.0,0.0,4.306428,4.31
2019-12-30,12.89941707943323,12.931505181620874,12.499774352187108,12.54353085517026,42945000.0,13.660780231340077,13.672448632135582,12.838157975256816,12.919836780825367,56863800.0,1128413700.0,31.25815713727218,22.975187474297964,-0.1892763665885688,-0.0637271469563937,-0.125549219632175,13.786653104921612,14.691206836841337,12.88209937300189,0.6925413361024712,0.554459250904521,0.4640262736237373,13.417494074753751,13.635984879649625,13.786653104921612,13.204393072597046,13.488769940152324,13.690803101178128,-0.05734684776615,-0.0557161631776526,-0.0267112357792109,-0.029558802241544,-0.3763059256551067,0.0,0.0,4.306428,4.31
2020-01-02,12.691947695531615,13.24453828533244,12.691947695531615,13.138723066008875,49644000.0,12.89941707943323,12.931505181620874,12.499774352187108,12.54353085517026,42945000.0,1178057700.0,42.037873768144486,23.6589467686695,-0.2080008379483402,-0.092581885154783,-0.1154189527935571,13.749319410889376,14.695181363236877,12.803457458541876,0.4835881993285847,0.5750977439608245,0.4852169435847674,13.184146812897158,13.602448604389314,13.749319410889376,13.18250307040099,13.425125053944424,13.63822405020963,-0.0162143700513612,0.0239186665384139,0.01525716033415,0.0463587662172382,0.5951922108386167,0.0,0.0,4.306428,4.19
2020-01-03,13.0093933535023,13.17105549413552,12.85067052451696,12.865367082756345,27584400.0,12.691947695531615,13.24453828533244,12.691947695531615,13.138723066008875,49644000.0,1150473300.0,39.01206716906616,24.293866113443077,-0.2421068031996665,-0.1224868687637597,-0.1196199344359067,13.69671351258513,14.713671583538822,12.67975544163144,0.4028423070145514,0.6201228077543884,0.5216884828883824,13.01981340282243,13.526116099749704,13.69671351258513,13.076791074519443,13.32335087736477,13.56461862473789,0.0247039095362424,-0.0055636062060466,0.0124282382216764,-0.0210248504167189,-0.2733559832525341,0.0,0.0,4.306428,4.19
2020-01-06,12.835973966277576,13.19163067567066,12.66255457905285,12.753673240137028,46337700.0,13.0093933535023,13.17105549413552,12.85067052451696,12.865367082756345,27584400.0,1104135600.0,37.81438175729424,25.201723386013928,-0.2749789992813092,-0.1529852948672696,-0.1219937044140395,13.638377067139976,14.728537066628643,12.548217067651306,0.2188091805019604,0.6483826685811782,0.5592402798922684,12.844226204979574,13.411193468978723,13.638377067139976,12.969085129725304,13.219773125141543,13.48738573096638,-0.0134199671254342,0.0015609324163894,-0.0147468110201498,-0.0087196513925449,-0.1116938426193154,0.0,0.0,4.306428,4.19
2020-01-07,12.812459473094563,13.182812740727028,12.783066356615796,13.129905131065248,38100900.0,12.835973966277576,13.19163067567066,12.66255457905285,12.753673240137028,46337700.0,1142236500.0,44.045808292451255,26.044733710544005,-0.2675871046355418,-0.175905656820924,-0.0916814478146177,13.57595297968005,14.631911120401329,12.519994838958771,0.2542536023161655,0.6132331696852906,0.5416950965440592,12.886239875027552,13.320183656365842,13.57595297968005,13.022691796838618,13.203433489854945,13.453339959547224,-0.001833601247168,-0.0006686727096356,0.0094721743213592,0.0290731355537681,0.3762318909282189,0.0,0.0,4.306428,4.19
2020-01-08,13.15341962424826,13.33271763476874,13.021150600093808,13.14460168930463,31485900.0,12.812459473094563,13.182812740727028,12.783066356615796,13.129905131065248,38100900.0,1173722400.0,44.2806893403587,26.2644349028324,-0.2575739334764808,-0.1922393121520354,-0.0653346213244454,13.517034965321026,14.530331843916665,12.503738086725386,0.1841356174254385,0.5245593370605455,0.5198103308372922,13.006454041854424,13.211974058304088,13.517034965321026,13.063328427660622,13.192736798845797,13.423936314762216,0.0262636784705629,0.0113070709146914,0.0184536504415429,0.0011186934828164,0.0146965582393825,0.0,0.0,4.306428,4.19
2020-01-09,13.138723066008875,13.553166008359492,13.056422339868329,13.2239631037973,43007400.0,13.15341962424826,13.33271763476874,13.021150600093808,13.14460168930463,31485900.0,1216729800.0,45.60846620825568,25.698172087999904,-0.2404627157886096,-0.2018839928793503,-0.0385787229092593,13.464710411865624,14.423600004741909,12.50582081898934,0.2024756941503438,0.3596190365581196,0.4918999821654068,13.02350204941211,13.103824431154631,13.464710411865624,13.116873319706183,13.19841430883698,13.404891247051273,-0.0011179431013412,0.0163991867991173,0.0027051414151912,0.006019414006237,0.0793614144926717,0.0,0.0,4.306428,4.19
2020-01-10,13.282749336754836,13.285688648402711,13.021150600093808,13.044665093276825,31455000.0,13.138723066008875,13.553166008359492,13.056422339868329,13.2239631037973,43007400.0,1185274800.0,43.109050064428,25.25510781076888,-0.2386191504531538,-0.209231024394111,-0.0293881260590428,13.42019428402774,14.370245854502448,12.470142713553033,0.1823439595364579,0.295528741888292,0.4873661723357765,13.059361651516207,13.039587527169315,13.42019428402774,13.092803910896398,13.170459906007858,13.370583994310849,0.0109023218036652,-0.0199327593804286,-0.0027051414151912,-0.0136513253486327,-0.179298010520478,0.0,0.0,4.306428,4.19
2020-01-13,13.179873429079151,13.179873429079151,12.974121613727782,13.074058209755588,24073200.0,13.282749336754836,13.285688648402711,13.021150600093808,13.044665093276825,31455000.0,1209348000.0,43.654191963752886,24.958489055454457,-0.2321107050672051,-0.2138069605287298,-0.0183037445384752,13.39056647292863,14.34497949481296,12.4361534510443,0.0693515618764179,0.2123015030294198,0.489603549700748,13.123438645439917,12.983832425209746,13.39056647292863,13.086555343849463,13.15293232487108,13.342343443400823,-0.0077752252192291,-0.0079964886342263,-0.0036182762224998,0.0022507324378788,0.029393116478765,0.0,0.0,4.306428,4.19
2020-01-14,13.041725781628944,13.18869136402278,13.003514730206549,13.10051201458648,23822400.0,13.179873429079151,13.179873429079151,12.974121613727782,13.074058209755588,24073200.0,1233170400.0,44.17268190501876,24.648327344599625,-0.2222560844499117,-0.2154967853129662,-0.0067592991369454,13.373783897856626,14.3361705648108,12.411397230902452,0.0699099071045638,0.2139318904502213,0.4936939433151839,13.117560022144165,13.00189994858586,13.373783897856626,13.09120756742847,13.143401359364788,13.319311878751837,-0.0105370328131413,0.0006688217839325,0.002262956385489,0.0020213370161372,0.0264538048308917,0.0,0.0,4.306428,4.19
2020-01-15,13.050543716572577,13.141662377656754,12.624343527630456,12.786005668263671,54002100.0,13.041725781628944,13.18869136402278,13.003514730206549,13.10051201458648,23822400.0,1179168300.0,39.51694876097856,25.249276268552585,-0.2370912203173851,-0.21981567231385,-0.0172755480035351,13.331066154772412,14.31786547769252,12.344266831852302,0.1604901842781118,0.1641579167695904,0.5062173715841604,13.045840817935972,13.026147429895198,13.331066154772412,12.989473601040205,13.078420324619133,13.268520811086296,0.0006759040473611,-0.0035722297420024,-0.0295927087838148,-0.024300048863826,-0.3145063463228084,0.0,0.0,4.306428,4.19
2020-01-16,12.918274692418125,12.982939548671412,12.730158746954016,12.81539878474244,30717900.0,13.050543716572577,13.141662377656754,12.624343527630456,12.786005668263671,54002100.0,1209886200.0,40.15182074098203,25.80730026936604,-0.2436675457329986,-0.2245860469976797,-0.0190814987353188,13.298131803078936,14.307352225030195,12.288911381127672,0.1508471232568282,0.1712108035417989,0.5177191527021197,12.964127954125,12.993815001768557,13.298131803078936,12.931448662274285,13.03059822645973,13.225366332386882,-0.0101868453069928,-0.0121513646374542,0.0083469067962709,0.0022962122603504,0.0293931164787686,0.0,0.0,4.306428,4.19
2020-01-17,13.076997521403468,13.282749336754836,12.988818171967164,13.25041690862819,25525800.0,12.918274692418125,12.982939548671412,12.730158746954016,12.81539878474244,30717900.0,1235412000.0,48.72944274957726,25.13080624978031,-0.2113407988314612,-0.2219369973644361,0.0105961985329748,13.279218042052724,14.277063849306822,12.281372234798626,0.1987635474396246,0.1820676269686336,0.51188409848082,13.005278317195271,13.03231998435574,13.279218042052724,13.03777141105892,13.070565259581269,13.22775210155272,0.012211820686764,0.0228299978147532,0.0201149639161131,0.0333815388165867,0.4350181238857509,0.0,0.0,4.306428,4.19
2020-01-20,13.226902415445178,13.309203141585726,13.156358935896137,13.18869136402278,12359100.0,13.076997521403468,13.282749336754836,12.988818171967164,13.25041690862819,25525800.0,1223052900.0,47.68510502132179,24.404553926403285,-0.1885291083918687,-0.2152554195699226,0.0267263111780538,13.24350763286152,14.199770469904388,12.287244795818651,0.2146563016065606,0.1585424971469422,0.4905524848547578,13.028204948048714,13.075821796744313,13.24350763286152,13.088078062046874,13.092042733116088,13.224032031311774,0.0113980449523696,0.0019896104717389,0.0128163643010759,-0.0046692691836836,-0.0617255446054105,0.0,0.0,4.306428,4.19
2020-01-21,13.182812740727028,13.417957672557163,13.115208572825862,13.182812740727028,20661300.0,13.226902415445178,13.309203141585726,13.156358935896137,13.18869136402278,12359100.0,1202391600.0,47.5805188942108,23.32238021733876,-0.1689771714910879,-0.2059997699541557,0.0370225984630677,13.200648107038168,14.084359924184534,12.3169362898918,0.2245160835321928,0.161404820298846,0.453334596937003,13.044665093276825,13.081112557710492,13.200648107038168,13.119656288273593,13.10854637086353,13.220106384589418,-0.0033389012655145,0.0081381731460501,-0.0031326944393379,-0.0004458314830864,-0.0058786232957519,1.0,0.0,4.306428,4.19
2020-01-22,13.197509298966413,13.958791015766478,13.197509298966413,13.92939789928771,39244500.0,13.182812740727028,13.417957672557163,13.115208572825862,13.182812740727028,20661300.0,1241636100.0,59.67643279324889,22.63495806793773,-0.0921763858119462,-0.1832350931257138,0.0910587073137676,13.185783118506444,14.007806485005108,12.36375975200778,0.4049716558442945,0.3141885997516572,0.4216890894678952,13.27334353948163,13.1595921787088,13.185783118506444,13.389570158611631,13.25779210330429,13.287657957417826,0.001114206243403,0.0395155555200528,0.0062556057438221,0.0550876474746915,0.7465851585606824,0.0,0.0,4.306428,4.19
2020-01-23,13.803007498429013,14.505502982271546,13.650163292739425,14.329144283398945,39459600.0,13.197509298966413,13.958791015766478,13.197509298966413,13.92939789928771,39244500.0,1281095700.0,64.41168649257719,23.144042950198955,0.0009342135046512,-0.1464012317996408,0.1473354453042921,13.1869673639118,14.015482162811702,12.358452565011897,0.5250535433819415,0.4864835559101684,0.425019124026743,13.57609263921293,13.270110296668966,13.1869673639118,13.702761533540738,13.452583408776045,13.38684713132079,0.0448583807716325,0.0384186033184601,0.0337233620814823,0.0282939614643593,0.3997463841112321,0.0,0.0,4.306428,4.19
2020-01-24,14.299751166920176,14.355598088229836,14.185118012652984,14.2968118552723,23832300.0,13.803007498429013,14.505502982271546,13.650163292739425,14.329144283398945,39459600.0,1257263400.0,63.75950613901198,23.616764626584377,0.0712942419106337,-0.1028621370575859,0.1741563789682196,13.217456250018916,14.155036159977168,12.279876340060664,0.5694532297969233,0.5750845011230444,0.4809683454835575,13.785371628541752,13.395324972868512,13.217456250018916,13.900778307451258,13.606079489957182,13.47351043836379,0.0353556331121729,-0.0103881166369865,0.0384419033671949,-0.0022589597859448,-0.0323324281266437,0.0,0.0,4.306428,4.19
2020-01-27,14.12633177969545,14.31444772515956,13.999941378836752,14.09106003992093,33513300.0,14.299751166920176,14.355598088229836,14.185118012652984,14.2968118552723,23832300.0,1223750100.0,59.62234770587324,23.42418755937036,0.1091939000706467,-0.0604509296319393,0.1696448297025861,13.240428790547394,14.23806465366191,12.24279292743288,0.466816919423784,0.6012861519809855,0.5117763994096408,13.965845363721382,13.497025155885046,13.240428790547394,13.964205551607815,13.694257771768772,13.532324686131137,-0.0122015783236912,-0.0028706191539598,-0.0131402453841169,-0.0144960086516729,-0.2057518153513697,0.0,0.0,4.306428,4.19
2020-01-28,14.06460623509004,14.493745735680038,14.041091741907026,14.31444772515956,16828500.0,14.12633177969545,14.31444772515956,13.999941378836752,14.09106003992093,33513300.0,1240578600.0,62.46968948994702,23.620059377349428,0.1554630897584044,-0.0172681257538706,0.172731215512275,13.310159337764103,14.399184317070477,12.221134358457734,0.1760228075916419,0.6339907398266403,0.5586580268241595,14.19217236060789,13.618418726942355,13.310159337764103,14.08095294279173,13.807019581476188,13.606812594610036,-0.0043791124093592,0.0124478701474908,0.0029350125891016,0.0157288010823055,0.2233876852386309,0.0,0.0,4.306428,4.19
2020-01-29,14.31444772515956,14.540774722046065,14.240964933962642,14.523138852158803,18439200.0,14.06460623509004,14.493745735680038,14.041091741907026,14.31444772515956,16828500.0,1259017800.0,64.95592667511679,23.898942123492898,0.2065899454879698,0.0275034884944974,0.1790864569934723,13.409139737613534,14.559577455066869,12.2587020201602,0.1532309142715118,0.6183618285013082,0.5901620967646887,14.310920551182107,13.792132045331869,13.409139737613534,14.22834824591409,13.93722308523666,13.694081761995632,0.0176079121895806,0.0032395250035821,0.0141345109349049,0.0144738027691144,0.208691126999243,0.0,0.0,4.306428,4.19
2020-01-30,14.0822421049773,14.19687525924449,13.870611666330175,14.088120728273053,25578900.0,14.31444772515956,14.540774722046065,14.240964933962642,14.523138852158803,18439200.0,1233438900.0,56.54670580015575,22.928765197543907,0.2095899969833503,0.063920790192268,0.1456692067910823,13.456609620726743,14.63647036861488,12.276748872838606,0.181389110892319,0.5177903353096308,0.6052557929041145,14.262715840156927,13.919404239684928,13.456609620726743,14.181605740033746,13.964659020334183,13.731609282593483,-0.0163547791935134,-0.0239348645810899,-0.0263503325984792,-0.0304112196861185,-0.4350181238857509,0.0,0.0,4.306428,4.19
2020-01-31,14.10869590980819,14.182178701005109,13.961730327414354,14.067545546737916,27601800.0,14.0822421049773,14.19687525924449,13.870611666330175,14.088120728273053,25578900.0,1205837100.0,56.176271751861485,22.027886623448413,0.2079106496623026,0.0927187620862749,0.1151918875760276,13.516718543925824,14.69245407847925,12.340983009372396,0.1987613741034357,0.46195157979545,0.6031396031145412,14.216862578450051,14.001117103495904,13.516718543925824,14.143585675601802,13.9833656614985,13.763603212512,0.0018767600128604,-0.0010357328735319,0.0065477053022995,-0.0014615306913126,-0.0205751815351362,0.0,0.0,4.306428,4.19
2020-02-03,14.255661492202025,14.74064791410168,14.06460623509004,14.655407876313255,23380800.0,14.10869590980819,14.182178701005109,13.961730327414354,14.067545546737916,27601800.0,1229217900.0,63.52786420733068,22.41444821348889,0.2511205702211967,0.1243991237132593,0.1267214465079373,13.61180527573463,14.832077029467817,12.391533522001444,0.2602029682917539,0.4046299350672279,0.6259862014956177,14.32973214572852,14.147788754724951,13.61180527573463,14.314193075838954,14.105555155101182,13.848536990016882,0.0103627870355462,0.0386226866229493,0.0073414068583677,0.0409389956151846,0.5878623295753407,0.0,0.0,4.306428,4.01
2020-02-04,14.872916938256134,14.949339041100927,14.423202256130995,14.558410591933326,26916300.0,14.255661492202025,14.74064791410168,14.06460623509004,14.655407876313255,23380800.0,1202301600.0,61.68900493455691,23.14321367794412,0.2743750485977578,0.154394308690159,0.1199807399075988,13.683230548778036,14.94870423459154,12.417756862964533,0.278827447090929,0.2407703146960117,0.649174303389032,14.37852471908327,14.28534853984558,13.683230548778036,14.39559891453708,14.187892507252482,13.916143999723207,0.0423877783499824,0.0140582455860291,0.0251767322028486,-0.0066405314952655,-0.0969972843799311,0.0,0.0,4.306428,4.01
2020-02-05,14.784737588819832,14.84058451012949,14.267418738793532,14.396748451300104,33186300.0,14.872916938256134,14.949339041100927,14.423202256130995,14.558410591933326,26916300.0,1169115300.0,58.64231152508437,23.306040694842807,0.2765714629038367,0.1788297395328945,0.0977417233709421,13.745837886877808,15.02237315240831,12.469302621347309,0.2679565875519101,0.2069891376273034,0.6548487740537839,14.353246638911532,14.332083595046816,13.745837886877808,14.395982093458088,14.22586631526114,13.961915852254345,-0.005946499187726,-0.0073014631231491,-0.0108596498033568,-0.0111664950761247,-0.1616621406332203,0.0,0.0,4.306428,4.01
2020-02-06,14.505502982271546,14.587803708412094,14.270358050441407,14.270358050441407,14813100.0,14.784737588819832,14.84058451012949,14.267418738793532,14.396748451300104,33186300.0,1154302200.0,56.301163843810095,23.457237210534448,0.2650580636403408,0.1960754043543838,0.0689826592859569,13.798157634210014,15.070614502969535,12.525700765450493,0.2329912082774402,0.2079146056134555,0.6527566006546655,14.389694103345205,14.326204971751064,13.798157634210014,14.354107412452528,14.233955721657551,13.99129129970073,-0.0190673112262032,-0.017179807271475,0.0002059944388785,-0.0088178567866878,-0.126390400858698,0.0,0.0,4.06652399999748,4.01
2020-02-07,14.229207687371131,14.255661492202025,13.944094457527092,14.049909676850657,16109400.0,14.505502982271546,14.587803708412094,14.270358050441407,14.270358050441407,14813100.0,1138192800.0,52.37373128389771,22.55459454577608,0.2354313641743459,0.2039465963183762,0.0314847678559697,13.848419863388704,15.076494345035318,12.62034538174209,0.239139693338988,0.2256928628722907,0.629988916458811,14.38616692936775,14.3015147539089,13.848419863388704,14.252708167251903,14.200492804419934,13.996874002286438,-0.0192313619278876,-0.0230316916559121,-0.0231284400478637,-0.0155685552399233,-0.2204483735907523,0.0,0.0,4.06652399999748,4.01
2020-02-10,14.190996635948736,14.387930516356478,13.999941378836752,14.299751166920176,17369100.0,14.229207687371131,14.255661492202025,13.944094457527092,14.049909676850657,16109400.0,1155561900.0,56.11048512697129,22.024554954735105,0.2294669593655154,0.2090506689278041,0.0204162904377113,13.909704511246938,15.098803537907528,12.720605484586349,0.1860307966581618,0.2133833639547763,0.6099949299196468,14.315035587489136,14.322383866608826,13.909704511246938,14.26838916714133,14.218539779419975,14.02571944653727,-0.0026890077222718,0.009235571033082,0.0039970601232988,0.0176261691346035,0.2498414900695209,0.0,0.0,4.06652399999748,4.01
2020-02-11,14.417323632835243,14.534896098750313,14.208632505836,14.382051893060725,11265000.0,14.190996635948736,14.387930516356478,13.999941378836752,14.299751166920176,17369100.0,1166826900.0,57.29901370083474,21.86404411762353,0.228744284641996,0.2129893920706425,0.0157548925713535,13.973781505170647,15.11885659488962,12.828706415451675,0.1391663963675574,0.2141734496465972,0.5874111267818157,14.279763847714614,14.32914428339894,13.973781505170647,14.306276742447796,14.248269254627385,14.059655870015694,0.0158227897820411,0.0101626890922017,0.0147965604625683,0.0057388966690181,0.0823007261405468,0.0,0.0,4.06652399999748,4.01
2020-02-12,14.379112581412848,14.89349211979127,14.255661492202025,14.728890667510177,20833200.0,14.417323632835243,14.534896098750313,14.208632505836,14.382051893060725,11265000.0,1187660100.0,61.97263711306787,22.435280939519544,0.2532393644056672,0.2210393865376474,0.0321999778680197,14.070925755132972,15.122269952602926,13.01958155766302,0.2466956403838345,0.2428447827891902,0.539328193597256,14.346192290956628,14.34971946493408,14.070925755132972,14.447148050801925,14.335654966060618,14.12339251739612,-0.0026538751924003,0.0243719614190971,0.0033044226681,0.0238298836706012,0.3468387744494521,0.0,0.0,4.06652399999748,4.01
2020-02-13,14.317387036807435,14.6877403044399,14.317387036807435,14.640711318073874,24093600.0,14.379112581412848,14.89349211979127,14.255661492202025,14.728890667510177,20833200.0,1163566500.0,60.16955083178899,22.965715131280124,0.2625104974346435,0.2293336087170466,0.0331768887175968,14.162191381799548,15.068650694720947,13.25573206887815,0.2724854457892754,0.2395525969452273,0.4650038160516692,14.420262944483122,14.404978523914162,14.162191381799548,14.511669139892575,14.391119757335757,14.172660974603527,-0.0043019630005205,-0.0139111941317047,0.0043205498750138,-0.0060048218864414,-0.0881793494363005,0.0,0.0,4.06652399999748,4.01
2020-02-14,14.558410591933326,14.749465849045311,14.517260228863051,14.696558239383531,22891200.0,14.317387036807435,14.6877403044399,14.317387036807435,14.640711318073874,24093600.0,1186457700.0,60.9445744472921,23.580900238728358,0.2712376580896318,0.2377144185915637,0.0335232394980681,14.234498448337314,15.066122334603332,13.402874562071297,0.1952818137467055,0.2231245392065179,0.4266140521929313,14.549592656989695,14.46787979317872,14.234498448337314,14.573298839722897,14.446654026798983,14.222555952201622,0.0166941987816953,0.0041937155821627,0.0138636267340821,0.0038072383429543,0.0558469213096568,0.0,0.0,4.06652399999748,4.01
2020-02-17,14.805312770354968,15.378478541690926,14.696558239383531,15.35790336015579,25746300.0,14.558410591933326,14.749465849045311,14.517260228863051,14.696558239383531,22891200.0,1212204000.0,68.70933582938304,25.187057863588,0.3277410254098196,0.2557197399552149,0.0720212854546047,14.342959048143964,15.166493327348904,13.519424768939023,0.360398445128322,0.3583428242609248,0.4224641713321594,14.76122309563682,14.538129341562977,14.342959048143964,14.834833679867192,14.612335723772947,14.330684276768686,0.0168172131574126,0.0417621662106668,0.0122750308756129,0.0440168854167741,0.6613451207722587,0.0,0.0,4.06652399999748,4.01
2020-02-18,14.990489404171202,15.07279013031175,14.872916938256134,15.034579078889353,19341000.0,14.805312770354968,15.378478541690926,14.696558239383531,15.35790336015579,25746300.0,1192863000.0,62.198706867318144,26.67848994381482,0.3424828545720775,0.2730723628785874,0.06941049169349,14.43554736505208,15.121403097533117,13.74969163257104,0.3022178453001728,0.3914451270004409,0.3518365670895257,14.891728532802546,14.58574619025858,14.43554736505208,14.901415479541248,14.689107242885022,14.397721876970651,0.0124298729667664,-0.0200778945365285,0.0119285708652734,-0.0212773984472849,-0.323324281266439,0.0,0.0,4.06652399999748,4.01
2020-02-19,14.9023100547349,15.640077278351956,14.872916938256134,15.6341986550562,27941100.0,14.990489404171202,15.07279013031175,14.872916938256134,15.034579078889353,19341000.0,1220804100.0,68.2140983461348,28.76192548514545,0.3979626828740841,0.2980504268776868,0.0999122559963973,14.520787402840504,15.343861006034896,13.69771379964611,0.4260785448937107,0.5043662373054315,0.4222278495250871,15.07279013031175,14.709491210634187,14.520787402840504,15.145676538046231,14.860942045097962,14.515481570121658,-0.0058997221271881,0.0369455359958634,0.0,0.0391079163565906,0.5996195761668481,0.0,0.0,4.06652399999748,4.01
2020-02-20,15.519565500789009,15.74001387437976,15.202119842818323,15.26972401071949,23733600.0,14.9023100547349,15.640077278351956,14.872916938256134,15.6341986550562,27941100.0,1197070500.0,61.77874332866237,30.80142977583508,0.4078196971479517,0.3200042809317397,0.0878154162162119,14.56781638920653,15.447270222855195,13.688362555557866,0.3532460776288479,0.5066904969897026,0.4511502974909139,15.19859266884087,14.809427806661995,14.56781638920653,15.187025695603984,14.935266038847333,14.587314183511928,0.0405852801150783,0.0063694482854796,0.021892977610237,-0.0235886912089897,-0.3644746443367097,0.0,0.0,4.06652399999748,4.01
2020-02-21,15.149212233156543,15.299117127198254,15.055154260424487,15.184483972931064,16863300.0,15.519565500789009,15.74001387437976,15.202119842818323,15.26972401071949,23733600.0,1180207200.0,60.34490569017797,32.13303620633662,0.4040951361184532,0.3368224519690825,0.0672726841493707,14.612199995089473,15.521554996128884,13.70284499405006,0.2234263570445532,0.4404153081238936,0.4664892727134049,15.29617781555038,14.922885236270035,14.612199995089473,15.186178454713012,14.980578390498916,14.64418749678994,-0.0241529854879969,-0.0284110018327798,-0.0097144731322775,-0.0055979298775419,-0.0852400377884254,0.0,0.0,4.06652399999748,4.01
2020-02-26,14.549592656989695,14.749465849045311,14.079302793329422,14.09987797486456,29023500.0,15.149212233156543,15.299117127198254,15.055154260424487,15.184483972931064,16863300.0,1151183700.0,45.78401775073865,30.55674004785049,0.3100506837724488,0.3314680983297557,-0.0214174145573069,14.612640891836651,15.520992773137326,13.704289010535977,0.5723799088126379,0.4750135375053533,0.465974683145158,15.044572738492132,14.902897917064475,14.612640891836651,14.824078294763527,14.82045104220176,14.592348494701808,-0.0403855356495741,-0.0365882541227016,-0.0670145763545098,-0.0741079721537216,-1.084605998066504,0.0,0.0,4.06652399999748,4.01
2020-02-27,13.667799162626684,14.282115297032917,13.656041916035177,13.917640652696203,41125800.0,14.549592656989695,14.749465849045311,14.079302793329422,14.09987797486456,29023500.0,1110057900.0,43.86865273720847,28.516793698984237,0.2182983414620345,0.3088341469562115,-0.090535805494177,14.59280053821348,15.54272149033812,13.642879586088842,0.7633545708306527,0.548596620029728,0.4872991665359991,14.821185053253505,14.856456793028023,14.59280053821348,14.52193241407442,14.656303698655291,14.528090604986987,-0.0625203569813339,-0.0321987925204645,-0.030523777074606,-0.0130089958818855,-0.1822373221683566,0.0,0.0,4.06652399999748,4.01
2020-02-28,13.30626382993785,13.914701341048328,13.156358935896137,13.838279238203532,50457600.0,13.667799162626684,14.282115297032917,13.656041916035177,13.917640652696203,41125800.0,1059600300.0,43.024520576818816,27.478636461550447,0.1375940477098787,0.2745861271069449,-0.1369920793970662,14.558557557515718,15.563818427494285,13.553296687537152,0.7054941915794516,0.6368078210487695,0.515687945398148,14.46200116988297,14.76739565009736,14.558557557515718,14.294048022117458,14.507571978573154,14.462394284340943,-0.0268077511454434,-0.0260621443319739,-0.0372768438985389,-0.0057185372400114,-0.0793614144926717,0.0,0.0,4.06652399999748,4.01
2020-03-02,14.02051656037189,14.708315485975035,13.88530822456956,14.30562979021593,36226200.0,13.30626382993785,13.914701341048328,13.156358935896137,13.838279238203532,50457600.0,1095826500.0,49.22116945097513,25.925521250704207,0.1100776901134832,0.2416844397082526,-0.1316067495947694,14.569433010612864,15.558679513675909,13.58018650754982,0.5424547227598034,0.6528287707168077,0.5074727485093111,14.26918232578226,14.733887497311564,14.569433010612864,14.297908611483615,14.470855217053655,14.447464332519516,0.0522868364464281,0.0554670815128726,0.0539261078854371,0.0332145414532871,0.4673505520123981,-1.0,0.0,4.06652399999748,3.3
2020-03-03,14.408505697891616,14.872916938256134,14.21451112913175,14.361476711525588,40291800.0,14.02051656037189,14.708315485975035,13.88530822456956,14.30562979021593,36226200.0,1136118300.0,49.92207004518642,24.733828322568684,0.0917198687380036,0.2116915255142028,-0.1199716567761992,14.584129568852244,15.551608585530731,13.616650552173756,0.230380914399856,0.6634704206520325,0.4963062636043801,14.104580873501163,14.700379344525771,14.584129568852244,14.319097978164272,14.450968216048553,14.439275035281998,0.027296980205671,0.0111288906947093,0.0234320344174303,0.0038962419842314,0.0558469213096568,0.0,0.0,4.06652399999748,3.3
2020-03-04,14.811191393650722,14.811191393650722,14.276236673737165,14.620136136538736,40191300.0,14.408505697891616,14.872916938256134,14.21451112913175,14.361476711525588,40291800.0,1176309600.0,53.14772682238243,23.62725631787141,0.0969255198695115,0.1887383243852646,-0.091812804515753,14.58236598186352,15.54944735481893,13.615284608908112,0.3255544746702506,0.6219510596497575,0.4961022766785191,14.208632505836,14.626602622164066,14.58236598186352,14.41944403095576,14.48172601977404,14.456499902068352,0.02756436459254,-0.004158833600913,0.0043330306110616,0.0178503725456642,0.2586594250131497,0.0,0.0,4.06652399999748,3.3
2020-03-05,14.461413307553396,14.520199540510928,13.720706772288464,13.779493005246,21621900.0,14.811191393650722,14.811191393650722,14.276236673737165,14.620136136538736,40191300.0,1154687700.0,43.370158852776704,22.27126929156453,0.03283960620994,0.1575585807501997,-0.1247189745402596,14.543420102529154,15.572004317372064,13.514835887686244,0.3604200194859423,0.6561701925231385,0.5276525688626658,14.181002976345956,14.50109401479973,14.543420102529154,14.20612702238584,14.354047289859851,14.39202305475194,-0.0238991191942443,-0.0198423184986298,-0.0396902489392982,-0.0592182931065012,-0.8406431312927367,0.0,0.0,4.06652399999748,3.3
2020-03-06,13.373867997839014,13.611952241317027,12.833034654629698,13.412079049261411,51045300.0,14.461413307553396,14.520199540510928,13.720706772288464,13.779493005246,21621900.0,1103642400.0,39.91395334325979,22.234535619038915,-0.0470537711370404,0.1166361103727516,-0.1636898815097921,14.49418663242722,15.634350546001862,13.35402271885258,0.4891486191667445,0.603994095735724,0.5848917465781347,14.095762938557533,14.27888205422025,14.49418663242722,13.9414443646777,14.182780337023772,14.298695054229032,-0.0781812975413576,-0.064592503701216,-0.0668834562965576,-0.0270257503294462,-0.3674139559845883,0.0,0.0,4.06652399999748,3.3
2020-03-09,12.66255457905285,13.10932994953011,11.95711978356244,12.139357105730795,84831000.0,13.373867997839014,13.611952241317027,12.833034654629698,13.412079049261411,51045300.0,1018811400.0,30.7673279475963,23.09557120604472,-0.2106397486433913,0.051180938569523,-0.2618206872129144,14.38763658519169,15.921776954483814,12.853496215899565,0.9749356010931084,0.8096061687029733,0.7869974039768218,13.662508401660508,13.965845363721382,14.38763658519169,13.3407486116954,13.811248840425048,14.093043821038725,-0.0546534736687167,-0.0376240614666421,-0.0706957799414382,-0.0997028949723239,-1.272721943530616,0.0,0.0,4.06652399999748,3.3
2020-03-10,12.756612551784904,13.567862566598874,12.124660547491413,13.523772891880723,67280100.0,12.66255457905285,13.10932994953011,11.95711978356244,12.139357105730795,84831000.0,1086091500.0,45.41921651465159,23.10070799844301,-0.2259672210293573,-0.0042486933502529,-0.2217185276791043,14.361329745943197,15.935260709082126,12.787398782804264,0.893355893625801,0.6939189207078864,0.8074095479285405,13.494967637731534,13.799774255616349,14.361329745943197,13.40175670509051,13.75898048614426,14.038827542071296,0.0074005888181711,0.0343797631738254,0.0139145416003305,0.1079962642003899,1.3844157861499298,0.0,0.0,4.06652399999748,3.3
2020-03-11,12.788944979911548,13.062300963164082,11.46625473836703,12.201082650336208,68991000.0,12.756612551784904,13.567862566598874,12.124660547491413,13.523772891880723,67280100.0,1017100500.0,37.29764282587252,23.728517109187464,-0.3409145509019211,-0.0715818648605866,-0.2693326860413345,14.256396320113993,16.091005188466927,12.42178745176106,0.7794403868771886,0.8458343319986905,0.9411344917367758,13.011156940491029,13.609894723163512,14.256396320113993,13.00153202017241,13.47572633417916,13.863804219048909,0.0025313556262296,-0.0379736574284148,-0.0558330892621246,-0.1029244021024298,-1.3226902415445174,0.0,0.0,4.06652399999748,3.3
2020-03-12,10.581521932356145,10.875453097143811,9.40579727320546,10.728487514749975,92449500.0,12.788944979911548,13.062300963164082,11.46625473836703,12.201082650336208,68991000.0,924651000.0,30.71299421053699,25.65776736031947,-0.5445599107530938,-0.166177474039088,-0.3783824367140058,14.073718101198455,16.465030422156367,11.682405780240543,1.138927320440543,1.230611935606531,1.2267173371886608,12.400955842391824,13.29097940936889,14.073718101198455,12.243850518364932,12.976228367010217,13.565202628163297,-0.1894718582764785,-0.1832220521272045,-0.1980821207188388,-0.1286221014765014,-1.4725951355862303,0.0,0.0,4.06652399999748,3.3
2020-03-13,12.603768346095316,12.756612551784904,10.925421395157718,12.012966704872095,125865000.0,10.581521932356145,10.875453097143811,9.40579727320546,10.728487514749975,92449500.0,1050516000.0,40.5688384492662,25.14628610754588,-0.595439731244948,-0.25202992548026,-0.3434098057646879,13.937921903066552,16.469344671357046,11.40649913477606,0.9906164906135544,1.2749838521981507,1.29859248012076,12.12113337351396,13.108448156035744,13.937921903066552,12.166889247200656,12.801089882985105,13.417370635468895,0.1748865783064364,0.1595415284621344,0.1497660815094343,0.1130840369877401,1.28447919012212,0.0,0.0,4.06652399999748,3.3
2020-03-16,10.005416849372308,11.1546877036921,9.890783695105116,9.893723006752992,65896500.0,12.603768346095316,12.756612551784904,10.925421395157718,12.012966704872095,125865000.0,984619500.0,32.38398604573217,25.325937662296784,-0.7975736778478417,-0.3611386759537764,-0.4364350018940653,13.700572487500509,16.759181419966517,10.6419635550345,1.4033651041462818,1.5486544763442684,1.5690332761022032,11.6720065537184,12.667257477689452,13.700572487500509,11.409167167051436,12.272477723670171,13.081785147019762,-0.2308692130573733,-0.1341899372647201,-0.0994889282184239,-0.1940861088135261,-2.1192436981191047,0.0,0.0,4.06652399999748,3.3
2020-03-17,10.231743846258816,10.763759254524498,9.881965760161483,10.65500472355306,68780400.0,10.005416849372308,11.1546877036921,9.890783695105116,9.893723006752992,65896500.0,1053399900.0,37.279277085158206,25.498084014416964,-0.8861225454660797,-0.4661354498562371,-0.4199870956098426,13.498494811708984,16.792192753372127,10.204796870045843,0.9794159551524272,1.5416428848031236,1.6896313932269074,11.098252920052866,12.2966102788922,13.498494811708984,11.15777968588531,11.978391723648878,12.850663201927697,0.0223683981181741,-0.035674964595274,-0.0008919281102675,0.0741291925380238,0.7612817168000667,0.0,0.0,4.06652399999748,3.3
2020-03-18,9.552762855599296,9.914298188288129,8.850267371756763,9.58509528372594,103745400.0,10.231743846258816,10.763759254524498,9.881965760161483,10.65500472355306,68780400.0,949654500.0,33.597769487935125,26.251363136568383,-1.0307490774555692,-0.5790581753761036,-0.4516909020794656,13.209854407887494,16.79965275085319,9.620056064921796,0.9409778279472562,1.5205387414146916,1.8415276941169816,10.575055446730811,11.79310619361092,13.209854407887494,10.633551551832188,11.543246916390162,12.539656733527528,-0.0686646124876557,-0.0822068901728059,-0.1102637854868269,-0.1058203914994559,-1.0699094398271196,-1.0,0.0,4.06652399999748,3.3
2020-03-19,9.258831690811624,9.670335321514363,8.600425881687242,9.6027311536132,146458500.0,9.552762855599296,9.914298188288129,8.850267371756763,9.58509528372594,103745400.0,1096113000.0,33.71397179924183,27.08381912226253,-1.130907184664812,-0.6894279772338453,-0.4414792074309667,12.938262011623683,16.749816292181514,9.126707731065853,1.0259342992262466,1.487571431381752,1.95528608982492,10.349904174503456,11.37543000844764,12.938262011623683,10.28994475242586,11.190425868612532,12.259949535440448,-0.0312525435041042,-0.0249149913022326,-0.0286359469016641,0.0018382358117512,0.0176358698872594,0.0,0.0,3.585204,3.3
2020-03-20,9.978963044541418,10.552128815877374,9.179470276318954,9.40579727320546,86835000.0,9.258831690811624,9.670335321514363,8.600425881687242,9.6027311536132,146458500.0,1009278000.0,33.01909862241733,26.875500727311685,-1.2122006302354666,-0.7939825078341696,-0.4182181224012971,12.626841942531149,16.52325859690187,8.730425288160424,0.4940291280365952,1.4158744177104603,1.998819569044212,9.828470288170127,10.974801830842043,12.626841942531149,9.99522892601906,10.86594794217488,11.988125510465688,0.0749013081731178,0.0872646377229067,0.065157775703009,-0.0207213228132525,-0.1969338804077391,0.0,0.0,3.585204,3.3
2020-03-23,9.720303619528268,9.749696736007037,8.729755594193817,9.10304817347416,43950600.0,9.978963044541418,10.552128815877374,9.179470276318954,9.40579727320546,86835000.0,965327400.0,31.929576890252704,26.96305884280264,-1.286228749333656,-0.8924317561340669,-0.393796993199589,12.31850815066888,16.304514073361368,8.332502227976395,0.5859191723706053,1.4631647159090555,2.0447778939828507,9.670335321514363,10.67117093761638,12.31850815066888,9.697835341837427,10.545420711502022,11.71335624027602,-0.0262623270110036,-0.079091442535272,-0.0502321254863336,-0.0327169088146148,-0.3027490997313009,0.0,0.0,3.585204,3.3
2020-03-24,9.826118838851828,10.857817227256552,9.802604345668817,10.778455812763882,74929200.0,9.720303619528268,9.749696736007037,8.729755594193817,9.10304817347416,43950600.0,1040256600.0,43.11582530930252,25.937176617153032,-1.1959193586058934,-0.9531292766284324,-0.2427900819774611,12.098206742660524,15.909466525487822,8.286946959833223,0.638066270801118,1.0743553323533437,1.955135015676787,9.695025539356529,10.396639229704697,12.098206742660524,10.05804216547958,10.58779072991327,11.624318104322482,0.0108271734383054,0.1076491218121327,0.115910726552979,0.1689399880981232,1.6754076392897232,0.0,0.0,3.585204,3.3
2020-03-25,10.522735699398607,11.69846035854929,10.522735699398607,11.463315426719154,58323900.0,9.826118838851828,10.857817227256552,9.802604345668817,10.778455812763882,74929200.0,1098580500.0,46.953337954230506,24.26100819955821,-1.0569027515537393,-0.9738839716134936,-0.0830187799402455,11.966378615253252,15.672517625562886,8.260239604943617,1.0047059952136486,0.9554234910235748,1.901209197197991,10.070669567955171,10.322862507342991,11.966378615253252,10.526466585892772,10.746977038423427,11.608984515979309,0.0684941929746476,0.0745719375192983,0.0708901210450219,0.0616026640464117,0.6848596139552718,0.0,0.0,3.585204,3.3
2020-03-26,11.61522723225726,11.800354247270102,10.85680365462401,11.627170910645184,60589800.0,10.522735699398607,11.69846035854929,10.522735699398607,11.463315426719154,58323900.0,1159170300.0,47.8596472422994,22.619611553870563,-0.9228710378913848,-0.963681384869072,0.0408103469776871,11.8518551281507,15.449706085731664,8.254004170569738,1.1642374490929197,1.036630867789286,1.8456585982534552,10.475557519361567,10.412730846932511,11.8518551281507,10.89336802747691,10.907012287918292,11.610716553566531,0.0987787087463942,0.0086723121179237,0.031253727431272,0.0141927053430555,0.1638554839260297,0.0,0.0,3.585204,3.3
2020-03-27,10.946381242533448,11.337536709737998,10.80902894107231,10.92846572495156,42574200.0,11.61522723225726,11.800354247270102,10.85680365462401,11.627170910645184,60589800.0,1116596100.0,44.37785877600713,21.13654239885885,-0.8630805529646288,-0.9435612184881836,0.0804806655235547,11.706364452488105,15.205109200985124,8.207619703991082,1.002351032214729,0.898087191405954,1.7948181857147805,10.780091209710788,10.30428074894046,11.706364452488105,10.905067259968462,10.910912912833432,11.54574028417463,-0.0593080082128416,-0.0400104986359561,-0.0044101504775526,-0.0619737595367331,-0.6987051856936226,0.0,0.0,3.585204,3.3
2020-03-30,10.97325451890628,11.36440998611083,10.83888813704212,11.101649061576476,37585500.0,10.946381242533448,11.337536709737998,10.80902894107231,10.92846572495156,42574200.0,1154181600.0,45.437416529921215,19.73381797298134,-0.792585285180543,-0.9133660318266557,0.1207807466461124,11.54616541605613,14.841686614843807,8.250644217268452,0.357377731486496,0.9177493885249176,1.6905667043969368,11.17981138733125,10.425073354422809,11.54616541605613,10.970594527171134,10.945592212604891,11.503445882022424,0.0024519832472869,0.0023674876242925,0.0027586224390794,0.0157227418859773,0.1731833366249144,0.0,0.0,3.585204,3.3
2020-03-31,10.716465433565888,11.095677222382513,10.459676348225496,10.638831524044376,39245400.0,10.97325451890628,11.36440998611083,10.83888813704212,11.101649061576476,37585500.0,1114936200.0,43.07585520882057,18.788261823627472,-0.7652415566037725,-0.883741136782079,0.1184995801783065,11.36003315668207,14.409842088398822,8.310224224965317,0.3995463986495298,0.9173133128006882,1.5645189709686689,11.15188652958735,10.423456034471938,11.36003315668207,10.860006859462215,10.889817541957528,11.421101657453086,-0.0236795204993298,-0.0239309479223659,-0.0356129040614097,-0.0425830026755531,-0.4628175375321,0.0,0.0,3.585204,3.3
2020-04-01,10.304408529182467,10.426831232658705,9.901309383589991,10.37308467991304,35106900.0,10.716465433565888,11.095677222382513,10.459676348225496,10.638831524044376,39245400.0,1079829300.0,41.734559837046575,18.40756954286488,-0.7562968843834028,-0.8582522863023438,0.101955401918941,11.147680583850784,13.829120352059704,8.466240815641864,0.4770673551833014,0.869915016327633,1.375549577301293,10.933840380226126,10.50225497409065,11.147680583850784,10.697699466279158,10.795866112494894,11.321290516734985,-0.0392095680496038,-0.0621731829742362,-0.0548605069423011,-0.0252962188047853,-0.2657468441313355,-1.0,0.0,3.585204,2.4
2020-04-02,10.340239564346245,11.03894475003987,10.271563413615674,10.982212277697224,40104600.0,10.304408529182467,10.426831232658705,9.901309383589991,10.37308467991304,35106900.0,1119933900.0,45.89334110023097,17.399205617899188,-0.6920788070725976,-0.8250175904563947,0.132938783383797,11.007816547473343,13.401988651485794,8.613644443460895,0.295301258860055,0.8193282013128755,1.2281843749414691,10.804848653636537,10.640203086499053,11.007816547473343,10.79253707008518,10.82974723344077,11.28899735111234,0.0034712213044185,0.0570470419771393,0.0367122341122585,0.0570624583632159,0.6091275977841839,0.0,0.0,3.585204,2.4
2020-04-03,10.871733252608914,10.922493885757598,10.48953554419531,10.67466255920815,47789700.0,10.340239564346245,11.03894475003987,10.271563413615674,10.982212277697224,40104600.0,1072144200.0,44.17875134454124,16.462867687573908,-0.6584124413430601,-0.7916965606337278,0.1332841192906677,10.870945722970683,12.997733971412403,8.744157474528961,0.2905147859451706,0.6958700505413247,1.0910193511851547,10.754088020487853,10.76708961509932,10.870945722970683,10.753245566459505,10.80155001994393,11.230489275692891,0.0501231037730112,-0.0106051299858211,0.0209989018983831,-0.0284039500361585,-0.3075497184890743,0.0,0.0,3.585204,2.4
2020-04-06,11.54655108152669,11.886945915582558,10.946381242533448,11.164353373113084,36046200.0,10.871733252608914,10.922493885757598,10.48953554419531,10.67466255920815,47789700.0,1108190400.0,47.53948725251541,15.938923145848111,-0.5854687287210272,-0.7504509942511877,0.1649822655301605,10.822195536339798,12.873820758833652,8.770570313845944,0.3099709581380625,0.3832612695368465,1.0524615324352915,10.766628882795176,10.973220135063212,10.822195536339798,10.890281502010698,10.867514265974684,11.22419061830434,0.0602206434318639,0.0846164940495062,0.0426307761338229,0.0448530198490058,0.4896908139049341,0.0,0.0,3.585204,2.4
2020-04-07,12.069087010998418,12.30198873956296,11.373367744901776,11.439057976035365,62694300.0,11.54655108152669,11.886945915582558,10.946381242533448,11.164353373113084,36046200.0,1170884700.0,49.38060045043132,15.817656916869504,-0.4997333305222629,-0.7003074615054028,0.2005741309831399,10.71795979054753,12.385924269508823,9.049995311586237,0.4159579982387131,0.4024142472588222,0.8556477237306401,10.926674173193373,11.039280351390362,10.71795979054753,11.073206993352256,10.971431304167536,11.244654176183484,0.0442606063562691,0.0343201193432549,0.0382655380789538,0.0243076697235351,0.2747046029222808,0.0,0.0,3.585204,2.4
2020-04-08,11.43607205643838,11.955622066313127,11.310663433365168,11.880974076388595,19711500.0,12.069087010998418,12.30198873956296,11.373367744901776,11.439057976035365,62694300.0,1190596200.0,52.281881762061175,15.631021038168862,-0.391614189107333,-0.6385688070257889,0.2469546179184558,10.701954361850149,12.318020749859627,9.08588797384067,0.4586842914691867,0.4676933639801843,0.829024564815086,11.228252052488482,11.081046216357304,10.701954361850149,11.3424626876977,11.136802717298636,11.305256071441114,-0.0538748157888746,-0.0285593019084609,-0.0055285121726349,0.0379046657262795,0.4419161003532306,0.0,0.0,3.585204,2.4
2020-04-09,11.794382408076135,11.901875513567465,11.361424066513848,11.606269473466314,41404200.0,11.43607205643838,11.955622066313127,11.310663433365168,11.880974076388595,19711500.0,1149192000.0,50.34998895172639,15.457716293661122,-0.3243563778147091,-0.5757263211835729,0.2513699433688637,10.745843459785965,12.409388446061488,9.08229847351044,0.4599014133560342,0.4650205904030802,0.8533805718192409,11.353063491642304,11.078956072639418,10.745843459785965,11.430398282953906,11.222160309329125,11.333924014491137,0.0308507757204758,-0.004505639662371,0.0044778159898171,-0.0233928795747053,-0.2747046029222808,0.0,0.0,3.585204,2.4
2020-04-13,11.507734126765932,11.875002237194634,11.268860559007427,11.719734418151605,19680300.0,11.794382408076135,11.901875513567465,11.361424066513848,11.606269473466314,41404200.0,1168872300.0,51.15287020656539,15.173116954910748,-0.2589138078206403,-0.5123638185109864,0.2534500106903461,10.73118184544994,12.35447926913188,9.107884421768,0.2746916203563809,0.5023872205486921,0.8327340078466368,11.562077863430993,11.158082941959425,10.73118184544994,11.52684366135314,11.312628329115029,11.3706678624588,-0.0246040089208556,-0.0022604555650493,-0.0081805443672906,0.0097286993642855,0.1134649446852904,0.0,0.0,3.585204,2.4
2020-04-14,11.940692468328225,12.310946498353902,11.77646689049425,11.842157121627835,30135600.0,11.507734126765932,11.875002237194634,11.268860559007427,11.719734418151605,19680300.0,1199007900.0,52.05375959426064,15.364059409795946,-0.1949246406497398,-0.4488759829387371,0.2539513422889973,10.828603551193684,12.472901675709345,9.184305426678025,0.1804147870529002,0.5458402041368701,0.8435071400636434,11.697638613133943,11.232133747964555,10.828603551193684,11.631948148111372,11.408906291390084,11.415571601427278,0.0369327598725068,0.0360532874992092,0.0440599897940305,0.0103916788632325,0.1224227034762321,0.0,0.0,3.585204,2.4
2020-04-15,11.379339584095735,12.03325597583464,11.379339584095735,12.03027005623766,38858400.0,11.940692468328225,12.310946498353902,11.77646689049425,11.842157121627835,30135600.0,1237866300.0,53.47370696756258,14.986094341236877,-0.1275631543144904,-0.3846134172138878,0.2570502628993974,10.897366817827912,12.620032177731034,9.17470145792479,0.1613004710570433,0.5550653289736488,0.883708683573792,11.815881029174404,11.371277601183888,10.897366817827912,11.764722117486802,11.52188152136237,11.47411431140922,-0.0481527079729584,-0.0228146777661715,-0.0343038148486658,0.0157601761116059,0.1881129346098227,0.0,0.0,3.585204,2.4
2020-04-16,11.970551664298036,12.388580407875418,11.68390338298783,11.794382408076135,42488700.0,11.379339584095735,12.03325597583464,11.379339584095735,12.03027005623766,38858400.0,1195377600.0,51.41734955379943,15.019008003131743,-0.0921505981579997,-0.3261208534027102,0.2339702552447105,11.007831174045425,12.66170013022628,9.35396221786457,0.1571598154444768,0.44139897814784,0.8484168731136139,11.79856269551191,11.513407374000195,11.007831174045425,11.77460888101658,11.57142713712851,11.504616034901304,0.0506502117686467,0.0291009653921396,0.0264127213365523,-0.0198026272961797,-0.2358876481615226,0.0,0.0,3.585204,2.4
2020-04-17,11.943678387925203,12.051171493416527,11.719734418151605,11.809312006061043,26504700.0,11.970551664298036,12.388580407875418,11.68390338298783,11.794382408076135,42488700.0,1221882300.0,51.54435731596975,15.049570689176976,-0.0621646036302365,-0.2733296034482155,0.2111649998179789,11.118160216667814,12.673861224242474,9.562459209093154,0.1158559890405691,0.4069506448456257,0.7980577780443315,11.839171202030858,11.59611734683658,11.118160216667814,11.786176589364736,11.61467893147988,11.53363469882128,-0.0022474725404793,-0.0276132388593688,0.0030620080060961,0.0012650223065868,0.0149295979849064,0.0,0.0,3.585204,2.4
2020-04-20,11.400241021274606,12.299002819965978,11.400241021274606,12.14672092051993,36129600.0,11.943678387925203,12.051171493416527,11.719734418151605,11.809312006061043,26504700.0,1258011900.0,54.44301641899389,14.594182516504196,-0.0110470637028754,-0.2208730954991475,0.209826031796272,11.25520639903354,12.65885487883105,9.85155791923603,0.156163880382606,0.2843841755757743,0.7200564771047411,11.924568502504522,11.743323182967757,11.25520639903354,11.906358033083134,11.71141383857807,11.59202386279258,-0.0465676358163347,0.0203563129625812,-0.0276396259308158,0.0281708769666964,0.3374089144588872,0.0,0.0,3.585204,2.4
2020-04-22,12.221368910444465,12.917088176541109,12.182551955683708,12.62745397563392,43138800.0,11.400241021274606,12.299002819965978,11.400241021274606,12.14672092051993,36129600.0,1301150700.0,58.27304160382006,14.881783491709973,0.0674772590265497,-0.163203024594008,0.2306802836205578,11.431426689141526,12.56996538808128,10.292887990201772,0.3396567211908844,0.3266469576314468,0.5840580290616912,12.081627873305738,11.889633243219842,11.431426689141526,12.14672334726673,11.877966590770043,11.690636254491755,0.0695514722067098,0.0490329120769237,0.0663702631125144,0.0388140803040379,0.4807330551139905,0.0,0.0,3.585204,2.4
2020-04-23,12.675228689185625,12.911116337347146,12.12581948334106,12.290045061175032,38499600.0,12.221368910444465,12.917088176541109,12.182551955683708,12.62745397563392,43138800.0,1262651100.0,54.791307631947326,15.058596310765306,0.1013143818460289,-0.1102995433060006,0.2116139251520296,11.507006151562084,12.66268441868642,10.351327884437747,0.3495605245118036,0.3064451672941251,0.5928504420224273,12.133582874293213,11.974731951733808,11.507006151562084,12.194497251902831,11.952889949025494,11.747722807509213,0.036463622253045,-0.0004624277539053,-0.0046677397119094,-0.0270837405185484,-0.337408914458889,0.0,0.0,3.585204,2.4
2020-04-24,11.848128960821802,11.860072639209726,10.55821169492588,11.047902508830813,89314200.0,12.675228689185625,12.911116337347146,12.12581948334106,12.290045061175032,38499600.0,1173336900.0,44.298015977645086,14.760607255208305,0.0275820735335905,-0.0827232199380824,0.1103052934716729,11.486235505667668,12.659112324965584,10.313358686369751,0.6002017770844043,0.4250489146225932,0.6016731131310757,11.984286894444148,11.891424794978027,11.486235505667668,11.81229900421216,11.788346778081008,11.681073255254129,-0.0674796303406841,-0.0849111535940356,-0.1384331039287638,-0.1065489983216245,-1.2421425523442196,0.0,0.0,3.585204,2.4
2020-04-27,11.346494468528944,11.818269764851989,11.304691594171205,11.782438729688211,48681300.0,11.848128960821802,11.860072639209726,10.55821169492588,11.047902508830813,89314200.0,1222018200.0,50.3530813661384,14.483903132191086,0.0280957518924296,-0.06055942557198,0.0886551774644096,11.493998896619818,12.672546165336218,10.315451627903418,0.6022770808181158,0.4154595932690734,0.6045819923060558,11.97891223916958,11.909041720600218,11.493998896619818,11.802345579370844,11.787272587464134,11.690727109962134,-0.0432611226902865,-0.0035308990025524,0.068313908011734,0.064369587950245,0.7345362208574002,0.0,0.0,3.585204,2.4
2020-04-28,12.17060827729578,12.663285010797695,11.854100800015765,11.907847352761427,47989500.0,11.346494468528944,11.818269764851989,11.304691594171205,11.782438729688211,48681300.0,1270007700.0,51.32592874533479,13.70755457888252,0.0381821336222323,-0.0408111137331375,0.0789932473553698,11.542967978010314,12.704721108476807,10.38121484754382,0.5950691297202564,0.4101606171694142,0.5959667811628906,11.93113752561788,11.927853014061204,11.542967978010314,11.837512837167706,11.809195272063642,11.711405228323972,0.0701150486281383,0.0690602433120797,0.047456041911968,0.0105874444991682,0.1254086230732145,0.0,0.0,3.585204,2.4
2020-04-29,12.140749081325968,12.149706840116911,11.597311714675373,11.913819191955389,43915200.0,12.17060827729578,12.663285010797695,11.854100800015765,11.907847352761427,47989500.0,1313922900.0,51.37479164978297,12.773988605499913,0.046125831453109,-0.0234237246958882,0.0695495561489972,11.583576484529257,12.737538260463944,10.42961470859457,0.4555264761259286,0.4091217156356256,0.5919699006213639,11.788410568882174,11.935019221093956,11.583576484529257,11.8629482887636,11.82821780295305,11.73068274866982,-0.0024564001543234,-0.0414018214729008,-0.0219005442700206,0.0005013788021801,0.0059718391939611,0.0,0.0,3.585204,2.4
2020-04-30,11.73167809653953,11.839171202030856,11.355452227319889,11.421142458453476,26985600.0,12.140749081325968,12.149706840116911,11.597311714675373,11.913819191955389,43915200.0,1286937300.0,47.16785152159725,12.190759934299567,0.0125220281471989,-0.0162345741272708,0.0287566022744697,11.622692031249713,12.696133241018789,10.54925082148064,0.3749226041076774,0.4377109861274234,0.5506637217295848,11.614630048337863,11.874106461315538,11.622692031249713,11.715679678660226,11.754204103953128,11.70120272103017,-0.0342747746298321,-0.0258914139327415,-0.0210753214829559,-0.0422327636232728,-0.4926767335019129,0.0,0.0,3.585204,2.4
2020-05-04,11.307677513768184,11.585368036287448,11.256916880619505,11.534607403138766,25826700.0,11.73167809653953,11.839171202030856,11.355452227319889,11.421142458453476,26985600.0,1312764000.0,48.219491065517566,11.766609776739354,-0.0048971045323646,-0.0139670802082895,0.0090699756759248,11.680768167411,12.590731218476124,10.770805116345874,0.22367108952869,0.45049029424848,0.4668011957950881,11.711971027199452,11.8481289608218,11.680768167411,11.655322253486409,11.714277431077788,11.685336500278607,-0.0368107916566646,-0.021670701451629,-0.0087152274862032,0.0098856164056453,0.1134649446852904,0.0,0.0,3.585204,1.88
2020-05-05,11.510720046362913,11.931734709537276,11.507734126765932,11.680917463390848,16560000.0,11.307677513768184,11.585368036287448,11.256916880619505,11.534607403138766,25826700.0,1329324000.0,49.61229623569501,10.944306121541716,-0.0068173078990092,-0.0125371257464335,0.0057198178474242,11.71570342669568,12.567498474336658,10.8639083790547,0.2202568605020357,0.4535389190633281,0.4369616396464927,11.691666773939982,11.835289506554782,11.71570342669568,11.663853990121222,11.708211982407434,11.68491563962263,0.0177968580956346,0.0294587071511251,0.0220365685322554,0.0126046684884264,0.1463100602520821,0.0,0.0,3.585204,1.88
2020-05-06,11.552522920720651,11.701818900569716,11.212128086664784,11.501762287571973,17923200.0,11.510720046362913,11.931734709537276,11.507734126765932,11.680917463390848,16560000.0,1311400800.0,47.91281793639269,10.525991946705288,-0.0225356315946196,-0.0145368269160707,-0.0079988046785489,11.757058413113873,12.471981351775913,11.042135474451827,0.1939078348352597,0.4501767154651399,0.3667477292381787,11.610449760902087,11.770793643259983,11.757058413113873,11.609823422604803,11.67067567425553,11.667472463236852,0.0036250687030832,-0.0194573415688128,-0.0260232847760768,-0.0154562582366919,-0.1791551758188774,0.0,0.0,3.585204,1.88
2020-05-07,11.59133987548141,11.645086428227073,11.01207147366704,11.1135927399644,39228900.0,11.552522920720651,11.701818900569716,11.212128086664784,11.501762287571973,17923200.0,1272171900.0,44.36664682872883,10.391007550367997,-0.0655588333693391,-0.0247412282067244,-0.0408176051626146,11.754520381456436,12.478149294244108,11.030891468668766,0.2104533239855437,0.3790045726000927,0.3712137997315329,11.450404470503893,11.619407519693032,11.754520381456436,11.444413195058004,11.56938786802078,11.614722013401382,0.0033544090284425,-0.0048599660818937,-0.0180039795217501,-0.0343313357158199,-0.3881695476075695,0.0,0.0,2.8589399999974803,1.88
2020-05-08,11.29573383538026,11.355452227319889,11.074775785203643,11.304691594171205,30688500.0,11.59133987548141,11.645086428227073,11.01207147366704,11.1135927399644,39228900.0,1302860400.0,46.46727241023571,10.265664896626228,-0.0832750078330999,-0.0364479841319995,-0.0468270237011004,11.747802062363233,12.485381984747107,11.010222139979357,0.2206956176092692,0.3064128389216773,0.3783705166492525,11.42711429764744,11.52087217299265,11.747802062363233,11.397839328095738,11.5212612727754,11.58519530680803,-0.0258331390959263,-0.025186324189478,0.0056779928131058,0.0170488945670719,0.1910988542068032,0.0,0.0,2.8589399999974803,1.88
2020-05-11,11.227057684649692,11.241987282634597,10.88069101139986,10.952353081727413,35756700.0,11.29573383538026,11.355452227319889,11.074775785203643,11.304691594171205,30688500.0,1267103700.0,43.22648840979023,10.41270142284476,-0.1243129744844608,-0.0540209822024917,-0.070291992281969,11.70137101263017,12.51279052896038,10.88995149629996,0.2919185023174308,0.3237969417393982,0.4162494291071003,11.310663433365168,11.51131723028231,11.70137101263017,11.249343912639633,11.417823419857584,11.524924618705114,-0.0060983882490885,-0.0100423676942655,-0.0176803191097416,-0.0316634983929127,-0.3523385124437936,0.0,0.0,2.8589399999974803,1.88
2020-05-12,11.04193066963685,11.15838153391912,10.623901926059467,10.692578076790038,40108800.0,11.227057684649692,11.241987282634597,10.88069101139986,10.952353081727413,35756700.0,1226994900.0,40.95836121384049,10.889837792180275,-0.1757713479016498,-0.0783710553423234,-0.0974002925593264,11.655686442796355,12.57860414699748,10.732768738595231,0.3124276558749526,0.3974428603327956,0.4734467926332417,11.112995556045004,11.402331164992493,11.655686442796355,11.063755300689769,11.28596063020894,11.445653519475108,-0.0166268244368703,-0.0074647107485099,-0.0238833901540687,-0.0240044633779228,-0.2597750049373726,0.0,0.0,2.8589399999974803,1.88
2020-05-13,10.883676930996842,11.215114006261766,10.76722606671457,10.823958539057216,42597300.0,11.04193066963685,11.15838153391912,10.623901926059467,10.692578076790038,40108800.0,1269592200.0,42.598787145547455,11.226048166149337,-0.203604152330822,-0.1034176747400231,-0.1001864775907989,11.610897648841638,12.601496849837906,10.62029844784537,0.24029325935666,0.3920224238701312,0.5081666679075104,10.977434806342057,11.293942283622073,11.610897648841638,10.983823046812253,11.201960249999534,11.386444473721022,-0.0144357675043114,0.0050714108426697,0.0134005355374822,0.0122121972903426,0.1313804622671774,0.0,0.0,2.8589399999974803,1.88
2020-05-14,10.641817443641356,11.283790156992335,10.56119761452286,11.236015443440635,43512900.0,10.883676930996842,11.215114006261766,10.76722606671457,10.823958539057216,42597300.0,1313105100.0,47.5234301709696,11.825116702213853,-0.1902195690999484,-0.1207780536120082,-0.0694415154879402,11.580590564932276,12.578099384195887,10.583081745668665,0.2628169045636627,0.325968739559753,0.5117112272892437,11.0019193470373,11.226161908770596,11.580590564932276,11.067887179021714,11.20815210335246,11.372117899408604,-0.0224728558520586,0.0061048630213353,-0.0193202145577822,0.0373622233046622,0.4120569043834194,0.0,0.0,2.8589399999974803,1.88
2020-05-15,11.74660769452444,12.084016608983324,11.645086428227073,11.824241604045952,53183100.0,10.641817443641356,11.283790156992335,10.56119761452286,11.236015443440635,43512900.0,1366288200.0,53.63827070970753,10.997770445779464,-0.1306413036816032,-0.1227507036259272,-0.0078906000556759,11.570289142322691,12.553157497734372,10.58742078691101,0.4491234016066219,0.3741261800753358,0.5042008278009603,11.10582934901225,11.266471823329844,11.570289142322691,11.32000532069646,11.32016837620582,11.415177299850257,0.0987732103583045,0.0685164415263765,0.0976976429122573,0.051027513655089,0.5882261606053163,0.0,1.0,2.8589399999974803,1.88
2020-05-18,12.17060827729578,12.687172367573549,12.07505885019238,12.457256558605986,51346800.0,11.74660769452444,12.084016608983324,11.645086428227073,11.824241604045952,53183100.0,1417635000.0,59.15423056165447,11.075618389349833,-0.0319774662672074,-0.1045960561541832,0.0726185898869758,11.603432849849185,12.65649261255674,10.550373087141628,0.7342855307625857,0.5292213397224531,0.540208259994941,11.406810044387964,11.358736738876567,11.603432849849185,11.699089066666303,11.52691168209676,11.514422943541277,0.0354593953936106,0.048707795238946,0.0362577480226242,0.0521515118721365,0.6330149545600339,0.0,0.0,2.8589399999974803,1.88
2020-05-19,12.331847935532773,12.708073804752416,12.197481553668611,12.197481553668611,41011200.0,12.17060827729578,12.687172367573549,12.07505885019238,12.457256558605986,51346800.0,1376623800.0,56.19921485900093,11.175609298850754,0.0249648842051009,-0.0786838680823264,0.1036487522874273,11.622841327229562,12.70428926169807,10.541393392761051,0.6743122792620335,0.5862958711657655,0.5547710848359467,11.70779073976368,11.410393147904342,11.622841327229562,11.865219895667074,11.648833476928004,11.579476144505785,0.0131612916124628,0.0016460909066684,0.0100874271537412,-0.0210738088265598,-0.2597750049373726,0.0,0.0,2.8589399999974803,1.88
2020-05-20,12.233312588832389,12.472186156590894,11.967565744701051,12.092974367774268,28933200.0,12.331847935532773,12.708073804752416,12.197481553668611,12.197481553668611,41011200.0,1347690600.0,55.008689214378514,10.8694364216346,0.0609565811795249,-0.0507557782299561,0.1117123594094811,11.62015399959228,12.69663706845868,10.543670930725876,0.4647351486139974,0.6250601096936402,0.5522241625215605,11.96159390550709,11.469514355924574,11.62015399959228,11.94113805303614,11.72958636617278,11.628380737198022,-0.0080224084082072,-0.018736466524305,-0.0190293645294024,-0.0086048471935185,-0.1045071858943451,0.0,-1.0,2.8589399999974803,1.88
2020-05-21,12.266157704399182,13.021595362435452,12.185537875280689,12.988750246868658,45084600.0,12.233312588832389,12.472186156590894,11.967565744701051,12.092974367774268,28933200.0,1392775200.0,62.36752599880169,11.338858013890787,0.1599184471564232,-0.0086209331526802,0.1685393803091035,11.638218813154015,12.791124245904266,10.485313380403763,0.4410456949637012,0.7707195191383114,0.591428008001562,12.312140866192696,11.657030106614998,11.638218813154015,12.29034211764698,11.95852525357203,11.757939738119036,0.0026812935015776,0.0431081033455913,0.0180496926411048,0.071458963982145,0.8957758790943906,0.0,0.0,2.8589399999974803,1.88
2020-05-22,12.9021585785562,13.158947663896592,12.755848518304116,13.138046226717725,22813200.0,12.266157704399182,13.021595362435452,12.185537875280689,12.988750246868658,45084600.0,1415588400.0,63.44080007678555,11.949350695495694,0.2475398910048447,0.0426112316788247,0.20492865932602,11.68061887143115,12.979434039063186,10.381803703799116,0.4682260878608569,0.8868937425025867,0.6662781226751593,12.57490179072705,11.84036556986965,11.68061887143115,12.572910154003894,12.172983612325792,11.889378451318908,0.0505505648834847,0.0104927969992205,0.0457400452342251,0.0114286958236227,0.1492959798490645,0.0,0.0,2.8589399999974803,1.88
2020-05-25,13.481426980370571,13.986047392260414,13.439624106012834,13.914385321932862,27361500.0,12.9021585785562,13.158947663896592,12.755848518304116,13.138046226717725,22813200.0,1442949900.0,68.47560509396102,13.438005111405058,0.3752983871880921,0.1091486627806782,0.2661497244074139,11.823943012086252,13.412221990877413,10.235664033295093,0.7471066792235529,1.0389552898123935,0.8147699246558225,12.866327543392424,12.136568793890197,11.823943012086252,13.02006854331355,12.48960210498162,12.082236248520235,0.0439183299191525,0.0609582598756208,0.0522174926529017,0.057410907213339,0.776339095215139,0.0,0.0,2.8589399999974803,1.88
2020-05-26,13.884526125963047,14.32644222631628,13.70537095014417,13.968131874678525,37620300.0,13.481426980370571,13.986047392260414,13.439624106012834,13.914385321932862,27361500.0,1480570200.0,68.79599596949643,15.140219513485652,0.4754046446767521,0.182399859159893,0.2930047855168591,11.933227669335768,13.775514895538777,10.09094044313276,0.7701056543056988,1.0494147420566122,0.9450734062036462,13.220457607594406,12.464124173679044,11.933227669335768,13.336089653768544,12.758425699471967,12.261845355773406,0.0294620327303163,0.0240467186820318,0.0195804297616581,0.003855220024433,0.0537465527456628,0.0,0.0,2.8589399999974803,1.88
2020-05-27,14.150272970094385,14.183118085661178,13.72627238732304,13.938272678708712,30388800.0,13.884526125963047,14.32644222631628,13.70537095014417,13.968131874678525,37620300.0,1450181400.0,68.38020413977239,16.72084717256049,0.5460358262822194,0.2551270525843583,0.290908773697861,12.034748935633132,14.073549617312604,9.995948253953662,0.4835456866084153,0.9675006148407606,1.045882681809796,13.589517269781297,12.775555587644194,12.034748935633132,13.5368173287486,12.972943332060469,12.421505100814864,0.0189589233861862,-0.0100545463709531,0.0015238927516372,-0.0021399537376778,-0.0298591959698129,0.0,0.0,2.8589399999974803,1.88
2020-05-28,13.738216065710963,14.099512336945702,13.66058215618945,13.735230146113985,29126700.0,14.150272970094385,14.183118085661178,13.72627238732304,13.938272678708712,30388800.0,1421054700.0,65.4820041668946,18.04449278160846,0.5789538910221701,0.3198924202719206,0.2590614707502494,12.125819483341065,14.293522255825303,9.95811671085682,0.3478974355556427,0.8400199036669255,1.1120080591619008,13.738813249630365,13.025477057911528,12.125819483341065,13.602954934537063,13.11154093461565,12.546621771795731,-0.0295524718121198,-0.0059121793832286,-0.0047972180966064,-0.0146744109292602,-0.2030425325947291,0.0,0.0,2.8589399999974803,1.88
2020-05-29,13.675511754174355,13.854666929993234,13.323173241730563,13.621765201428692,66279900.0,13.738216065710963,14.099512336945702,13.66058215618945,13.735230146113985,29126700.0,1354774800.0,63.85330562511837,18.547359545021354,0.5890952978261854,0.3737329957827736,0.2153623020434117,12.235850620489824,14.471642355352202,10.000058885627446,0.150094073112649,0.7408842144634487,1.146936959869855,13.835557044572552,13.205229417649804,12.235850620489824,13.60922502350094,13.204308983127111,12.649016384141728,-0.0045746730472377,-0.0175180724251573,-0.0250096027171435,-0.0082951796328529,-0.1134649446852904,0.0,0.0,2.8589399999974803,1.88
2020-06-01,13.385877553267171,13.881540206366068,13.385877553267171,13.699399110950209,18615300.0,13.675511754174355,13.854666929993234,13.323173241730563,13.621765201428692,66279900.0,1373390100.0,64.50384632864703,19.048588842760346,0.5965205261635127,0.4182905018589214,0.1782300243045912,12.344090205880397,14.642339077762294,10.045841333998496,0.1526386210370452,0.7047957347145293,1.178976795127478,13.792559802376024,13.329443672884224,12.344090205880397,13.639283052650695,13.294325370004035,12.749052834313964,-0.0214065329527914,0.0019377764702839,0.0046953691629614,0.0056830754049279,0.0776339095215163,0.0,0.0,2.8589399999974803,2.13
2020-06-02,13.735230146113985,13.938272678708712,13.606835603443788,13.902441643544936,35295900.0,13.385877553267171,13.881540206366068,13.385877553267171,13.699399110950209,18615300.0,1408686000.0,66.21635448076381,19.590344341316296,0.6117371831457437,0.4569798381162859,0.1547573450294577,12.4551664148881,14.827997720239228,10.082335109536974,0.1356278176492221,0.5987888510504877,1.217236776220107,13.779421756149308,13.499939681871856,12.4551664148881,13.727002582948778,13.40489196519329,12.858899387574056,0.0257638383217471,0.004078571715862,0.0163720471084434,0.0147125111620125,0.2030425325947273,1.0,1.0,2.8589399999974803,2.13
2020-06-03,14.057709462587964,14.5951749900446,14.057709462587964,14.586217231253654,47118300.0,13.735230146113985,13.938272678708712,13.606835603443788,13.902441643544936,35295900.0,1455804300.0,71.2472174147216,20.88908648012772,0.6712339022151887,0.4998306509360665,0.1714032512791222,12.609389162072183,15.111721955896394,10.107056368247976,0.3922048298075553,0.4479278606191256,1.2836696380882011,13.909010666658297,13.749263968219797,12.609389162072183,14.013407465717073,13.619678377204265,13.023405848876877,0.0232068859029808,0.0460525074449846,0.0325986771162845,0.0480125750656093,0.6837755877087179,0.0,1.0,2.8589399999974803,2.13
2020-06-04,14.424977573016664,14.881823271354804,14.30554078913741,14.804189361833288,33951300.0,14.057709462587964,14.5951749900446,14.057709462587964,14.586217231253654,47118300.0,1489755600.0,72.64562824740729,22.39108238326392,0.7275868417920144,0.545381889107256,0.1822049526847583,12.793918993165628,15.371012816232756,10.2168251700985,0.5380308959757281,0.4726590105847222,1.3220212368796214,14.122802509802156,13.93080787971626,12.793918993165628,14.277001431089143,13.835044010773178,13.193004278682247,0.0257902961742395,0.0194495596158579,0.0174759685029548,0.0148331481182526,0.2179721305796338,0.0,0.0,2.8589399999974803,2.13
2020-06-05,15.314781612917091,15.51782414551182,14.57427355286573,14.675794819163093,38227800.0,14.424977573016664,14.881823271354804,14.30554078913741,14.804189361833288,33951300.0,1451527800.0,70.47143426951496,24.35536681928225,0.7532041176372957,0.586946334813264,0.1662577828240317,12.962474154415222,15.568716829046044,10.3562314797844,0.4976131536936373,0.4347063236902989,1.336974282225868,14.333608433349037,14.084582738960796,12.962474154415222,14.409932560447126,13.9879077941168,13.33422242539471,0.0598572228348617,0.0418487545411525,0.0186109590040253,-0.0087106800138689,-0.1283945426701951,0.0,0.0,2.8589399999974803,2.13
2020-06-08,14.73551321110272,15.4730353515571,14.73551321110272,15.383457763647662,26347800.0,15.314781612917091,15.51782414551182,14.57427355286573,14.675794819163093,38227800.0,1477875600.0,74.92575289640861,26.179345224156407,0.8211428550517432,0.6337856388609598,0.1873572161907833,13.184029388511236,15.822261556821514,10.545797220200956,0.5299119845506278,0.5909519698286063,1.3533845462305123,14.670420163888526,14.231489983132274,13.184029388511236,14.734440961513972,14.241644152213318,13.529387695704516,-0.0385580355216865,-0.0028904538863865,0.0110025559804345,0.0470932352029227,0.7076629444845697,0.0,0.0,2.8589399999974803,2.13
2020-06-09,15.24311954258954,15.428246557602382,15.168471552665007,15.24311954258954,34125000.0,14.73551321110272,15.4730353515571,14.73551321110272,15.383457763647662,26347800.0,1443750600.0,72.58727319559665,27.87303945725384,0.8538183854766412,0.6777921881840961,0.1760261972925451,13.411556461801212,15.93340087063704,10.889712052965384,0.3542375510655161,0.6611854331212543,1.293678885396272,14.938555743697446,14.358988749923377,13.411556461801212,14.90400048853916,14.423730586827176,13.69260025255071,0.0338677787311838,-0.0028988328348704,0.0289585887049454,-0.0091645371854238,-0.1403382210581227,0.0,0.0,2.8589399999974803,2.13
2020-06-10,15.407345120423512,15.437204316393323,15.031119251203869,15.141598276292177,34899900.0,15.24311954258954,15.428246557602382,15.168471552665007,15.24311954258954,34125000.0,1408850700.0,70.86423333642435,29.063443715895605,0.8615901856721244,0.7145517876817018,0.1470383979904226,13.627438448662955,15.958265646760374,11.29661125056554,0.2988859280701105,0.6851741061422622,1.195689123849622,15.049631952705152,14.479321309681724,13.627438448662955,14.9831997511235,14.554251984911724,13.830600064335613,0.0107161278768428,0.0005804392152901,-0.0090963648772661,-0.0066824148037465,-0.1015212662973628,0.0,0.0,2.8589399999974803,2.13
2020-06-12,14.714611773923853,15.225204025007653,14.571287633268746,14.866893673369896,46981200.0,15.407345120423512,15.437204316393323,15.031119251203869,15.141598276292177,34899900.0,1361869500.0,66.27956340329061,28.99126922891258,0.8359467538466099,0.7388307809146835,0.0971159729319264,13.808982360159424,15.921893080709216,11.69607163960963,0.2870958198828331,0.6406287228664747,1.0839003295863665,15.062172815012474,14.592487662407311,13.808982360159424,14.944431058538964,14.611095928267757,13.929294693767448,-0.046003353262253,-0.0138282464473191,-0.0310696768480687,-0.0183089691528364,-0.2747046029222808,0.0,0.0,2.8589399999974803,2.13
2020-06-15,14.631006025208372,14.914668386921598,14.451850849389494,14.76238648747555,30482100.0,14.714611773923853,15.225204025007653,14.571287633268746,14.866893673369896,46981200.0,1331387400.0,64.56811431140152,28.64145649709535,0.797992531702894,0.7506631310723256,0.0473294006305683,13.9558896043309,15.89805887389911,12.013720334762692,0.2592201295588593,0.5426384378147874,0.9963118133310098,15.079491148674968,14.706549791012,13.9558896043309,14.883749534851162,14.638603302669171,14.008636769358697,-0.0056980211146377,-0.0206070299725018,-0.0082304991365154,-0.0070543475046562,-0.1045071858943451,0.0,0.0,2.8589399999974803,2.13
2020-06-16,15.108753160725382,15.19235890944086,14.541428437298936,14.780302005057438,25425000.0,14.631006025208372,14.914668386921598,14.451850849389494,14.76238648747555,30482100.0,1356812400.0,64.7362194950241,28.706197075192087,0.7605915438851163,0.7526488136348838,0.0079427302502325,14.072041876653476,15.917253796823868,12.226829956483083,0.2197381220285757,0.4115499237739931,0.9465737425521512,14.95885999695692,14.814640080422723,14.072041876653476,14.84926702491992,14.6643667031034,14.082128696568098,0.0321312781827933,0.018447413937304,0.0061792163659584,0.0012128564252091,0.017915517581887,0.0,0.0,2.8589399999974803,2.13
2020-06-17,14.926612065309524,15.37450000485672,14.840020396997064,15.317767532514072,49139400.0,15.108753160725382,15.19235890944086,14.541428437298936,14.780302005057438,25425000.0,1405951800.0,69.42312198280433,29.00938271947173,0.7654958086810026,0.7552182126441076,0.010277596036895,14.228056175595745,15.935398082031927,12.52071426915956,0.2449673623194881,0.2877260590354174,0.8758479178056608,14.973789594941826,14.956172669319637,14.228056175595745,15.00543386078464,14.78316685390534,14.19980858570581,-0.0121285908679409,0.0119176950261832,0.0203259030140388,0.0357180826020795,0.537465527456634,0.0,0.0,2.8589399999974803,2.13
2020-06-18,15.099795401934438,15.317767532514072,14.995288216040093,15.15055603508312,21650100.0,14.926612065309524,15.37450000485672,14.840020396997064,15.317767532514072,49139400.0,1384301700.0,66.46347248751817,29.290912246302835,0.7472757735131346,0.753629724817913,-0.0063539513047784,14.380935258961191,15.823160852231291,12.93870966569109,0.2465292107145927,0.2612250208393488,0.739846118759147,14.975581146700016,15.012606549702582,14.380935258961191,15.053807918884134,14.849964886846752,14.290355961836983,0.0115355296664128,-0.003696861881326,0.0104084206268559,-0.0109761980055882,-0.1672114974309515,0.0,0.0,2.127384,2.13
2020-06-19,15.15055603508312,15.261035060171428,14.97140085926424,15.216246266216707,20643300.0,15.099795401934438,15.317767532514072,14.995288216040093,15.15055603508312,21650100.0,1404945000.0,67.05764172756218,29.48307333987721,0.7297251003123506,0.7488487999168005,-0.0191236996044499,14.492310059928592,15.827342026179068,13.15727809367812,0.257295497924844,0.2571637879100651,0.6848569483573325,15.045451665269375,15.053812240140925,14.492310059928592,15.10795403466166,14.916561501277652,14.378535990825528,0.0033560390792439,-0.0037105793965355,-0.0015942609992918,0.0043264570927723,0.0656902311335887,0.0,0.0,2.127384,2.13
2020-06-22,15.272978738559353,15.371514085259737,14.869879592966877,14.962443100473298,20154600.0,15.15055603508312,15.261035060171428,14.97140085926424,15.216246266216707,20643300.0,1384790400.0,62.45368661750357,29.831809110857844,0.6874122109326333,0.7365614821199671,-0.0491492711873338,14.583529903616371,15.77786026852998,13.389199538702762,0.2142217836021803,0.2242105532537921,0.6126785498196625,15.085462987868928,15.082477068271947,14.583529903616371,15.059450389932206,14.924903610222312,14.434146191744365,0.0080479382264999,0.0072132099477375,-0.0068041086995398,-0.0168204222922745,-0.2538031657434114,0.0,0.0,2.127384,2.13
2020-06-23,15.17742931145595,15.717880758509567,15.123682758710288,15.60740173342126,35597100.0,15.272978738559353,15.371514085259737,14.869879592966877,14.962443100473298,20154600.0,1420387500.0,68.39241690046305,30.651752319406132,0.6978770209024052,0.7288245898764548,-0.0309475689740496,14.66818072419079,15.900200929136028,13.436160519245554,0.2377193338924854,0.2650733199715844,0.6320130298026635,15.250882933541693,15.104871465249309,14.66818072419079,15.242100837761893,15.048994178076663,14.54588481476121,-0.0062757609388244,0.0222829042891357,0.016924246664085,0.0422020037531969,0.6449586329479615,0.0,0.0,2.127384,2.13
2020-06-24,15.619345411809183,16.016472718207698,15.440190235990306,15.723852597703528,32830500.0,15.17742931145595,15.717880758509567,15.123682758710288,15.60740173342126,35597100.0,1453218000.0,69.33551636022848,31.788131967959124,0.7074124592442317,0.7245421637500102,-0.0171297045057785,14.75596676034204,16.025582125476376,13.486351395207704,0.3210481523186279,0.3288514472228306,0.6512989400512582,15.332099946579584,15.152944770760708,14.75596676034204,15.402684757742438,15.17169570891791,14.65807222266048,0.0287008259237087,0.018818771396416,0.0207119557134376,0.0074335613433329,0.1164508642822692,0.0,0.0,2.127384,2.13
2020-06-25,15.765655472061267,16.443459220576024,15.717880758509567,16.362839391457527,29535900.0,15.619345411809183,16.016472718207698,15.440190235990306,15.723852597703528,32830500.0,1482753900.0,73.93183850937072,33.30551652693419,0.7577948693072987,0.731192704861468,0.0266021644458306,14.877195095979484,16.268532993917095,13.48585719804187,0.535683462649859,0.5041894191210209,0.7137412818598271,15.574556617854464,15.275068882277242,14.877195095979484,15.722736302314136,15.388267287561476,14.82043100064115,0.0093236333296959,0.0263100448609123,0.0178251006089316,0.0398340398858065,0.6389867937539986,0.0,0.0,2.127384,2.13
2020-06-26,16.270275883951108,16.33895203468168,15.79551466803108,15.92689513029826,22039500.0,15.765655472061267,16.443459220576024,15.717880758509567,16.362839391457527,29535900.0,1460714400.0,66.59756775778828,34.714516474553896,0.7538562481610178,0.735725413521378,0.0181308346396398,14.986778345188696,16.345948840481306,13.627607849896084,0.5105337516468458,0.5200184698382182,0.6972397524815378,15.716686390670777,15.381069027970076,14.986778345188696,15.790789244975512,15.486199622604529,14.92580853679897,0.0315060078827911,-0.0063758299600951,0.0049270518471917,-0.0270036752001017,-0.4359442611592676,-1.0,0.0,2.127384,2.13
2020-06-29,16.07021927095336,16.404642265815266,15.95376840667109,16.309092838711862,22358700.0,16.270275883951108,16.33895203468168,15.79551466803108,15.92689513029826,22039500.0,1483073100.0,69.45819896990903,36.09381967586979,0.7726681855618995,0.7431139679294823,0.0295542176324172,15.121144727052856,16.444843365112767,13.797446088992942,0.3398338570741339,0.5449773628786431,0.679043073667036,15.986016338318487,15.535739663093707,15.121144727052856,15.963557109554296,15.63581657098768,15.057549898885911,-0.0123720532962474,0.0040124073528327,0.0099690471054265,0.0237135972916906,0.382197708413603,0.0,0.0,2.127384,2.13
2020-06-30,16.288191401532995,16.71517790390132,16.201599733220537,16.628586235588863,29649600.0,16.07021927095336,16.404642265815266,15.95376840667109,16.309092838711862,22358700.0,1512722700.0,71.64435802844815,37.69378128550807,0.8040882002500798,0.7553088143936018,0.048779385856478,15.267604083284786,16.577787495345945,13.957420671223629,0.3615700824178593,0.5730052404844177,0.6721099090179057,16.190253238752007,15.72056808614685,15.267604083284786,16.185233484899154,15.81632014636971,15.207172407143336,0.0134725669803201,0.0187528034201798,0.0154149212611054,0.0194004815560182,0.3194933968770002,0.0,0.0,2.127384,2.13
2020-07-01,16.59750321784703,17.034437128738784,16.507722277252835,16.76210160893639,29146500.0,16.288191401532995,16.71517790390132,16.201599733220537,16.628586235588863,29649600.0,1541869200.0,72.52929233443245,39.467504435276986,0.8301924215947505,0.7702855358338315,0.0599068857609189,15.41058708155436,16.717788250282435,14.103385912826283,0.3228081847806477,0.6384833375759847,0.6705800504677094,16.397903040998578,15.865001493789084,15.41058708155436,16.377522859578235,15.988280412290925,15.355260902552198,0.018811884111058,0.0189198453368502,0.0187183018968215,0.0079972048226699,0.133515373347528,0.0,0.0,2.127384,2.31
2020-07-02,17.070349504976463,17.11823267329337,16.66932797032239,16.83392636141175,16226400.0,16.59750321784703,17.034437128738784,16.507722277252835,16.76210160893639,29146500.0,1558095600.0,73.01714313705756,41.18607634165041,0.8469131744514904,0.7856110635573634,0.0613021108941269,15.522972538062264,16.911322185408387,14.134622890716136,0.3746073899492487,0.6509786027662255,0.7122083416510916,16.492120434989424,16.033338526421947,15.522972538062264,16.529657360189407,16.14203422122198,15.496086184348345,0.0280907359184086,0.0049071251641006,0.0097420940081374,0.0042757948627882,0.0718247524753579,0.0,0.0,2.127384,2.31
2020-07-03,16.73516732675813,16.914729207946525,16.708233044579874,16.851882549530586,5736000.0,17.070349504976463,17.11823267329337,16.66932797032239,16.83392636141175,16226400.0,1563831600.0,73.14554114148658,42.78189311185431,0.8517944496797654,0.7988477407818438,0.0529467088979215,15.62535719744713,17.086676732048264,14.164037662845995,0.2236915148517196,0.6279421613745373,0.7496411039899576,16.67711791883589,16.196902154753335,15.62535719744713,16.637065756636467,16.271097553641727,15.625209647699034,-0.0198306781804857,-0.0119593405694256,0.0023312123890306,0.0010660981819978,0.0179561881188377,0.0,0.0,2.127384,2.31
2020-07-06,17.208013613887562,17.35764851487789,16.944656188144588,17.02845173269917,15743100.0,16.73516732675813,16.914729207946525,16.708233044579874,16.851882549530586,5736000.0,1579574700.0,74.43385318742264,44.63048143860359,0.8599970423230054,0.8110776010900762,0.0489194412329292,15.742990043123934,17.25742259348698,14.228557492760888,0.1454726097572256,0.5043751469040486,0.7768875061827977,16.82098969763335,16.40350301797592,15.742990043123934,16.76752774865737,16.408798313470353,15.75885175103238,0.0278628498777502,0.0258484527300923,0.0140509203614844,0.0104232018657577,0.1765691831685849,0.0,0.0,2.127384,2.31
2020-07-07,16.92370730200594,17.23794059408563,16.83392636141175,17.010495544580333,23832600.0,17.208013613887562,17.35764851487789,16.944656188144588,17.02845173269917,15743100.0,1555742100.0,74.0448230167813,45.90708062312802,0.8551906364548323,0.8199002081630274,0.0352904282918048,15.824341932170563,17.42512136027447,14.223562504066662,0.116588539874023,0.450597633657924,0.8211825198489294,16.897371559431647,16.543812399091827,15.824341932170563,16.848517013965026,16.518197810035804,15.87805592184647,-0.0166597452411756,-0.0069204428445734,-0.0065562385992241,-0.0010550379033849,-0.0179561881188377,-1.0,0.0,2.127384,2.31
2020-07-08,17.240933292105435,18.222538242601978,17.127210767352786,18.14472809408701,36921600.0,16.92370730200594,17.23794059408563,16.83392636141175,17.010495544580333,23832600.0,1592663700.0,80.85248337740094,47.78643755082827,0.9321592610320976,0.8423520187368415,0.0898072422952561,15.96942235974544,17.83692763428472,14.10191708520616,0.5499183384995165,0.5899036848704197,0.9580099920410724,17.173896856461774,16.785899948730172,15.96942235974544,17.28058737400569,16.813930588954204,16.093929462059855,0.0185709611821622,0.055546389918637,0.0172721953364813,0.0645495168547394,1.1342325495066774,0.0,0.0,2.127384,2.31
2020-07-09,18.24647982676043,18.24647982676043,17.489327227749378,17.62399863864067,37573200.0,17.240933292105435,18.222538242601978,17.127210767352786,18.14472809408701,36921600.0,1555090500.0,71.57122131085625,49.54492774788631,0.9402997452546682,0.8619415640404069,0.0783581812142613,16.093542377862867,18.052220203527327,14.134864552198406,0.5412507626413097,0.6232757665973476,1.004780523920478,17.331911311907554,16.91201587344849,16.093542377862867,17.395057795550684,16.961215688897198,16.23965033601993,0.0566857761754331,0.0013129822992419,0.0209223504614879,-0.0291185231271602,-0.5207294554463395,0.0,0.0,2.127384,2.31
2020-07-10,17.47137103963054,17.950202722799585,17.462392945571118,17.878377970324227,16782000.0,18.24647982676043,18.24647982676043,17.489327227749378,17.62399863864067,37573200.0,1571872500.0,73.19027198124937,51.07808179162698,0.9562543192356578,0.8808041150794572,0.0754502041562006,16.24411659271058,18.26449345300624,14.223739732414918,0.5072645213567197,0.58488540446914,1.03643146085856,17.537210396066282,17.107164157451088,16.24411659271058,17.5561645204752,17.127972467338473,16.3957196345251,-0.043408574493756,-0.0163707665988614,-0.0015412281499336,0.0143305158314843,0.2543793316835554,0.0,0.0,2.127384,2.31
2020-07-13,18.060932549532428,18.423049009929017,17.836480198046935,17.93523923270055,25378200.0,17.47137103963054,17.950202722799585,17.462392945571118,17.878377970324227,16782000.0,1597250700.0,73.55284917945677,52.77668178602719,0.9623927976241688,0.8971218515883996,0.0652709460357692,16.40275922997183,18.4310903291602,14.374428130783464,0.43715215935605,0.5640305072754186,1.0405118993141758,17.71856789606656,17.269778796849955,16.40275922997183,17.68252275788365,17.274748242858852,16.54234054863705,0.0331875821175717,0.0260011356498153,0.021196215338739,0.0031754016821299,0.0568612623763229,1.0,0.0,2.127384,2.31
2020-07-14,17.959180816859003,18.539764232701472,17.86042178220539,18.252465222800044,27915300.0,18.060932549532428,18.423049009929017,17.836480198046935,17.93523923270055,25378200.0,1625166000.0,75.54029899876186,54.415177255633886,0.9815404844877876,0.9140055781682772,0.0675349063195103,16.57636739085896,18.61386017280293,14.538874608914988,0.2447397627834083,0.5919853726473435,1.0452117434021353,17.9669618317105,17.432166695571077,16.57636739085896,17.872503579522448,17.45251496648452,16.705209565224003,-0.0056497325421189,0.006315299104473,0.0013413818242011,0.0175327018382711,0.3172259900994945,0.0,1.0,2.127384,2.31
2020-07-15,18.58465470299857,18.641515965374893,18.336260767354627,18.530786138642053,26586000.0,17.959180816859003,18.539764232701472,17.86042178220539,18.252465222800044,27915300.0,1651752000.0,77.16188261460137,55.99043625197679,1.0075588252089247,0.9327162275764068,0.074842597632518,16.737018321165362,18.857225329571044,14.616811312759678,0.3521643963561316,0.6323828918077854,1.0876432462817287,18.04417344062151,17.60903514854164,16.737018321165362,18.091931099228987,17.648564270513162,16.879074000787625,0.0342347739380115,0.0054732911909027,0.0262933708420578,0.015133312973107,0.2783209158420092,0.0,0.0,2.127384,2.31
2020-07-16,18.47991027230534,18.5996181930976,18.1417353960672,18.34523886141405,38833200.0,18.58465470299857,18.641515965374893,18.336260767354627,18.530786138642053,26586000.0,1612918800.0,73.65605865995818,56.69660314085953,1.0016599210354045,0.9465049662682062,0.0551549547671982,16.896752462481906,18.99606661693029,14.797438308033524,0.2766473747533253,0.6066271804325082,1.076925438344995,18.188421485176185,17.760166398541866,16.896752462481906,18.17636701995734,17.775232377949685,17.018708749418714,-0.0056520134313462,-0.002250081309334,-0.0106654551079059,-0.010063386339306,-0.1855472772280073,0.0,1.0,2.127384,2.31
2020-07-17,18.90188069309806,19.16823081686084,18.883924504979223,19.105384158444902,28080600.0,18.47991027230534,18.5996181930976,18.1417353960672,18.34523886141405,38833200.0,1640999400.0,78.05501193090512,57.73967313422845,1.0462617158644747,0.96645631618746,0.0798053996770147,17.091209357093316,19.251453917823653,14.93096479636298,0.4329318092265517,0.6488257038168908,1.1081820772595137,18.43382272280032,17.9855165594333,17.091209357093316,18.4860393994532,18.017078156221544,17.217439740754543,0.0225772138793547,0.0301132103860228,0.0400958979175101,0.0406001101993873,0.76014529703086,0.0,0.0,2.127384,2.31
2020-07-20,19.24304826735601,20.09596720300087,19.11136955448452,20.05107673270377,37818300.0,18.90188069309806,19.16823081686084,18.883924504979223,19.105384158444902,28080600.0,1678817700.0,82.06699972025868,59.15572215024588,1.144722795049045,1.002109611959777,0.142613183089268,17.345641038704837,19.637703093037167,15.053578984372509,0.7451998350149835,0.8317126041531977,1.175803024690398,18.856990222800963,18.287779059433763,17.345641038704837,19.007718510536723,18.38689607921831,17.487309930463994,0.0178884418561322,0.0472648946265037,0.0119724177394684,0.0483126662494131,0.9456925742588638,0.0,0.0,2.127384,2.31
2020-07-21,20.395237004981524,20.874068688150565,19.59618663369318,19.77275581686176,41289300.0,19.24304826735601,20.09596720300087,19.11136955448452,20.05107673270377,37818300.0,1637528400.0,77.5721944615691,60.73454510025398,1.1866171538866084,1.039011120345143,0.147606033541465,17.553908742876864,19.931707886473475,15.176109599280254,0.7470292206444027,0.8189700384404472,1.2197852234683704,19.161048341613306,18.5640050866619,17.553908742876864,19.262730945978404,18.638870576971662,17.704971443454255,0.058151526898968,0.0379884977322282,0.0250515652162985,-0.013977833349172,-0.2783209158420092,0.0,0.0,2.127384,2.31
2020-07-22,19.88647834161441,20.185748143595063,19.61115012379221,19.99122277230764,26788800.0,20.395237004981524,20.874068688150565,19.59618663369318,19.77275581686176,41289300.0,1664317200.0,78.5646203804854,62.20059498240437,1.2233452302890804,1.0758779423339309,0.1474672879551495,17.767277251607073,20.21474596886015,15.319808534353996,0.7241537707352481,0.9163096383995954,1.255524960653639,19.453135668346423,18.748654554483966,17.767277251607073,19.505561554754816,18.88475279430548,17.922709665249815,-0.0252613729832873,-0.0335308380477101,0.000763300548471,0.0109882945008057,0.2184669554458764,0.0,0.0,2.127384,2.31
2020-07-23,20.11990878715932,20.200711633694095,19.39268316834633,19.449544430722657,24506100.0,19.88647834161441,20.185748143595063,19.61115012379221,19.99122277230764,26788800.0,1639811100.0,70.26273445003352,62.90295560248751,1.1949687246627114,1.099696098799687,0.0952726258630243,17.921612503570326,20.384606834404195,15.458618172736458,0.3956874204393583,0.8465448814307719,1.2634894323720052,19.673996782208143,18.931209133692164,17.921612503570326,19.48688918007743,18.987442182744964,18.068122500056752,0.0116697913216907,0.0007410152247193,-0.0112024496931764,-0.0274696686363422,-0.54167834158498,0.0,0.0,2.127384,2.31
2020-07-24,19.539325371316856,19.63808440597047,19.272975247554072,19.506405693098984,21110100.0,20.11990878715932,20.200711633694095,19.39268316834633,19.449544430722657,24506100.0,1660921200.0,70.61377177950256,63.19684500324019,1.1636544836388758,1.112487775767525,0.0511667078713509,18.10058803171037,20.476455562928457,15.724720500492277,0.2733481945113359,0.7751053206767188,1.21879432722588,19.754201089138963,19.09401190596964,18.10058803171037,19.49339468441795,19.081799184627517,18.20510185177506,-0.0292806912824028,-0.0282470703455284,-0.0061919702479209,0.0029192615031576,0.0568612623763264,0.0,0.0,2.127384,2.31
2020-07-27,19.572245049534725,20.018157054485897,19.530347277257437,19.802682797059827,23753700.0,19.539325371316856,19.63808440597047,19.272975247554072,19.506405693098984,21110100.0,1684674900.0,72.43937979684648,63.68332976361577,1.1494941551340148,1.1198890516408229,0.0296051034931918,18.27526752962776,20.611980847658945,15.93855421159658,0.2240269853044486,0.684577736859165,1.1987086396645323,19.70452230201017,19.280756262405568,18.27526752962776,19.59649072196525,19.21286893234248,18.35725241799265,0.0016833732646106,0.0191689515973605,0.0132656580548666,0.0150745146145525,0.2962771039608434,0.0,0.0,2.127384,2.31
2020-07-28,19.81764628715886,19.81764628715886,19.07844987626665,19.449544430722657,34228500.0,19.572245049534725,20.018157054485897,19.530347277257437,19.802682797059827,23753700.0,1650446400.0,67.08943480673109,62.87201739485207,1.097129650242806,1.1153371713612197,-0.0182075211184133,18.41631543938445,20.67775844563927,16.154872433129633,0.2450597594719098,0.5817241825294237,1.1600957844459088,19.639880024782357,19.40046418319783,18.41631543938445,19.547508624884383,19.255900841138875,18.46128022872885,0.0124602736559471,-0.0100669470112162,-0.0234101071266392,-0.0179937761177102,-0.3531383663371699,0.0,0.0,2.127384,2.31
2020-07-29,19.60217202973279,19.63808440597047,19.11136955448452,19.389690470326528,27714300.0,19.81764628715886,19.81764628715886,19.07844987626665,19.449544430722657,34228500.0,1622732100.0,66.19706270550006,62.11865590957149,1.0388257518463782,1.1000348874582513,-0.0612091356118731,18.54769488245396,20.71270974362628,16.382680021281644,0.1635558067637594,0.4961666081585224,1.1106291897527207,19.51957356438613,19.48635461636628,18.54769488245396,19.4949025733651,19.280226228263903,18.549700251738148,-0.0109323894778938,-0.0091020045861442,0.0017240032481002,-0.0030821414443917,-0.0598539603961292,0.0,0.0,2.127384,2.31
2020-07-30,19.03954480200916,19.470493316861305,18.85399752478116,19.263997153494653,21607200.0,19.60217202973279,19.63808440597047,19.11136955448452,19.389690470326528,27714300.0,1601124900.0,64.263923770652,60.71965582475766,0.9712807719669064,1.0742840643599825,-0.1030032923930759,18.669198422058106,20.70474606053484,16.633650783581373,0.200332019114361,0.3124309208327564,1.0442139058575923,19.48246410894053,19.57823044557434,18.669198422058106,19.41793410007495,19.277275487396764,18.617728528095917,-0.0291222563202082,-0.0085706064877504,-0.0135584608951031,-0.0065035843973415,-0.1256933168318745,0.0,0.0,2.127384,2.31
2020-07-31,19.23107747527678,19.314873019831364,18.761223886167155,19.08144257428645,26325600.0,19.03954480200916,19.470493316861305,18.85399752478116,19.263997153494653,21607200.0,1574799300.0,61.45681262261122,59.17270339873447,0.8927294307345655,1.037973137634899,-0.1452437069003336,18.78067642329589,20.642720048340568,16.91863279825122,0.2667667580789785,0.3165218933086258,0.9552082249669996,19.397471485178023,19.57583628715849,18.78067642329589,19.30577025814545,19.24166950319489,18.66189177059025,0.0100094673667143,-0.0080247344213897,-0.0049327811056554,-0.0095216515825646,-0.182554579208201,0.0,0.0,2.127384,2.31
2020-08-03,19.00363242577148,19.34779269804924,18.78815816834541,19.13830383666278,27192300.0,19.23107747527678,19.314873019831364,18.761223886167155,19.08144257428645,26325600.0,1601991600.0,62.01339733513471,57.77637194957216,0.8255487435115008,0.9954882588102194,-0.1699395152987186,18.886169028494077,20.56968110230122,17.202656954686926,0.1575990125446369,0.2951347542833556,0.8636234716000583,19.264595693098613,19.484558997554394,18.886169028494077,19.24994811765123,19.222875745643595,18.707264348311444,-0.0118974477890665,0.0017029185940509,0.0014346061279302,0.002975493542892,0.0568612623763264,0.0,0.0,2.127384,2.44
2020-08-04,18.85399752478116,19.240055569336203,18.578669306958957,19.04852289606858,33085800.0,19.00363242577148,19.34779269804924,18.78815816834541,19.13830383666278,27192300.0,1568905800.0,60.52716629830062,55.88716949560241,0.756344326710856,0.9476594723903468,-0.1913151456794907,18.98807039606849,20.435246577399617,17.540894214737364,0.1411272110868206,0.3052429727022662,0.7423857168494986,19.1843913861678,19.41213570547508,18.98807039606849,19.182806377123683,19.191175227539045,18.739765162383552,-0.0079051795071132,-0.0055840070642712,-0.0112126755388444,-0.0047022030214365,-0.0897809405941991,0.0,0.0,2.127384,2.44
2020-08-05,19.12932574260336,19.452537128742463,18.7372823020087,19.00363242577148,30394800.0,18.85399752478116,19.240055569336203,18.578669306958957,19.04852289606858,33085800.0,1538511000.0,59.7560193417268,54.43187794586656,0.6899240272939373,0.8961123833710649,-0.2061883560771276,19.031015612652716,20.425556727497916,17.636474497807512,0.1004806995031764,0.2522254460587304,0.7153844974619357,19.10717977725679,19.31337667082146,19.031015612652716,19.12308172667295,19.157076536308576,18.764895377944303,0.0144975750664868,0.0109831717420418,0.0085011338822558,-0.0023594191047693,-0.0448904702970978,-1.0,0.0,2.127384,2.44
2020-08-06,19.021588613890323,19.31786571785117,18.83304863864251,19.15626002478162,17603100.0,19.12932574260336,19.452537128742463,18.7372823020087,19.00363242577148,30394800.0,1556114100.0,61.54971978906507,53.08053579254041,0.6421983700958016,0.8453295807160123,-0.2031312106202106,19.10762868195976,20.343939545359984,17.871317818559536,0.0630103311308874,0.2516835508917235,0.6342140911481674,19.085632351514185,19.28404823022736,19.10762868195976,19.13414115937584,19.15692807966731,18.802168201452623,-0.005647959789504,-0.0069471526029856,0.0050979877816232,0.0079994152552664,0.1526275990101382,0.0,0.0,1.8821880000000002,2.44
2020-08-07,19.07844987626665,19.150274628742004,18.48888836636476,18.72830420794928,24189600.0,19.021588613890323,19.31786571785117,18.83304863864251,19.15626002478162,17603100.0,1531924500.0,54.24862088607977,50.83133284008186,0.5633490479272112,0.7889334741582521,-0.2255844262310409,19.15012499384101,20.267177702433017,18.03307228524901,0.1721959016000099,0.2923023307370995,0.5730359485767427,19.015004678246747,19.20623808171239,19.15012499384101,18.998862175566988,19.078996466627668,18.795133535404688,0.00298484237002,-0.0087132961412828,-0.0184433100484064,-0.0225935829131764,-0.4279558168323376,0.0,0.0,1.8821880000000002,2.44
2020-08-10,18.73428960398889,18.839034034682125,17.851443688145967,18.60560358913721,25609800.0,19.07844987626665,19.150274628742004,18.48888836636476,18.72830420794928,24189600.0,1506314700.0,52.33189028594132,47.26576047021941,0.485364497742573,0.7282196788751163,-0.2428551811325432,19.183643211662847,20.187348397253057,18.17993802607264,0.2314402583100954,0.2647181950658118,0.5148898961455844,18.90846462874164,19.086530160920127,19.183643211662847,18.8677759800904,18.99292503435668,18.777083064331595,-0.0182039059324825,-0.0163860606610124,-0.0350855389465105,-0.0065731699594899,-0.1227006188120682,0.0,0.0,1.8821880000000002,2.44
2020-08-11,18.91385148517729,18.949763861414965,18.123779207948363,18.14472809408701,32573100.0,18.73428960398889,18.839034034682125,17.851443688145967,18.60560358913721,25609800.0,1473741600.0,45.78787361260742,44.17309713709493,0.3819692750840175,0.6589695981168966,-0.277000323032879,19.1782563552272,20.20283356637756,18.15367914407684,0.3919714721661591,0.3675200237879416,0.5255970193400262,18.72770566834532,18.95604852725656,19.1782563552272,18.62676001808927,18.8387074088531,18.71685878145116,0.0095390230467589,0.0058604745224548,0.0151404605852683,-0.0250827481976063,-0.4608754950502032,0.0,0.0,1.8821880000000002,2.44
2020-08-12,18.315311881215983,18.77319467824638,18.07589603963146,18.315311881215983,38528100.0,18.91385148517729,18.949763861414965,18.123779207948363,18.14472809408701,32573100.0,1512269700.0,48.36175351834554,41.19621410816796,0.3102165192668451,0.5892189823468863,-0.2790024630800412,19.16748264235589,20.22312712172613,18.11183816298565,0.3917086180300837,0.3833634612047086,0.5415341916660331,18.59004155943422,18.848610668345508,19.16748264235589,18.522943972464844,18.74354458564635,18.678616219524,-0.0321571116345311,-0.0093614329041593,-0.0026455041884241,0.0093573694346411,0.1705837871289723,0.0,0.0,1.8821880000000002,2.44
2020-08-13,18.629545173295668,18.806114356464253,17.941224628740166,18.09983762378991,36078300.0,18.315311881215983,18.77319467824638,18.07589603963146,18.315311881215983,38528100.0,1476191400.0,45.42778326433632,38.37628192527961,0.2332759120454248,0.518030368286594,-0.2847544562411691,19.15521258047469,20.253638390088074,18.056786770861297,0.2784930232131248,0.4183693596213647,0.5634805510174727,18.37875707923588,18.73219471537503,19.15521258047469,18.38190852290653,18.626506956217906,18.623494448501702,0.0170113458265364,0.0017520112787683,-0.0074782234672459,-0.0118344576470033,-0.2154742574260737,0.0,0.0,1.8821880000000002,2.44
2020-08-14,18.47991027230534,18.596625495077795,18.111808415869135,18.12677190596817,27053700.0,18.629545173295668,18.806114356464253,17.941224628740166,18.09983762378991,36078300.0,1503245100.0,45.86984975512501,35.757773469740435,0.1724849982759586,0.4489212942844669,-0.2764362960085083,19.106281967850848,20.29287537322833,17.91968856247336,0.2116474463602007,0.4382692465610927,0.6087095733221531,18.258450618839657,18.636727648543204,19.106281967850848,18.29686298392708,18.53564603799068,18.576187539688988,-0.0080645598367303,-0.0112019094225188,0.0094630074466319,0.0014869891215782,0.0269342821782601,0.0,0.0,1.8821880000000002,2.44
2020-08-17,18.222538242601978,18.312319183196173,17.097283787154723,17.504290717848413,46112100.0,18.47991027230534,18.596625495077795,18.111808415869135,18.12677190596817,27053700.0,1457133000.0,38.17351924944584,35.181533949523704,0.0732345294809171,0.373783941323757,-0.3005494118428399,18.97894266710808,20.274276787367757,17.683608546848404,0.310178388023166,0.5262608388536086,0.6644923830518463,18.038188044581897,18.473326336661763,18.97894266710808,18.032672228567527,18.348126888873903,18.474102128085125,-0.014025017887604,-0.0154061264904523,-0.0576445161837839,-0.0349439215379212,-0.6224811881197567,0.0,0.0,1.8821880000000002,2.44
2020-08-18,17.851443688145967,18.590640099038183,17.716772277254677,18.51282995052321,34560600.0,18.222538242601978,18.312319183196173,17.097283787154723,17.504290717848413,46112100.0,1491693600.0,52.17471700396252,33.98591667034582,0.0750928812710434,0.3140457293132143,-0.2389528480421708,18.91594637379115,20.172704385816644,17.659188361765658,0.3780465880586999,0.4870052469443665,0.6447032570738654,18.111808415869135,18.41975704210723,18.91594637379115,18.19272480255276,18.37807290008287,18.477790492126847,-0.0205748090765576,0.0150842208060373,0.0355921691535887,0.0560179678019889,1.0085392326747993,0.0,0.0,1.8821880000000002,2.44
2020-08-19,18.55772042082031,18.587647401018376,17.749691955472546,17.791589727749837,27203100.0,17.851443688145967,18.590640099038183,17.716772277254677,18.51282995052321,34560600.0,1464490500.0,44.42645726946972,32.87570062539493,0.0181582629791492,0.2548682360464013,-0.236709973067252,18.805964721563264,20.05201791157616,17.559911531550366,0.3801138842431709,0.4762522622818472,0.6392117992499404,18.00706398517591,18.298552772305065,18.805964721563264,18.059013110951785,18.27143959602232,18.412438038376653,0.0388015138178614,-0.0001609917092748,0.0018563839606748,-0.0397381441201325,-0.7212402227733747,0.0,0.0,1.8821880000000002,2.44
2020-08-20,17.40253898517499,18.680421039632375,17.321736138640212,18.59363279705799,53169900.0,18.55772042082031,18.587647401018376,17.749691955472546,17.791589727749837,27203100.0,1517660400.0,52.81768895939996,32.51108980430554,0.0373250802396647,0.211359604885054,-0.1740345246453892,18.763169139880027,19.97622342799717,17.55011485176289,0.4649289054253964,0.3888875167672936,0.622283719756126,18.10582301982952,18.242290049532706,18.763169139880027,18.237219672987187,18.330020178028803,18.429694682060592,-0.0642697833971133,0.0049787302714219,-0.024406024087352,0.0440933409388115,0.8020430693081515,0.0,1.0,1.8821880000000002,2.44
2020-08-21,18.25545792081985,18.40509282181017,17.992100495076876,18.16567698022565,26396700.0,17.40253898517499,18.680421039632375,17.321736138640212,18.59363279705799,53169900.0,1491263700.0,48.60084637920229,32.172522613293964,0.0177775348105413,0.1726431908701514,-0.1548656560596101,18.69613270423636,19.88543688419441,17.506828524278315,0.4656920839418157,0.3494609128908482,0.6101001713406716,18.11360403468102,18.18602732676034,18.69613270423636,18.213372108733346,18.300139596610048,18.404550139028693,0.0478479852086382,-0.0148485620301612,0.0379706631214906,-0.0232852660101499,-0.4279558168323341,0.0,0.0,1.8821880000000002,2.44
2020-08-24,18.39611472775076,18.423049009929017,17.65093292081893,18.225530940621784,32656500.0,18.25545792081985,18.40509282181017,17.992100495076876,18.16567698022565,26396700.0,1523920200.0,49.21157931816558,32.35154309000381,0.0070345882545304,0.1395214703470272,-0.1324868820924968,18.61727511141446,19.70767546682569,17.52687475600323,0.3180817075057013,0.318010681247859,0.5593635798789396,18.257852079235693,18.1480200619088,18.61727511141446,18.21742505269616,18.286574386430363,18.38750069156137,0.0076753867456065,0.0009751341582062,-0.0191441614976435,0.0032894766503988,0.0598539603961292,0.0,0.0,1.8821880000000002,2.44
2020-08-25,18.207574752502943,18.6445086633947,18.1417353960672,18.443997896067664,28253100.0,18.39611472775076,18.423049009929017,17.65093292081893,18.225530940621784,32656500.0,1552173300.0,51.477855880108365,31.91494233889612,0.0159651469341994,0.1148102056644617,-0.0988450587302622,18.56699778468171,19.589901617623347,17.544093951740074,0.3055294055130305,0.3314635794159387,0.5247385944315242,18.244085668344585,18.17794704210686,18.56699778468171,18.29294933382,18.315196842728053,18.39288137770483,-0.0103017835278258,0.0119491168227288,0.0274264682425271,0.0119155902583005,0.21846695544588,0.0,0.0,1.8821880000000002,2.44
2020-08-26,18.43501980200824,18.794143564385024,17.752684653492352,18.07589603963146,41478600.0,18.207574752502943,18.6445086633947,18.1417353960672,18.443997896067664,28253100.0,1510694700.0,47.62198380716305,32.067950203191415,-0.0065841662596533,0.0905313312796387,-0.097115497539292,18.50130806314696,19.47184566014206,17.530770466151857,0.2125805904177123,0.3290772036865826,0.4978752822008593,18.300946930720908,18.154005457948408,18.50130806314696,18.22059823575715,18.2716876058014,18.36269229788832,0.0124144031483819,0.0079936476807453,-0.0216783543599259,-0.0201596600333826,-0.3681018564362048,0.0,0.0,1.8821880000000002,2.44
2020-08-27,18.1417353960672,18.294362995077336,17.80655321784887,18.042976361413587,23811000.0,18.43501980200824,18.794143564385024,17.752684653492352,18.07589603963146,41478600.0,1486883700.0,47.28090073521488,32.21002893432276,-0.0268020450441817,0.0670646560148746,-0.0938667010590563,18.440257023542905,19.363679445563168,17.516834601522643,0.1589035288636676,0.3306048731877907,0.4737057074114148,18.190815643592032,18.148319331710777,18.440257023542905,18.161390944309296,18.230103743185435,18.3322431610812,-0.0160369989098168,-0.0269523294335187,0.0030297952818525,-0.0018228524394552,-0.0329196782178726,0.0,0.0,1.8821880000000002,2.44
2020-08-28,18.11779381190875,18.36020235151308,17.986115099037264,18.18961856438411,17218800.0,18.1417353960672,18.294362995077336,17.80655321784887,18.042976361413587,23811000.0,1504102500.0,49.03210754236877,32.14682478651527,-0.030638873541033,0.0475239501036931,-0.0781628236447261,18.395665823047786,19.276060969665952,17.51527067642962,0.1583162710002394,0.3307470675767388,0.4516331808555369,18.19560396042372,18.154603997552368,18.395665823047786,18.1708001510009,18.22274280158519,18.31865986615767,-0.0013205680360846,0.0035924271162866,0.0100335289895783,0.0080945349873329,0.1466422029705221,0.0,0.0,1.8821880000000002,2.44
2020-08-31,18.114801113888944,18.1417353960672,17.546188490125704,17.641954826759513,34051500.0,18.11779381190875,18.36020235151308,17.986115099037264,18.18961856438411,17218800.0,1470051000.0,43.25341544399377,32.71546242409977,-0.0769840501676952,0.0226223500494154,-0.0996064002171107,18.320848372552625,19.19034179974251,17.45135494536274,0.2905923646549024,0.3023150075781093,0.446040716788575,18.078888737651265,18.168370408443483,18.320848372552625,17.994518376253772,18.11714498798052,18.25421176716737,-0.0001651936899769,-0.0119702995272632,-0.0247633305650385,-0.0305711605052669,-0.5476637376245961,0.0,0.0,1.8821880000000002,2.44
2020-09-01,17.75867004953197,18.042976361413587,17.734728465373514,17.914290346561906,32392800.0,18.114801113888944,18.1417353960672,17.546188490125704,17.641954826759513,34051500.0,1502443800.0,46.622283272509776,33.24348308757109,-0.0906922918121253,-4.057832289272589e-05,-0.0906517134892326,18.264136745077288,19.08286125822409,17.445412231930487,0.2094311371142673,0.2853124233435465,0.4199968134050383,17.972947227750115,18.10851644804735,18.264136745077288,17.967775699689817,18.080262325904407,18.22183829853828,-0.0198554950409199,-0.0054586191283432,0.0106880311692956,0.015318875441173,0.2723355198023931,0.0,0.0,1.8821880000000002,3.14
2020-09-02,17.98910779705707,18.060932549532428,17.656918316858544,17.9112976485421,18508200.0,17.75867004953197,18.042976361413587,17.734728465373514,17.914290346561906,32392800.0,1483935600.0,46.5895510073106,33.8431449679516,-0.1006375705287183,-0.0201599767640578,-0.0804775937646605,18.20952000621582,18.967085969698672,17.451954042732964,0.2020082247402329,0.2727734755020528,0.3886231394049704,17.940027549532243,18.12048724012657,18.20952000621582,17.94894968264058,18.049541475474896,18.19226299853864,0.012892602188395,0.0009946950422263,-0.0043970982396999,-0.0001670704205709,-0.0029926980198062,0.0,0.0,1.8821880000000002,3.14
2020-09-03,18.01604207923533,18.15669888616624,16.84888985151078,17.23794059408563,72357000.0,17.98910779705707,18.060932549532428,17.656918316858544,17.9112976485421,18508200.0,1411578600.0,39.81612067958916,35.326752869315285,-0.1609976813256679,-0.0483275176763798,-0.112670163649288,18.11360403468102,18.85295285148545,17.37425521787659,0.3591449600286228,0.340078430481912,0.3792779403405583,17.77902039606665,17.984918019829344,18.11360403468102,17.711946653122265,17.901977678858664,18.101375150495496,0.0014961352637046,0.005288394410666,-0.0468429087600745,-0.0383188643021363,-0.6733570544564706,0.0,0.0,1.8821880000000002,3.14
2020-09-04,17.345677722798666,17.417502475274024,16.78903589111465,17.303779950521374,48361800.0,18.01604207923533,18.15669888616624,16.84888985151078,17.23794059408563,72357000.0,1459940400.0,40.72357956763526,36.7608815673829,-0.2012014926181429,-0.0789023126647325,-0.1222991799534104,18.042377821809627,18.805224941594386,17.279530702024868,0.322591469412245,0.3941049872287368,0.3913323154248373,17.601852673294104,17.89872831685891,18.042377821809627,17.575891085588637,17.79321445552461,18.025413702878915,-0.0379192348622936,-0.041563987216814,-0.0035587226169941,0.0038121688863546,0.0658393564357453,0.0,0.0,1.8821880000000002,3.14
2020-09-08,17.09129839111511,17.390568193095763,16.88180952972865,17.07633490101608,23793300.0,17.345677722798666,17.417502475274024,16.78903589111465,17.303779950521374,48361800.0,1436147100.0,38.56053519554349,38.092572501302826,-0.2485510752993533,-0.1128320651916566,-0.1357190101076967,17.96591438740357,18.79159727624525,17.140231498561885,0.3958650624701844,0.4515817251500974,0.4235663848193497,17.48872868814542,17.78380871289834,17.96591438740357,17.409372357397785,17.66287271834124,17.935025245558645,-0.0147738847757099,-0.0015475886503781,0.0055106352232341,-0.0132313908028462,-0.2274450495052953,0.0,0.0,1.8821880000000002,3.14
2020-09-09,17.285823762402533,17.537210396066282,16.947648886164398,17.507283415868216,27692400.0,17.09129839111511,17.390568193095763,16.88180952972865,17.07633490101608,23793300.0,1463839500.0,44.56827930932412,38.805447422893,-0.2484381764967196,-0.1399532874526692,-0.1084848890440503,17.93404215349263,18.778650039448458,17.089434267536802,0.3213048455976903,0.3927407359382853,0.4332747034955429,17.407327302006678,17.690137264878395,17.93404215349263,17.44200937688793,17.634583754255235,17.89428792844527,0.011317261907799,0.0083969304959525,0.0038924323738291,0.0249234084524565,0.4309485148521368,0.0,0.0,1.8821880000000002,3.14
2020-09-10,17.44443675745228,17.447429455472086,16.714218440619486,16.759108910916584,26975700.0,17.285823762402533,17.537210396066282,16.947648886164398,17.507283415868216,27692400.0,1436863800.0,37.6796466805737,39.74493687135431,-0.3052019550207525,-0.1730030209662859,-0.1321989340544666,17.85623200497766,18.82378826071553,16.888675749239784,0.2800180396672635,0.4634195004211188,0.4963458864058133,17.176889554481576,17.558458552006908,17.85623200497766,17.214375888230816,17.475406510011844,17.786175641061586,0.0091340574728877,-0.0051326032265199,-0.0138693546105042,-0.0436750635026612,-0.7481745049516313,0.0,0.0,1.8821880000000002,3.14
2020-09-11,16.953634282204007,17.034437128738784,16.612466707946062,16.69925495052045,25434600.0,17.44443675745228,17.447429455472086,16.714218440619486,16.759108910916584,26975700.0,1411429200.0,37.1844888589952,40.73376368860993,-0.3509715908188084,-0.2085967349367904,-0.142374855882018,17.786202871314185,18.86897673097999,16.703429011648378,0.3464143296343635,0.5006366278717087,0.5554512701104036,17.06915242576854,17.424086410917596,17.786202871314185,17.042668908994028,17.33428804464977,17.682659384819573,-0.0285385645834432,-0.023955320134795,-0.0061063408131398,-0.0035778213478843,-0.0598539603961327,-1.0,0.0,1.8821880000000002,3.14
2020-09-14,17.01348824260014,17.612027846561446,16.947648886164398,17.537210396066282,30545100.0,16.953634282204007,17.034437128738784,16.612466707946062,16.69925495052045,25434600.0,1441974300.0,47.57202653150496,39.7672058910532,-0.3159858671889139,-0.2300745613872151,-0.0859113058016988,17.75672479581909,18.832887144402704,16.680562447235474,0.3978510351595951,0.4268654764308533,0.552059636487953,17.11583851487752,17.358845594085814,17.75672479581909,17.207516071351446,17.37118301763459,17.6688071001764,0.0035242327225297,0.0333450604846339,0.019975695423644,0.0489608271957018,0.8379554455458305,0.0,0.0,1.8821880000000002,3.14
2020-09-15,17.626991336660478,17.653925618838738,17.109254579233948,17.181079331709302,17502900.0,17.01348824260014,17.612027846561446,16.947648886164398,17.537210396066282,30545100.0,1424471400.0,44.22479928700917,38.74936308399622,-0.31338373708925,-0.2467363965276221,-0.0666473405616279,17.740564226512138,18.84084132426232,16.64028712876196,0.3980085847788842,0.4176836387795718,0.5644302417933821,17.136787401016164,17.312758044580793,17.740564226512138,17.198703824804067,17.336618711102716,17.622356836512868,0.035424870460996,0.002376104308698,0.0094904051501658,-0.0205161924034213,-0.3561310643569797,0.0,0.0,1.8821880000000002,3.14
2020-09-16,17.22896250002621,17.321736138640212,17.040422524778396,17.088305693095304,18192900.0,17.626991336660478,17.653925618838738,17.109254579233948,17.181079331709302,17502900.0,1406278500.0,43.36872855127177,37.92602203144416,-0.3151744526317799,-0.2604240077484537,-0.0547504448833262,17.669338013640743,18.74457118250232,16.59410484477917,0.3404475167982708,0.3636923733538367,0.5515829773479471,17.05299185646158,17.230159579234133,17.669338013640743,17.161904447567814,17.291470889646824,17.571494822854053,-0.0228394919698229,-0.0189960362517007,-0.0040312034259883,-0.0054143875175807,-0.0927736386139983,0.0,0.0,1.8821880000000002,3.14
2020-09-17,16.84888985151078,17.025459034679365,16.714218440619486,16.92670000002575,23058000.0,17.22896250002621,17.321736138640212,17.040422524778396,17.088305693095304,18192900.0,1383220500.0,41.84906890933575,37.70533717968549,-0.3258773254796878,-0.2735146712947005,-0.0523626541849873,17.626093527254536,18.74678937026528,16.505397684243796,0.3112808777721827,0.2831655730267394,0.5749048371004214,17.086510074283417,17.131699814382497,17.626093527254536,17.083502965053796,17.22514890971572,17.5100857921085,-0.0223070635420734,-0.0172523230007271,-0.0193285563346816,-0.0095020950736475,-0.1616056930695535,0.0,1.0,1.8821880000000002,3.14
2020-09-18,17.288816460422343,17.312758044580793,16.612466707946062,16.815970173292907,33330300.0,16.84888985151078,17.025459034679365,16.714218440619486,16.92670000002575,23058000.0,1349890200.0,40.79428945770982,36.63099860986853,-0.3393822140260596,-0.2866881798409723,-0.0526940341850872,17.537210396066282,18.618132155726386,16.45628863640618,0.2775265563727208,0.2966922976037037,0.5545011628545292,17.10985311883791,17.089502772303224,17.537210396066282,16.99432536780017,17.150752775820663,17.44397954269749,0.0257750746475293,0.0167338748771297,-0.0061063408131398,-0.0065632164642104,-0.1107298267328431,-1.0,0.0,1.8821880000000002,3.14
2020-09-21,16.47779529705477,16.756116212896778,16.29524071784657,16.73516732675813,28984200.0,17.288816460422343,17.312758044580793,16.612466707946062,16.815970173292907,33330300.0,1320906000.0,40.00196348362808,36.16887063797906,-0.3525411747016136,-0.2998587788131006,-0.052682395888513,17.465684913392906,18.56002893578445,16.371340891001356,0.1851921578724009,0.3054220654166746,0.5613866383537612,16.949444504976277,17.0326415099269,17.465684913392906,16.907939354119492,17.07519178508202,17.376473617369932,-0.048046110078713,-0.0326803502788837,-0.0192803353231001,-0.004816707198552,-0.0808028465347767,0.0,0.0,1.8821880000000002,3.14
2020-09-22,16.792028589134457,17.29480185646195,16.678306064381808,17.10626188121414,24846600.0,16.47779529705477,16.756116212896778,16.29524071784657,16.73516732675813,28984200.0,1345752600.0,45.26031282876578,34.339794035883656,-0.3292303540811083,-0.3057330938667021,-0.0234972602144061,17.409721460422524,18.456346987181576,16.363095933663473,0.1635558067637114,0.3060437562433243,0.5369075665972545,16.934481014877246,17.035634207946707,17.409721460422524,16.97404686315104,17.080840893469677,17.350739166307477,0.0188905500484195,0.0316426469688844,0.023235752202475,0.0219322551361118,0.3710945544560111,0.0,0.0,1.8821880000000002,3.14
2020-09-23,16.998524752501105,17.22896250002621,16.594510519827224,16.73516732675813,26776800.0,16.792028589134457,17.29480185646195,16.678306064381808,17.10626188121414,24846600.0,1318975800.0,41.35689528844458,32.79854943741689,-0.3368179621660268,-0.311950067526567,-0.0248678946394597,17.324279931957047,18.295507547349125,16.35305231656497,0.1566242168307682,0.2689849381309151,0.4982292541697792,16.863853341609815,16.9584225990357,17.324279931957047,16.894420351020074,17.017991154067577,17.292113276826587,0.0122222759642247,-0.003814151641968,-0.0050368877850686,-0.0219322551361118,-0.3710945544560111,0.0,0.0,1.8821880000000002,3.14
2020-09-24,16.675313366362,17.716772277254677,16.65735717824316,17.69582339111603,44771400.0,16.998524752501105,17.22896250002621,16.594510519827224,16.73516732675813,26776800.0,1363747200.0,52.72371202327968,30.62057095160913,-0.2622907558203486,-0.3020182051853234,0.0397274493649747,17.30527629953128,18.23072866592532,16.37982393313724,0.4086682284715517,0.3443942593112948,0.4747470469031313,17.017678019827866,17.052094047055643,17.30527629953128,17.161554697718728,17.141233378985476,17.33056185913987,-0.0191971768155005,0.0279199432022418,0.0037800423013685,0.0558163119071837,0.9606560643578989,0.0,0.0,1.8821880000000002,3.14
2020-09-25,17.34562006303607,17.566988990413975,17.16973790155773,17.427496241655295,17556300.0,16.675313366362,17.716772277254677,16.65735717824316,17.69582339111603,44771400.0,1346190900.0,49.8190303459905,28.59816235764479,-0.2223164407678055,-0.2860778523018198,0.0637614115340143,17.27450229354336,18.138690462449,16.410314124637722,0.4244145900469814,0.3384383243458579,0.4433191767126467,17.139983233500345,17.124918176169125,17.27450229354336,17.250201879030918,17.19328117219817,17.33979370509372,0.0394106443779729,-0.0084902618776019,0.0302964184898342,-0.0152794424092626,-0.2683271494607346,0.0,1.0,1.8821880000000002,3.14
2020-09-28,17.64280026691326,17.670092326453002,16.545052983203636,16.678480829842375,38444400.0,17.34562006303607,17.566988990413975,17.16973790155773,17.427496241655295,17556300.0,1307746500.0,42.74050158836858,27.60085283936987,-0.2482145294522553,-0.2785051877319069,0.0302906582796516,17.198945406816275,17.99112378190353,16.40676703172902,0.4384566271089522,0.3310663373087211,0.4063789319147585,17.128645934117195,17.039045219546736,17.198945406816275,17.05962819596807,17.09968110995166,17.276811526498353,0.016987754681303,0.00585199604645,-0.0370612661485467,-0.0439298872871791,-0.7490154118129198,0.0,0.0,1.8821880000000002,3.14
2020-09-29,16.68757818302229,17.030245152799047,16.17206150282716,16.17206150282716,36348900.0,17.64280026691326,17.670092326453002,16.545052983203636,16.678480829842375,38444400.0,1271397600.0,38.73333979857562,27.261594316093092,-0.3060745221213174,-0.284019054609789,-0.0220554675115284,17.12545074061966,18.007259878325307,16.24364160291401,0.6142034504928824,0.423755649641783,0.4523585429784352,16.941805858439796,16.93814343665852,17.12545074061966,16.763772631587766,16.931022999565386,17.171597238529667,-0.0556631619953877,-0.0368826214374271,-0.022801988922696,-0.0308341606199604,-0.506419327015216,0.0,0.0,1.8821880000000002,3.14
2020-09-30,16.435884745044667,16.848298089200767,16.372203272785267,16.71487024256203,28179000.0,16.68757818302229,17.030245152799047,16.17206150282716,16.17206150282716,36348900.0,1299576600.0,44.71629370693755,26.946568544478943,-0.3046174143803775,-0.2881387265639067,-0.0164786878164707,17.065479735419665,17.885518120971717,16.245441349867612,0.6159751234916763,0.4255031619940382,0.4206708157276323,16.937746441600574,16.900799891605196,17.065479735419665,16.747471835245854,16.891722498292047,17.12809942938989,-0.015197582626067,-0.0107412418314125,0.0122998196176848,0.0330136020928923,0.5428087397348698,0.0,0.0,1.8821880000000002,3.14
2020-10-01,16.778551714821425,16.778551714821425,16.314586702645812,16.49653376624409,31898100.0,16.435884745044667,16.848298089200767,16.372203272785267,16.71487024256203,28179000.0,1267678500.0,42.90149674510269,26.74744488193169,-0.3174215370317235,-0.2939952886574701,-0.0234262483742533,16.994741541304766,17.752439172348137,16.237043910261395,0.460985426474034,0.4439384909136257,0.3886906834383521,16.69788851662619,16.85778326822703,16.994741541304766,16.663825812245268,16.819870001556055,17.067950318614102,0.0206343484644175,-0.0041482609761249,-0.003525377062457,-0.0131484728435062,-0.2183364763179369,0.0,0.0,1.8821880000000002,3.92
2020-10-02,16.730032497861888,16.802811323301196,16.090185324207933,16.12657473692759,26147100.0,16.778551714821425,16.778551714821425,16.314586702645812,16.49653376624409,31898100.0,1241531400.0,39.94335613472985,26.922095635423688,-0.3533483188033877,-0.3058658946866537,-0.0474824241167339,16.93917324844686,17.77623234050307,16.10211415639065,0.2764158569277948,0.5010126886839591,0.4294022539328628,16.43770421568065,16.7888437245905,16.93917324844686,16.48474212047271,16.693816317078152,16.978295501310626,-0.0028959296256787,0.0014448259692398,-0.0138501184581447,-0.0226817680470228,-0.3699590293165009,0.0,0.0,1.8821880000000002,3.92
2020-10-05,16.159931698587272,16.927141816760024,16.12960718798756,16.85436299132071,30886200.0,16.730032497861888,16.802811323301196,16.090185324207933,16.12657473692759,26147100.0,1272417600.0,47.5980820767895,26.73274089127232,-0.3194121381452319,-0.3085751433783693,-0.0108369947668626,16.91670240048683,17.7373723183375,16.09603248263616,0.3221285280326564,0.5010116749565073,0.4209947849611449,16.472880647976314,16.800763291046756,16.91670240048683,16.60794907742204,16.72300662148589,16.966492405121112,-0.0346706309756488,0.0073721452289179,0.0024470600446324,0.0441410384994833,0.7277882543931185,0.0,0.0,1.8821880000000002,3.92
2020-10-06,17.05753721233879,17.12121868459819,16.19632111130693,16.302456898405925,37359300.0,16.159931698587272,16.927141816760024,16.12960718798756,16.85436299132071,30886200.0,1235058300.0,43.11064906259468,26.022692191166183,-0.3332106349202774,-0.313502241686751,-0.0197083932335264,16.878008500356323,17.737003985068593,16.019013015644052,0.2958963749278114,0.5109342111703304,0.4406553859268419,16.498959727092068,16.720382792765932,16.878008500356323,16.506118351083337,16.64654303547135,16.903250928291094,0.0540573447758387,0.0114001947171673,0.0041275855974527,-0.0332937280994634,-0.5519060929147841,0.0,0.0,1.8821880000000002,3.92
2020-10-07,16.451047000344523,16.584474846983262,16.135672090107505,16.372203272785267,41404800.0,17.05753721233879,17.12121868459819,16.19632111130693,16.302456898405925,37359300.0,1276463100.0,43.83133124894794,25.481349971059924,-0.334660337458267,-0.3177338608410542,-0.0169264766172128,16.821254493202172,17.65609554108674,15.986413445317606,0.2721141196099546,0.5225280448123953,0.4282644212808251,16.430426333136715,16.684086387368644,16.821254493202172,16.46147999165065,16.596663078619333,16.852674961100064,-0.0362030486639604,-0.0318515454666621,-0.0037516457434008,0.0042691480153016,0.069746374379342,0.0,0.0,1.8821880000000002,3.92
2020-10-08,16.372203272785267,16.678480829842375,16.281229740986127,16.566280140623434,32531700.0,16.451047000344523,16.584474846983262,16.135672090107505,16.372203272785267,41404800.0,1308994800.0,45.88562377735831,24.707314542903383,-0.3165004358874554,-0.3174871758503345,0.000986739962879,16.811613054687516,17.653526182807955,15.96969992656708,0.2780726206016982,0.3829708097501667,0.4318923218939317,16.444375608012585,16.571132062319386,16.811613054687516,16.496413374641577,16.591138908074623,16.825399263911812,-0.0048041481903733,0.00565230787379,0.0089804158261999,0.0117843381774305,0.1940768678381665,1.0,0.0,1.8821880000000002,3.92
2020-10-09,16.57840994486332,16.802811323301196,16.51472847260392,16.59963710228312,17912400.0,16.372203272785267,16.678480829842375,16.281229740986127,16.566280140623434,32531700.0,1326907200.0,46.24949532389086,23.630804966993743,-0.296004795995735,-0.3131906998794146,0.0171859038836795,16.806632162275648,17.65231553701457,15.960948787536726,0.2165921668428831,0.2401197905388379,0.4338264176002256,16.53898808108369,16.48834614838217,16.806632162275648,16.530821283855424,16.592684034294347,16.80389810566146,0.0125162686767121,0.0074268976467868,0.0142397228111352,0.0020115212049067,0.0333569616596847,1.0,1.0,1.8821880000000002,3.92
2020-10-13,16.693643085142227,16.76338945952157,16.44194964716461,16.636026515002776,22318800.0,16.57840994486332,16.802811323301196,16.51472847260392,16.59963710228312,17912400.0,1349226000.0,46.6707783191696,22.804189526531697,-0.2736708253109583,-0.3052867249657234,0.031615899654765,16.761572968222474,17.540117374581854,15.983028561863094,0.1483826364699135,0.236736065172943,0.3993848535308554,16.495320785820105,16.484100716898208,16.761572968222474,16.565889694237875,16.600564485332242,16.78791033512254,0.0069267502617811,-0.0023489034198438,-0.004416643175094,0.0021897818969245,0.0363894127196573,0.0,0.0,1.8821880000000002,3.92
2020-10-14,16.754292106341655,17.221289569577245,16.68757818302229,17.10605642929833,31557600.0,16.693643085142227,16.76338945952157,16.44194964716461,16.636026515002776,22318800.0,1380783600.0,51.91342253820205,21.544215117261896,-0.2155586804681313,-0.287341116066205,0.0717824355980736,16.757821823101924,17.528932555425364,15.986711090778488,0.2714390968335377,0.2802025984858118,0.3955714592121886,16.656040691998587,16.577500209545327,16.757821823101924,16.74594527259136,16.692472111507893,16.81820996313928,0.0036264772291731,0.0269490744299272,0.0148286470011482,0.0278619622424272,0.4700299142955551,0.0,0.0,1.8821880000000002,3.92
2020-10-15,16.723967595741943,16.972628582659592,16.590539749103204,16.82707093178097,26462400.0,16.754292106341655,17.221289569577245,16.68757818302229,17.10605642929833,31557600.0,1354321200.0,48.84412967880919,20.11968181863277,-0.1898279664420208,-0.2678384861413682,0.0780105196993473,16.74476008503621,17.5017571098947,15.987763060177716,0.2247351096811172,0.2884397849241681,0.3883312800488401,16.747014223797727,16.58872027846722,16.74476008503621,16.7729871589879,16.716944624284814,16.81905386491468,-0.0018115946983505,-0.0145444209860734,-0.0058319829959332,-0.0164436234140747,-0.2789854975173611,0.0,0.0,1.8821880000000002,3.92
2020-10-16,16.632994063942803,16.999920642199335,16.46620925564438,16.545052983203636,21944700.0,16.723967595741943,16.972628582659592,16.590539749103204,16.82707093178097,26462400.0,1332376500.0,45.89046665825413,18.892401333939496,-0.190002451733239,-0.2522712792597423,0.0622688275265033,16.725677734195102,17.482608450946188,15.968747017444018,0.2291598206124722,0.2871218583618073,0.388297264707456,16.74276879231377,16.593572200163177,16.725677734195102,16.697009100393146,16.68569159863369,16.79295854284696,-0.0054545589782724,0.0016067128333743,-0.0075222811358446,-0.0169018108026031,-0.2820179485773337,0.0,0.0,1.8821880000000002,3.92
2020-10-19,16.542020532143663,17.272841237596754,16.526858276843807,17.024180250679105,31495800.0,16.632994063942803,16.999920642199335,16.46620925564438,16.545052983203636,21944700.0,1363872300.0,51.28070967237114,18.03538110086192,-0.1497529080262261,-0.2317676050130391,0.082014696986813,16.73608823806441,17.503356640356508,15.968819835772312,0.2412028424225425,0.2643057469025039,0.3936003854953278,16.827677421992963,16.683332751538327,16.73608823806441,16.806066150488466,16.747234989914674,16.81497965787859,-0.0054844744421593,0.0159267213670779,0.0036764747293087,0.0285475573985296,0.4791272674754694,0.0,0.0,1.8821880000000002,3.92
2020-10-20,17.030245152799047,17.560924088294033,17.024180250679105,17.542729381934205,37351500.0,16.542020532143663,17.272841237596754,16.526858276843807,17.024180250679105,31495800.0,1401223800.0,56.34890564970842,17.890922368733175,-0.0751460367251546,-0.2004432913554622,0.1252972546303076,16.776466340823216,17.620452746997778,15.932479934648654,0.3683960037297486,0.3786884012621547,0.4329558910946237,17.00901799537925,16.75216939059968,16.776466340823216,17.051620560970377,16.891870333918224,16.8842891554077,0.0290870474384759,0.016540814133978,0.0296478692645378,0.0300048827059491,0.5185491312550994,0.0,1.0,1.8821880000000002,3.92
2020-10-21,17.46085320331498,17.739838700832344,17.321360454556295,17.403236633175524,22407300.0,17.030245152799047,17.560924088294033,17.024180250679105,17.542729381934205,37351500.0,1378816500.0,54.70040400425352,18.125593475316094,-0.0269646213705883,-0.1657475573584874,0.1387829359878991,16.791315078421285,17.66781168078615,15.914818476056418,0.409631274523012,0.3931524688020994,0.4496332698512714,17.068454036154687,16.862247364076637,16.791315078421285,17.168825918372093,16.984846024692278,16.933712724718923,0.024970525466474,0.0101366730001126,0.0173057470975925,-0.0079833815194141,-0.1394927487586805,0.0,0.0,1.8821880000000002,3.92
2020-10-22,17.433561143775236,17.48511281179475,16.957466327359736,17.012050446439222,37201500.0,17.46085320331498,17.739838700832344,17.321360454556295,17.403236633175524,22407300.0,1341615000.0,50.25980779049837,17.316294149659846,-0.0201140957883332,-0.1366208650444566,0.1165067692561234,16.80515923440534,17.686404919712764,15.923913549097918,0.3902765692289417,0.3547263554157925,0.4520694979969309,17.105449939086338,16.92623208144203,16.80515923440534,17.1165674277278,16.98979228319172,16.941173460120854,-0.0015642655488301,-0.0144630620275547,-0.0212322201057744,-0.0227342595916208,-0.3911861867363022,1.0,0.0,1.8821880000000002,3.92
2020-10-23,16.872557697680538,16.89378485510034,16.545052983203636,16.587507298043235,27611700.0,17.433561143775236,17.48511281179475,16.957466327359736,17.012050446439222,37201500.0,1314003300.0,45.90440686282696,16.559164885926542,-0.0483843443262657,-0.1189735609008184,0.0705892165745527,16.749743429751696,17.53404455643832,15.96544230306507,0.3752074624240766,0.352388848513087,0.4023379887482374,17.113940802054255,16.928354797184014,16.749743429751696,16.94021405116628,16.916649558619266,16.907490968494415,-0.0327086525799575,-0.0344040281775321,-0.0246210843903478,-0.0252721031007148,-0.4245431483959869,0.0,0.0,1.8821880000000002,3.92
2020-10-26,16.59963710228312,16.936239169939938,16.329748957945668,16.678480829842375,24996900.0,16.872557697680538,16.89378485510034,16.545052983203636,16.587507298043235,27611700.0,1339000200.0,46.96499755532247,16.298604069222797,-0.06272486307342,-0.1077238213353387,0.0449989582619187,16.712292659161054,17.432475908946206,15.992109409375905,0.4244965760571818,0.3450219233427164,0.3694462119069501,17.044800917886914,16.936239169939935,16.712292659161054,16.852969644058312,16.873346153387104,16.885680479098983,-0.016307663442709,0.0025098614824856,-0.0130986099328094,0.0054694758045354,0.0909735317991398,0.0,0.0,1.8821880000000002,3.92
2020-10-27,16.64815631924266,16.748227204221713,15.97495218392902,15.99617934134882,40530900.0,16.59963710228312,16.936239169939938,16.329748957945668,16.678480829842375,24996900.0,1298469300.0,40.54456208598137,16.712476838595954,-0.1276741077486107,-0.1117138786179931,-0.0159602291306175,16.678177584736375,17.46325310268884,15.89310206678391,0.5229962768038718,0.450185832106772,0.4027352430856342,16.735490909769833,16.872254452574545,16.678177584736375,16.567372876488484,16.71386127847105,16.80096608502754,0.0029186449029521,-0.0111632416021136,-0.0219665267273172,-0.0417694128762953,-0.6823014884935539,0.0,0.0,1.8821880000000002,3.92
2020-10-28,15.665642175811945,15.890043554249823,15.413948737834325,15.556473937652976,41823600.0,16.64815631924266,16.748227204221713,15.97495218392902,15.99617934134882,40530900.0,1256645700.0,37.03116140050688,17.943752310037553,-0.2121815070596291,-0.1318074043063203,-0.0803741027533087,16.647398206477668,17.549045146852322,15.745751266103014,0.5822779836343374,0.6018951514593909,0.462535121024104,16.366138370665325,16.717296203410008,16.647398206477668,16.230406563543315,16.50342721650413,16.68244302337282,-0.0608295608477904,-0.0525996925860994,-0.0357491454162688,-0.0278730201794519,-0.4397054036958447,0.0,0.0,1.8821880000000002,3.92
2020-10-29,15.374526874054698,16.2205807197867,15.277488440135617,16.041666107248393,50868000.0,15.665642175811945,15.890043554249823,15.413948737834325,15.556473937652976,41823600.0,1307513700.0,42.91000291383653,18.24445569835308,-0.237268196614103,-0.1528995627678769,-0.0843686338462261,16.613737999711987,17.552304431609915,15.67517156781406,0.4625854753037676,0.6362423911060792,0.4814744205605394,16.17206150282716,16.63875572095675,16.613737999711987,16.167493078111676,16.419470651184902,16.621416650408587,-0.0187578770705569,0.0205881292161622,-0.008892460534347,0.0307125866875299,0.4851921695954164,0.0,0.0,1.8821880000000002,3.92
2020-10-30,15.8293945330504,15.929465418029451,15.371494422994724,15.40788383571438,28269600.0,15.374526874054698,16.2205807197867,15.277488440135617,16.041666107248393,50868000.0,1279244100.0,37.92867910062999,18.523680273217497,-0.3047772292180219,-0.1832750960579059,-0.121502133160116,16.5593055031855,17.635002880178998,15.483608126191998,0.4972452321098425,0.7468593092247431,0.5518211110950574,15.93613681036139,16.525038806207824,16.5593055031855,15.91428999731258,16.235545775644805,16.505842096628186,0.0291565842914556,-0.0181102855772885,0.0061343815597938,-0.0403101532586132,-0.6337822715340113,0.0,0.0,1.8821880000000002,3.92
2020-11-03,15.708096490651544,15.85971904365011,15.3320725592151,15.398786482534469,25425000.0,15.8293945330504,15.929465418029451,15.371494422994724,15.40788383571438,28269600.0,1253819100.0,37.86073762845615,18.84988028611815,-0.3549213914352407,-0.2176043551333729,-0.1373170363018678,16.522916090465845,17.69923993434716,15.346592246584532,0.3158949550380621,0.801061869910415,0.6034413994319118,15.680197940899808,16.36249942939336,16.522916090465845,15.742455492386542,16.083407722352014,16.40040822861926,-0.0076923456231559,-0.0043880638949933,-0.0025679026456559,-0.0005906093291083,-0.0090973531799143,0.0,0.0,1.8821880000000002,4.31
2020-11-04,15.620155409912376,16.44801454928455,15.614090507792431,16.405560234444952,37151400.0,15.708096490651544,15.85971904365011,15.3320725592151,15.398786482534469,25425000.0,1290970500.0,48.79275178423122,17.727848833113054,-0.3098510039437876,-0.2360536848954558,-0.0737973190483317,16.500475952622054,17.66774053972694,15.33321136551717,0.4449567840855239,0.6875800720947426,0.5987940987626132,15.762074119519031,16.248782514644432,16.500475952622054,15.963490406406011,16.14198090636891,16.400898895840754,-0.0056141856879436,0.0364222725612632,0.0182268642194478,0.0633316095759033,1.006773751910485,0.0,0.0,1.8821880000000002,4.31
2020-11-05,16.708805340442087,17.127283586718132,16.678480829842375,17.07876436975859,41479800.0,15.620155409912376,16.44801454928455,15.614090507792431,16.405560234444952,37151400.0,1332450300.0,54.550618921668935,17.472850872126823,-0.2173054872352224,-0.2323040453634091,0.0149985581281867,16.539291326189687,17.729048138702513,15.34953451367686,0.7106114105422654,0.6324972150073908,0.6103323669419977,16.066532205940156,16.21633528830274,16.539291326189687,16.335248394190206,16.31230517243976,16.465457512404356,0.0673737525813753,0.0404679495528466,0.0659455711744212,0.0402155259973513,0.6732041353136395,0.0,1.0,1.8821880000000002,4.31
2020-11-06,17.048439859158876,17.248581629116988,16.775519263761456,17.048439859158876,17655900.0,16.708805340442087,17.127283586718132,16.678480829842375,17.07876436975859,41479800.0,1314794400.0,54.25468201332976,17.42765932537382,-0.1447409494944693,-0.2147914261896212,0.0700504766951518,16.57310315550837,17.780253136215002,15.36595317480174,0.8337685449586218,0.6376674096479944,0.6192548739625069,16.267886956322254,16.219974229574706,16.57310315550837,16.572978882513098,16.446147842752325,16.520979640666692,0.0201228493195166,0.0070571923099986,0.0058013215640864,-0.0017771463714013,-0.0303245105997156,0.0,0.0,1.8821880000000002,4.31
2020-11-09,17.482080360734777,17.679189679632916,16.46620925564438,16.614799357582974,48629700.0,17.048439859158876,17.248581629116988,16.775519263761456,17.048439859158876,17655900.0,1266164700.0,50.071464342219365,18.019559638673645,-0.1208313266096858,-0.1959994062736341,0.0751680796639482,16.575529116356346,17.782809505794912,15.36824872691778,0.6837568605793737,0.6394710807102059,0.6193217722304521,16.509270060695975,16.22270343552868,16.575529116356346,16.586919040869724,16.476811754539714,16.529914851801575,0.0251176812366824,0.0246583078614612,-0.0186102798566678,-0.0257648699280612,-0.4336405015759013,-1.0,0.0,1.8821880000000002,4.31
2020-11-10,16.329748957945668,17.012050446439222,16.260002583566326,16.56324768956346,38949900.0,17.482080360734777,17.679189679632916,16.46620925564438,16.614799357582974,48629700.0,1227214800.0,49.582029249230594,18.1007924840323,-0.1048341046860166,-0.1777663459561106,0.072932241270094,16.573709645720363,17.78094890308449,15.36647038835624,0.3035784923517217,0.6313318246821976,0.6193006719214748,16.74216230210177,16.211180121500792,16.573709645720363,16.579028590434305,16.492527379089488,16.533089407778895,-0.0681878431126707,-0.0384662808277962,-0.0126020941320765,-0.0031075795047654,-0.0515516680195133,0.0,0.0,1.8821880000000002,4.31
2020-11-11,16.51169602154395,16.972628582659592,16.35097611536547,16.80584377436117,28196700.0,16.329748957945668,17.012050446439222,16.260002583566326,16.56324768956346,38949900.0,1255411500.0,51.96170688792907,18.17622298329391,-0.0717535838253624,-0.156563793529961,0.0848102097045986,16.58220050868828,17.793455567625852,15.370945449750712,0.2384054317580131,0.6522663677830258,0.6213607346617869,16.822219010085014,16.292146564802024,16.58220050868828,16.65463365174326,16.549493996411613,16.559066014120063,0.0110804457765723,-0.0023199796253825,0.0055793337962386,0.0145404233892731,0.2425960847977073,0.0,1.0,1.8821880000000002,4.31
2020-11-12,16.85133054026074,16.89378485510034,16.17206150282716,16.20238601342687,34107000.0,16.51169602154395,16.972628582659592,16.35097611536547,16.80584377436117,28196700.0,1221304500.0,46.12918565736316,17.82180623896422,-0.093157172811626,-0.143882469386294,0.050725296574668,16.53701698789471,17.734071464786695,15.339962511002726,0.3130967171073893,0.6013120129398055,0.6140759897788968,16.64694333881867,16.35673777237941,16.53701698789471,16.50388443897113,16.48638345405075,16.525096490244522,0.0203606379128604,-0.0046561688705439,-0.0110024419915411,-0.036568153465152,-0.6034577609342975,0.0,0.0,1.8821880000000002,4.31
2020-11-13,16.478339059884267,16.55718278744352,15.929465418029451,16.272132387806213,74862000.0,16.85133054026074,16.89378485510034,16.17206150282716,16.20238601342687,34107000.0,1296166500.0,46.87145291196709,16.943779412361764,-0.1033009329180494,-0.1357661620926451,0.0324652291745957,16.50927006069597,17.703868890835725,15.314671230556218,0.2504352971286419,0.5922426002946969,0.6128162695748186,16.491681844548136,16.379784400435195,16.50927006069597,16.426633755249494,16.447428714733558,16.501004670964683,-0.0223828832936283,-0.0201257812818647,-0.0151145896466404,0.0042954590277979,0.069746374379342,0.0,1.0,1.8821880000000002,4.31
2020-11-16,16.451047000344523,16.639058966062745,16.017406498768622,16.199353562366902,43898100.0,16.478339059884267,16.55718278744352,15.929465418029451,16.272132387806213,74862000.0,1252268400.0,46.15677508547101,16.290942124807355,-0.1158768229747302,-0.1317882942690621,0.0159114712943319,16.491985089654136,17.693993761733616,15.289976417574657,0.2676986239160721,0.4923959365789401,0.6166174382860842,16.40859268550492,16.458931373100448,16.491985089654136,16.350873690955297,16.402324141575985,16.47227599395537,-0.0016576115776327,0.0049328683200244,0.005505471903116,-0.0044826373156632,-0.0727788254393111,0.0,0.0,1.8821880000000002,4.31
2020-11-17,16.141736992227443,16.344911213245524,16.03256875406848,16.26606748568627,37764000.0,16.451047000344523,16.639058966062745,16.017406498768622,16.199353562366902,43898100.0,1290032400.0,46.95521222616034,15.68473607207826,-0.1190872862817009,-0.1292480926715899,0.0101608063898889,16.454079451404496,17.634180681377018,15.273978221431976,0.2575763287716505,0.3366758218998765,0.605379157610436,16.349156644729483,16.54565947341563,16.454079451404496,16.32260495586562,16.377550204141492,16.452637088405933,-0.018980845235903,-0.0178362731559325,0.0009461633783724,0.004109850731663,0.0667139233193694,0.0,0.0,1.8821880000000002,4.31
2020-11-18,16.223613170846672,16.639058966062745,16.08108797102802,16.44498209822458,49428300.0,16.141736992227443,16.344911213245524,16.03256875406848,16.26606748568627,37764000.0,1339460700.0,49.13369375859495,15.722250790670063,-0.1059730957210689,-0.1245930932814857,0.0186199975604167,16.399192087219014,17.468571926243598,15.329812248194427,0.0999467531731316,0.3350801247874946,0.5485802824977661,16.27698430950217,16.54960165979359,16.399192087219014,16.363397336651943,16.389810548520234,16.451908041721996,0.0050595067172949,0.0178362731559325,0.0030217209016796,0.0109392024394914,0.1789146125383069,0.0,0.0,1.8821880000000002,4.31
2020-11-19,16.451047000344523,16.730032497861888,16.320651604765754,16.66938347666246,41025900.0,16.223613170846672,16.639058966062745,16.08108797102802,16.44498209822458,49428300.0,1380486600.0,51.80706302975554,15.933477618137866,-0.0765898097287056,-0.1149924365709297,0.038402626842224,16.36249942939336,17.337777555310208,15.38722130347651,0.19023162746799,0.2844260202036753,0.500307122226433,16.370383802149284,16.50866357048398,16.36249942939336,16.46539271665545,16.44064199000064,16.472619987906803,0.0139213385186081,0.0054525762134556,0.0147873541497212,0.0135533210195997,0.2244013784378822,0.0,0.0,1.8821880000000002,4.31
2020-11-20,16.70274043832214,16.76945436164151,16.44498209822458,16.49653376624409,51971400.0,16.451047000344523,16.730032497861888,16.320651604765754,16.66938347666246,41025900.0,1328515200.0,49.64278664055748,16.208423032365737,-0.0664844792583316,-0.1052908451084101,0.0388063658500784,16.336723595383603,17.26823826749469,15.405208923272514,0.1877109251270633,0.2125015308482686,0.4778569441178382,16.41526407783686,16.453472961192496,16.336723595383603,16.475773066518332,16.45080413113581,16.474897490605592,0.0151836814398849,0.0023535812439496,0.0075891155542096,-0.010423428010672,-0.1728497104183688,0.0,0.0,1.8821880000000002,4.31
2020-11-23,16.56324768956346,16.675448378782402,16.253937681446384,16.31155425158584,18254100.0,16.70274043832214,16.76945436164151,16.44498209822458,16.49653376624409,51971400.0,1310261100.0,47.36245698344135,15.897978545918628,-0.0725657402670059,-0.0987458241401292,0.0261800838731233,16.32292594306073,17.24732103694064,15.398530849180824,0.1601266249617071,0.2085215310089052,0.4742046775472544,16.437704215680647,16.423148450592784,16.32292594306073,16.421033461540837,16.425485971217633,16.45934099165133,-0.0083865578148949,-0.0056215580085656,-0.0116851927762131,-0.0112765775767456,-0.1849795146582522,0.0,0.0,1.8821880000000002,4.31
2020-11-24,16.37523572384524,16.793713970121285,16.181158856007073,16.727000046801912,30574800.0,16.56324768956346,16.675448378782402,16.253937681446384,16.31155425158584,18254100.0,1340835900.0,52.625768519481966,15.875516144800631,-0.0433623258803059,-0.0876691244881646,0.0443067986078586,16.32535190390871,17.253712862375345,15.396990945442075,0.1690438476610293,0.2264085717746266,0.4762391231538951,16.529890727903776,16.439523686316633,16.32535190390871,16.52302232329453,16.480306712232956,16.4848323302371,-0.0114160694812843,0.0070671672230924,-0.0044876664693878,0.0251504766399497,0.4154457952160726,0.0,1.0,1.8821880000000002,4.31
2020-11-25,16.872557697680538,17.203094863217412,16.80584377436117,17.05147231021885,25287900.0,16.37523572384524,16.793713970121285,16.181158856007073,16.727000046801912,30574800.0,1366123800.0,56.300985654048006,16.674641682023587,0.005895826927496,-0.0689561342050325,0.0748519611325285,16.378116552352214,17.34481034586036,15.411422758844068,0.2763942319837411,0.2780097811998981,0.4959034526172175,16.651188770302632,16.464086539902397,16.378116552352214,16.69917231893597,16.584155002775844,16.538798042616314,0.0299183204909674,0.02408465359566,0.0378791378274638,0.0192123693790091,0.3244722634169363,0.0,0.0,1.8821880000000002,4.31
2020-11-26,17.069667016578677,17.315295552436353,16.94230407205988,17.291035943956587,16368300.0,16.872557697680538,17.203094863217412,16.80584377436117,17.05147231021885,25287900.0,1382492100.0,58.83988454629464,17.61772828122232,0.0635316971813217,-0.0424585679277616,0.1059902651090834,16.46484465266739,17.432354281935005,15.497335023399778,0.3991735481499288,0.3639974404930019,0.4963219675312521,16.775519263761456,16.57295153295537,16.46484465266739,16.896460193942843,16.712678810263252,16.610439747505865,0.0116145324206931,0.0065009453234887,0.0080870240362251,0.0139516611804157,0.2395636337377382,0.0,0.0,1.8821880000000002,4.31
2020-11-27,17.321360454556295,17.37291212257581,17.087861722938506,17.242516726997042,25454100.0,17.069667016578677,17.315295552436353,16.94230407205988,17.291035943956587,16368300.0,1357038000.0,58.10358544217095,18.598106694927782,0.1040935189938814,-0.013148150543433,0.1172416695373144,16.524887183654823,17.528278042390287,15.521496324919356,0.4081402006257043,0.4022310066751599,0.5147286498713606,16.924715855912048,16.669989966874454,16.524887183654823,17.011812371627578,16.80901297694212,16.670637555076453,0.0146374185553939,0.0033219717585217,0.008554677014728,-0.002809977261672,-0.0485192169595443,0.0,0.0,1.8821880000000002,4.31
2020-11-30,17.16367299943779,17.28497104183664,16.981725935839506,17.07876436975859,32119800.0,17.321360454556295,17.37291212257581,17.087861722938506,17.242516726997042,25454100.0,1324918200.0,55.575875516559215,19.13505939838644,0.1216236070844871,0.013806200982151,0.1078174061023361,16.608431210357033,17.497639560182108,15.719222860531955,0.2215599309330935,0.3836041934320615,0.4561542587069447,17.078157879546595,16.757931047613624,16.608431210357033,17.034129704337914,16.858058684726934,16.70950677552237,-0.0091453328221917,-0.0050748205859361,-0.006230549750636,-0.0095423943730668,-0.1637523572384509,1.0,0.0,1.8821880000000002,4.31
2020-12-01,17.224322020637214,17.342587611976096,17.036310054918992,17.160640548377817,23130600.0,17.16367299943779,17.28497104183664,16.981725935839506,17.07876436975859,32119800.0,1348048800.0,56.592690316271934,19.753663563426592,0.140503415625556,0.039145643910832,0.101357771714724,16.6965239136492,17.423152531992184,15.96989529530622,0.10275938183264,0.3597203662372121,0.3727526162127224,17.164885979861776,16.847388353882778,16.6965239136492,17.07629998568455,16.913073569027095,16.752471896746698,0.0035273405179685,0.0033277900926744,0.0032091309409483,0.0047825793046456,0.0818761786192254,0.0,0.0,1.8821880000000002,4.52
2020-12-02,17.224322020637214,17.87326654747108,17.209159765337358,17.87326654747108,38023800.0,17.224322020637214,17.342587611976096,17.036310054918992,17.160640548377817,23130600.0,1386072600.0,64.2603387881284,21.277261757469564,0.2105417679358261,0.0734248687158308,0.1371168992199953,16.76990922930051,17.64538635836195,15.894432100239069,0.3146860247321715,0.453515196813085,0.4491102910813489,17.329244827312223,16.990216798807428,16.76990922930051,17.341955506280062,17.08765411056236,16.859214244434735,0.0,0.0301409193823238,0.0100948346854146,0.0406876861551159,0.7126259990932624,0.0,0.0,1.8821880000000002,4.52
2020-12-03,18.15831694710839,18.32206930434684,17.782293015671943,17.84294203687137,36073200.0,17.224322020637214,17.87326654747108,17.209159765337358,17.87326654747108,38023800.0,1349999400.0,63.7443292833417,23.29615393048828,0.2605967352201261,0.1108592420166899,0.1497374932034362,16.80811811265615,17.79392849508663,15.82230773022567,0.3865274938181135,0.5096367601071228,0.5057100558172297,17.439626045895178,17.107572654828317,16.80811811265615,17.508951016477166,17.22497918807309,16.952902605619176,0.052806233824322,0.0248001986489772,0.0327614012168839,-0.0016980815763116,-0.0303245105997085,0.0,0.0,1.8821880000000002,4.52
2020-12-04,17.93694801973048,18.030954002589592,17.566988990413975,17.791390368851857,24588000.0,18.15831694710839,18.32206930434684,17.782293015671943,17.84294203687137,36073200.0,1325411400.0,62.82079772149265,24.433335135927468,0.2927314427920748,0.1472336821717669,0.1454977606203079,16.845265638140795,17.916767534126805,15.773763742154784,0.3944133663662268,0.5015685868453973,0.5496688747499231,17.549400774266143,17.237058315089094,16.845265638140795,17.603097467268732,17.327963039123773,17.03275858306991,-0.0122659691270321,-0.0160163583885744,-0.0121816724698633,-0.0028933727954685,-0.0515516680195133,0.0,0.0,1.8821880000000002,4.52
2020-12-07,17.718611543412543,17.924818215490593,17.62157310949346,17.633702913733345,20382300.0,17.93694801973048,18.030954002589592,17.566988990413975,17.791390368851857,24588000.0,1305029100.0,59.95922175807876,25.489289112406716,0.3019931808769733,0.1781855819128082,0.1238075989641651,16.896210815948315,18.014887889436544,15.777533742460085,0.2942212102426376,0.3930084651875368,0.5738692301864486,17.660388483061094,17.369273181303846,16.896210815948315,17.613299282756937,17.383552107234603,17.08999137646643,-0.0122471338580498,-0.0059037027336734,0.0031023809784813,-0.0089026439730952,-0.1576874551185128,0.0,0.0,1.8821880000000002,4.52
2020-12-08,17.727708896592457,17.82474733051154,17.44265849695515,17.48511281179475,22227000.0,17.718611543412543,17.924818215490593,17.62157310949346,17.633702913733345,20382300.0,1282802100.0,57.31005044986228,25.84940796154592,0.2939546691834067,0.2013393993669279,0.0926152698164788,16.942304072059876,18.078142205399445,15.806465938720308,0.1629275874421427,0.32206476705891,0.5826726681396044,17.72528293574448,17.445084457803127,16.942304072059876,17.570570459102875,17.4020176898819,17.12762198935484,0.0005133031167541,-0.0055984538455069,-0.0102050526742227,-0.008462186754417,-0.1485901019385949,0.0,0.0,1.8821880000000002,4.52
2020-12-09,17.52756712663435,17.636735364793317,17.072699467638646,17.090894173998475,36861300.0,17.727708896592457,17.82474733051154,17.44265849695515,17.48511281179475,22227000.0,1245940800.0,50.88632332433715,25.04645201594514,0.2528591385544629,0.2116433472044349,0.041215791350028,16.956556592041743,18.092341452371464,15.82077173171202,0.3017905898691125,0.3169115287878228,0.5826453396621772,17.568808461049958,17.449026644181092,16.956556592041743,17.410678364068076,17.345449777903095,17.12412410217804,-0.011353984004768,-0.0106038277655069,-0.0214381782671466,-0.0228040051797768,-0.3942186377962748,0.0,0.0,1.8821880000000002,4.52
2020-12-10,17.2364518248771,17.62460556055343,16.636026515002776,17.524534675574376,37740600.0,17.52756712663435,17.636735364793317,17.072699467638646,17.090894173998475,36861300.0,1283681400.0,56.64324630469487,23.31294367405238,0.2523726045571628,0.2197891986749805,0.0325834058821822,17.02266402514912,18.128689181486465,15.916638868811775,0.2602136341913395,0.3125494608659677,0.5673789336318568,17.50512698879056,17.472376517342873,17.02266402514912,17.44863046790351,17.378010668388782,17.1622584425015,-0.0167484724494317,-0.0006879945231821,-0.0259100496361872,0.0250560632992074,0.4336405015759013,0.0,1.0,1.8821880000000002,4.52
2020-12-11,17.61854065843349,17.924818215490593,17.357749867275952,17.891461253830908,27746400.0,17.2364518248771,17.62460556055343,16.636026515002776,17.524534675574376,37740600.0,1311427800.0,60.82737177567908,22.242986787460524,0.2783858721460426,0.2315085333691929,0.0468773387768496,17.103630468450355,18.215103168911394,15.992157767989315,0.2898918534782879,0.3265761920010436,0.5701734648033259,17.52514116578637,17.537270970026256,17.103630468450355,17.59624072987931,17.47136532028735,17.231706329294777,0.0219253606289653,0.016890276134196,0.0424684691787926,0.0207216935760325,0.3669265782565318,0.0,0.0,1.8821880000000002,4.52
2020-12-14,17.95514272609031,18.012759296229763,17.472983007554863,17.657962522213115,16611900.0,17.61854065843349,17.924818215490593,17.357749867275952,17.891461253830908,27746400.0,1294815900.0,57.05404497299176,21.431013160281456,0.2769674693342452,0.2406003205622034,0.0363671487720417,17.176560916442664,18.23107958554403,16.122042247341298,0.292355648456349,0.2849286813176454,0.5409566631838248,17.529993087482325,17.595190785271708,17.176560916442664,17.616814660657244,17.50529208427385,17.272302157191763,0.0189247826858194,0.0048941115323213,0.006616774968132,-0.013136758056691,-0.233498731617793,0.0,0.0,1.8821880000000002,4.52
2020-12-15,17.697384385992745,17.96120762821025,17.579118794653862,17.785325466731912,16363800.0,17.95514272609031,18.012759296229763,17.472983007554863,17.657962522213115,16611900.0,1311179700.0,58.56394105902306,20.677037649329467,0.2828598676132934,0.2490522299724214,0.0338076376408719,17.252523815494946,18.251146553770656,16.253901077219236,0.3110635617715123,0.2447114729463706,0.5122826556854385,17.590035618469756,17.65765927710712,17.252523815494946,17.6729849293488,17.55620724472077,17.32116152000511,-0.0144597228890996,-0.0028660560797253,0.0060559056952591,0.0071868892504562,0.1273629445187971,0.0,0.0,1.8821880000000002,4.52
2020-12-16,17.85203939005128,18.537373329604804,17.751968505072227,18.446399797805665,46823100.0,17.697384385992745,17.96120762821025,17.579118794653862,17.785325466731912,16363800.0,1358002800.0,65.36965248948565,21.084795391383484,0.3369882189704185,0.2666394277720209,0.0703487911983976,17.352594700474004,18.40703004345175,16.298159357496257,0.3548874767705119,0.3466875453037004,0.5409139177843267,17.861136743231196,17.714972602140577,17.352594700474004,17.93078988550109,17.71806043619075,17.428327070271827,0.0087008993855848,0.0315745737517598,0.0097846459120982,0.0364955132331292,0.6610743310737526,0.0,0.0,1.8821880000000002,4.52
2020-12-17,18.376653423426323,18.66170382306363,18.197738810888016,18.264452734207385,27858300.0,17.85203939005128,18.537373329604804,17.751968505072227,18.446399797805665,46823100.0,1330144500.0,62.33501647808891,21.66781467595853,0.3610418542028277,0.2855199130581822,0.0755219411446455,17.432348163351246,18.509071401990298,16.355624924712195,0.3330343730766392,0.3872288153781252,0.5523473670153415,18.009120354957794,17.75712367187418,17.432348163351246,18.042010835069853,17.817404490375594,17.507958085884738,0.0289632700350987,0.006684625853262,0.0248009337376817,-0.0099125212769841,-0.1819470635982796,0.0,1.0,1.8821880000000002,4.52
2020-12-18,18.340264010706665,18.52827597642489,18.152252044988444,18.285679891627183,20975400.0,18.376653423426323,18.66170382306363,18.197738810888016,18.264452734207385,27858300.0,1351119900.0,62.55342721291515,22.06993721639669,0.3774661923220748,0.3039091689109607,0.073557023411114,17.5218054696204,18.5695686988738,16.474042240367,0.3446764500839232,0.4220690644929513,0.5374911956624109,18.08796408251705,17.806552624151713,17.5218054696204,18.123233853922297,17.902545472421338,17.58202682928878,-0.0019821612039914,-0.0071755037163461,-0.0025027125768684,0.0011615366775101,0.0212271574197977,0.0,0.0,1.8821880000000002,4.52
2020-12-21,17.739838700832344,18.127992436508677,17.512404871334493,18.043083806829475,19827300.0,18.340264010706665,18.52827597642489,18.152252044988444,18.285679891627183,20975400.0,1331292600.0,58.38641620801321,20.752105343822105,0.366680260239935,0.3164633871767556,0.0502168730631794,17.608381947382586,18.519002865979648,16.697761028785525,0.2562501890140252,0.4232928278839087,0.4671386747182417,18.16498833944032,17.847490713461323,17.608381947382586,18.096517171558027,17.928097896859178,17.62593701762599,-0.0332859776334664,-0.0218407093217578,-0.03588515302265,-0.013355791181556,-0.2425960847977073,0.0,0.0,1.8821880000000002,4.52
2020-12-22,18.02792155152962,18.31297195116693,17.882363900650994,18.24019312572761,17856600.0,17.739838700832344,18.127992436508677,17.512404871334493,18.043083806829475,19827300.0,1349149200.0,60.67840613499276,19.90524048011828,0.3697748715379383,0.3271256840489921,0.0426491874889461,17.684041601328868,18.5389118760066,16.829171326651135,0.1438641572857663,0.4187911407553105,0.4385391978302225,18.255961871239464,17.92299874485461,17.684041601328868,18.144409156281224,17.984842483926165,17.684437599349955,0.0161088688989798,0.0101523714640179,0.0209054906105099,0.0108651298691042,0.1971093188981392,0.0,0.0,1.8821880000000002,4.52
2020-12-23,18.31600440222689,18.44943224886564,18.16438184922833,18.200771261947988,11626800.0,18.02792155152962,18.31297195116693,17.882363900650994,18.24019312572761,17856600.0,1337522400.0,59.9670210755796,19.390062798612806,0.3648407018369966,0.3346686876065931,0.0301720142304035,17.741506548915325,18.572751057194782,16.910262040635867,0.0968249799377479,0.3055143232782306,0.4264194353921958,18.20683616406793,18.033986453649565,17.741506548915325,18.163196524836813,18.024102261748315,17.7336122338831,0.0158534818039783,0.0074239390712822,0.0156476651089909,-0.002163602408467,-0.0394218637796264,0.0,0.0,1.8821880000000002,4.52
2020-12-28,18.24019312572761,18.613184606104088,18.13405733862861,18.516146172185007,14986500.0,18.31600440222689,18.44943224886564,18.16438184922833,18.200771261947988,11626800.0,1352508900.0,63.63962120128311,19.23038329294393,0.3819752830664278,0.34413000669856,0.0378452763678677,17.80276206032675,18.67189210688662,16.93363201376688,0.1711603061331267,0.2817916013902176,0.4458543064585948,18.257174851663457,18.133147603310626,17.80276206032675,18.28084640728621,18.11356479091862,17.80813927562614,-0.0041476625200811,0.008836581800498,-0.0016708441648178,0.0171791472945108,0.3153749102370184,0.0,0.0,1.8821880000000002,4.52
2020-12-29,18.6647362741236,18.7920992186424,18.50401636794512,18.7708720612226,13088100.0,18.24019312572761,18.613184606104088,18.13405733862861,18.516146172185007,14986500.0,1365597000.0,66.32665212167069,19.417756870209367,0.4113668317811836,0.3575773717150847,0.0537894600660988,17.879179827038023,18.804761139306148,16.953598514769897,0.2886058727315405,0.3309250360571992,0.4748131947408325,18.35421328558254,18.2210886840498,17.879179827038023,18.444188291931678,18.23307520370116,17.899828112349613,0.0230084102097745,0.0095663477824259,0.0201960183319376,0.0136631923838184,0.2547258890375907,1.0,0.0,1.8821880000000002,4.52
2020-12-30,18.76783961016263,18.8557806909018,18.67686607836349,18.77996941440251,17257800.0,18.6647362741236,18.7920992186424,18.50401636794512,18.7708720612226,13088100.0,1382854800.0,66.4220908330821,19.71052416844804,0.4304321721187101,0.3721483317958098,0.0582838403229002,17.964240079270223,18.892631793403467,17.035848365136978,0.2779568527890288,0.3082115192540047,0.476254900477968,18.501590407097147,18.33328937326873,17.964240079270223,18.556115332755287,18.33251051473777,17.983651093497507,0.0055087631208077,0.0033830076565917,0.0092978404104284,0.0004845352594191,0.0090973531799143,0.0,0.0,1.8821880000000002,4.52
2021-01-04,19.04122526084644,19.145225527331387,18.54263574799215,18.71698913592279,18725700.0,18.76783961016263,18.8557806909018,18.67686607836349,18.77996941440251,17257800.0,1364129100.0,65.04759409787971,20.49772627525473,0.4354401268392571,0.3848066908044993,0.0506334360347578,18.042057508647467,18.948622869148245,17.13549214814669,0.2457850863326844,0.2614299164961,0.4650582173120358,18.59694960913618,18.426455740187823,18.042057508647467,18.60973993381112,18.40241571858959,18.053492811823723,0.0144616332739073,0.015233829986363,-0.0072129343889342,-0.0033592237951594,-0.0629802784797206,0.0,0.0,1.8821880000000002,4.56
2021-01-05,18.551812242093764,18.94640148846311,18.24898793674054,18.668047834047524,20968500.0,19.04122526084644,19.145225527331387,18.54263574799215,18.71698913592279,18725700.0,1343160600.0,63.9403038108239,20.356217362342736,0.4304973080024687,0.3939448142440932,0.0365524937583755,18.08179657297629,19.02425011544346,17.139343030509128,0.1073189527674831,0.2724715276331508,0.4834684662086396,18.690404923556088,18.448620543812005,18.08179657297629,18.62917590055659,18.450712466854668,18.112021861559324,-0.0260388999547576,-0.010439346391553,-0.0159630925430547,-0.0026182309180455,-0.0489413018752671,0.0,0.0,1.8821880000000002,4.56
2021-01-06,18.69251848498516,18.735342124126017,18.056281560606678,18.481459120648065,42221700.0,18.551812242093764,18.94640148846311,18.24898793674054,18.668047834047524,20968500.0,1300938900.0,59.763349560675074,19.70044417510047,0.4068342071839126,0.3965226928320571,0.0103115143518555,18.11372242716513,19.06486772183092,17.16257713249933,0.1215740806124396,0.2647048698698096,0.4879272410073815,18.683467513248694,18.470321182456075,18.11372242716513,18.57993697392041,18.456302767544376,18.14720636242492,0.007555883516765,-0.0112023251202204,-0.0106159898340041,-0.0100453705978775,-0.186588713399459,-1.0,0.0,1.8821880000000002,4.56
2021-01-07,18.2918115758814,18.93110733162709,18.273458587678174,18.869930704283004,19618200.0,18.69251848498516,18.735342124126017,18.056281560606678,18.481459120648065,42221700.0,1320557100.0,64.90382593726417,19.49417483623362,0.4146476396281855,0.4001476821912828,0.0144999574369026,18.16764944393669,19.160944706950858,17.174354180922514,0.1451615237917956,0.2832506694396373,0.5095497185406357,18.703279241860777,18.528746263721654,18.16764944393669,18.676601550707943,18.5315078469514,18.21603725212569,-0.0216698579502381,0.0103947663264336,0.0119560235353657,0.0208016672630213,0.3884715836349386,0.0,0.0,1.8821880000000002,4.56
2021-01-08,18.955577982564723,19.52757944823192,18.80875407693892,19.362402554402887,30552900.0,18.2918115758814,18.93110733162709,18.273458587678174,18.869930704283004,19618200.0,1351110000.0,70.1160838286466,20.326756126144023,0.4553294492208337,0.411184035597193,0.0441454136236407,18.254084425970163,19.3427619147704,17.165406937169926,0.3335430849291094,0.3345200656379876,0.5584797679557357,18.81976586986085,18.660678138479,18.254084425970163,18.905201885272923,18.68257961194258,18.325214899961612,0.0356447360174301,0.0310213373902832,0.0288727471774143,0.0257634859285831,0.4924718501198839,0.0,1.0,1.8821880000000002,4.56
2021-01-11,18.964754476666336,19.16969617826902,18.41416483056957,18.524282759788925,28398000.0,18.955577982564723,19.52757944823192,18.80875407693892,19.362402554402887,30552900.0,1322712000.0,55.11438463006369,20.075387692739127,0.4151551631578805,0.4119782611093305,0.0031769020485499,18.306042923369876,19.340817242750884,17.27126860398886,0.3585819361855724,0.3056611104895527,0.5308280254892831,18.78122459463408,18.68908710188513,18.306042923369876,18.778228843444925,18.65379836609646,18.34417374375469,0.0004839880710751,-0.0184970889049691,-0.0212022076506026,-0.0442507200209369,-0.8381197946139629,0.0,0.0,1.8821880000000002,4.56
2021-01-12,18.496753277484085,18.928048500259887,18.227576117170116,18.90357784932225,25163100.0,18.964754476666336,19.16969617826902,18.41416483056957,18.524282759788925,28398000.0,1347875100.0,59.35285060334177,19.401831974366864,0.4092056280780802,0.4114237345030805,-0.0022181064250003,18.39667710713606,19.2988921435378,17.49446207073432,0.3554541046363241,0.2579876485993322,0.462826548136954,18.828330597689025,18.75936776062256,18.39667710713606,18.820011845404032,18.699212817592056,18.397450325237315,-0.0249870107599701,-0.0126858385317185,-0.0101845775558881,0.0202687553344516,0.3792950895333256,0.0,0.0,1.8821880000000002,4.56
2021-01-13,18.949460319830315,19.0840488999873,18.67110666541473,18.99534279033838,16824300.0,18.496753277484085,18.928048500259887,18.227576117170116,18.90357784932225,25163100.0,1364699400.0,60.3288741518036,19.065794780708508,0.4072012796142488,0.4105792435253142,-0.0033779639110654,18.47021751287426,19.31396679001031,17.626468235738212,0.3000618468438433,0.2522307530705098,0.4328342464645419,18.93110733162709,18.80728742243789,18.47021751287426,18.87845549371548,18.75305463081866,18.454392464770752,0.0241802337900303,0.0082079804178292,0.0240416122173141,0.0048426244757879,0.0917649410161303,0.0,0.0,1.8821880000000002,4.56
2021-01-14,19.0840488999873,19.27063761338676,18.84546005334537,18.91581317479107,16540800.0,18.949460319830315,19.0840488999873,18.67110666541473,18.99534279033838,16824300.0,1348158600.0,59.0064628254257,19.08999919410087,0.394646207872551,0.4073926363947616,-0.0127464285222105,18.52143510892227,19.3424949187993,17.700375299045238,0.2984203155808502,0.2540634529014321,0.4211947953504937,18.940283825728702,18.82178153379474,18.52143510892227,18.89090805407401,18.7826470933591,18.498337294296498,0.0070773980475431,0.009729720268838,0.0092948080502779,-0.0041955846602665,-0.0795296155473117,0.0,0.0,1.8821880000000002,4.56
2021-01-15,18.539576916624945,18.775106931899675,18.23063494853732,18.24898793674054,38144100.0,19.0840488999873,19.27063761338676,18.84546005334537,18.91581317479107,16540800.0,1310014500.0,49.257066740471714,17.737040231420544,0.3271181844370154,0.3913377460032124,-0.0642195615661969,18.55098637964864,19.28336238397665,17.81861037532063,0.3193689488174453,0.3125316448756289,0.3757009630135814,18.71760090219623,18.768683386028545,18.55098637964864,18.67693468162952,18.68561815579209,18.474589736434027,-0.0289451101595012,-0.0260506771999424,-0.0331686209551751,-0.0358886251925643,-0.666825238050528,0.0,0.0,1.8821880000000002,4.56
2021-01-18,18.37745885416312,18.796518751470103,18.328517552287853,18.579341724398603,18715200.0,18.539576916624945,18.775106931899675,18.23063494853732,18.24898793674054,38144100.0,1328729700.0,53.36777117855144,16.503162188909897,0.2968367795136686,0.3724375527053037,-0.0756007731916351,18.59068719253197,19.23332509364157,17.948049291422365,0.3118988217434176,0.318043943466737,0.3296662873839477,18.72861269511817,18.754918644876124,18.59068719253197,18.644403695885885,18.666295168266,18.484566116240178,-0.0087828885073144,0.0011397868204534,0.0053547651376595,0.0179406805310007,0.330353787658062,1.0,0.0,1.8821880000000002,4.56
2021-01-19,18.65887133994591,18.842401221978168,18.34075287775667,18.51204743432011,16444800.0,18.37745885416312,18.796518751470103,18.328517552287853,18.579341724398603,18715200.0,1312284900.0,52.435906032167765,15.45617925535418,0.2643610712681621,0.3508222564178754,-0.0864611851497133,18.593969574357697,19.23429249888852,17.953646649826876,0.3060849530131459,0.3264921003730877,0.3284787294562391,18.65030661211774,18.73931860490338,18.593969574357697,18.600284942030623,18.638250125730384,18.487183384628743,0.015196856717432,0.0024380345274304,0.000667334025433,-0.0036285706974474,-0.0672942900784931,0.0,0.0,1.8821880000000002,4.56
2021-01-20,18.60687120670344,18.768989269165264,18.200046634865277,18.408047167835164,19237500.0,18.65887133994591,18.842401221978168,18.34075287775667,18.51204743432011,16444800.0,1293047400.0,50.95508540128482,14.539441530712894,0.2276081609713998,0.3261794373285803,-0.0985712763571804,18.60114929603909,19.229643061105147,17.972655530973025,0.247693579985902,0.333680509930868,0.3224104986891351,18.532847487617097,18.731977409622093,18.60114929603909,18.536205683965477,18.596395042476708,18.479646602076976,-0.002790775840697,-0.0039037134804735,-0.0077013606828129,-0.0056338177182562,-0.1040002664849453,1.0,0.0,1.8821880000000002,4.56
2021-01-21,18.35298820322549,18.62828302627387,17.759574917987862,17.79322206302711,25270500.0,18.60687120670344,18.768989269165264,18.200046634865277,18.408047167835164,19237500.0,1267776900.0,43.18981099671813,14.584226514069114,0.1471734432787421,0.2903782385186126,-0.1432047952398705,18.57652640460908,19.28590948824013,17.867143320978034,0.3137472424460077,0.4407549689398969,0.3639058435704329,18.30832926526431,18.624306545496506,18.57652640460908,18.28854447698602,18.45036359166769,18.41427283645318,-0.0137385261105134,-0.0075249823431491,-0.0244993539551003,-0.0339703132792292,-0.6148251048080553,-1.0,0.0,1.8821880000000002,4.56
2021-01-22,17.53628022818195,17.985928439160976,17.37722099708733,17.90028116087926,30703800.0,18.35298820322549,18.62828302627387,17.759574917987862,17.79322206302711,25270500.0,1298480700.0,44.76820386638603,15.277114911497994,0.0910179264732313,0.2505061761095364,-0.159488249636305,18.56938627231157,19.302577760459965,17.836194784163172,0.3648328068049919,0.4101533082036482,0.3761192973866759,18.238587910092047,18.47809440614414,18.56938627231157,18.1591233716171,18.35034860425161,18.36532124830328,-0.0455205153018094,-0.0350913198112703,-0.021764592027448,0.0059988182292536,0.1070590978521508,0.0,0.0,1.8821880000000002,4.56
2021-01-26,17.85133985900399,18.23063494853732,17.68004530244055,18.08686987427872,29911800.0,17.53628022818195,17.985928439160976,17.37722099708733,17.90028116087926,30703800.0,1328392500.0,47.50566396279528,15.308217262932208,0.0608687673500867,0.2125786943576464,-0.1517099270075597,18.561720109739124,19.311537065683343,17.8119031537949,0.3125745524988031,0.4276319670455794,0.3846479824125795,18.140093540068072,18.434353117593123,18.561720109739124,18.135038872504307,18.302443380620176,18.33880206982475,0.0178066767342937,0.0135137191667231,0.017276409109296,0.0103698336808149,0.186588713399459,0.0,0.0,1.8821880000000002,4.56
2021-01-27,18.037928572403448,18.31934105818624,17.979810776426568,18.053222729239472,18610200.0,17.85133985900399,18.23063494853732,17.68004530244055,18.08686987427872,29911800.0,1309782300.0,47.0527753419519,15.12038914122424,0.0338698673803854,0.1768369289621942,-0.1429670615818088,18.5543426831037,19.320935707319983,17.78774965888742,0.233401060304785,0.4080577347751832,0.393253923852698,18.048328599051946,18.349317605584844,18.5543426831037,18.10776682474936,18.25713053491459,18.311604037388054,0.0103981163578277,0.0048539722050668,0.0168128853124396,-0.001862040317945,-0.0336471450392465,0.0,0.0,1.8821880000000002,4.56
2021-01-28,18.04710506650506,18.695577316352363,18.01651675283302,18.646636014477096,17397300.0,18.037928572403448,18.31934105818624,17.979810776426568,18.053222729239472,18610200.0,1327179600.0,55.17001451967474,14.08517353230829,0.0596687136067828,0.153403285891112,-0.0937345722843291,18.560867175218306,19.32826955070432,17.79346479973229,0.3298081286454631,0.3586223779294424,0.3936691122936874,18.09604636838033,18.314446927998716,18.560867175218306,18.287389887991942,18.327949713016864,18.34351184472987,0.0005086038933068,0.0203295985818936,0.0020394296667696,0.0323415418635972,0.5934132852376237,0.0,0.0,1.8821880000000002,4.56
2021-01-29,18.5059297715857,18.64357718310989,18.06239922334108,18.392753010999144,29666100.0,18.04710506650506,18.695577316352363,18.01651675283302,18.646636014477096,17397300.0,1297513500.0,51.530131402130046,13.123901895457765,0.058948724320313,0.1345123735769522,-0.0755636492566391,18.541961222707133,19.306362118672887,17.77756032674138,0.2998076079874901,0.2933752575958844,0.392129385787679,18.215952557974735,18.26214091161952,18.541961222707133,18.322510928994344,18.339732130831823,18.348201479612666,0.0251059211310762,-0.0027852889309842,0.0025434519858302,-0.0137090263269135,-0.2538830034779522,0.0,0.0,1.8821880000000002,4.56
2021-02-01,18.475341457913657,18.970872139400747,18.35298820322549,18.811812908306123,25735200.0,18.5059297715857,18.64357718310989,18.06239922334108,18.392753010999144,29666100.0,1323248700.0,56.61784462203404,12.841710871311696,0.091142129373118,0.1258383247361853,-0.0346961953630673,18.543553397402317,19.31006040732036,17.777046387484265,0.3349483199197173,0.3407362101646868,0.3932097994487192,18.39825890746011,18.31842340877608,18.543553397402317,18.48561158876494,18.425564999463514,18.39235494901204,-0.0016542600960263,0.0174030577450223,0.0159600195787295,0.022528289760995,0.4190598973069797,0.0,0.0,1.8821880000000002,5.2
2021-02-02,18.964754476666336,19.47863814635665,18.928048500259887,19.230872805613103,34737600.0,18.475341457913657,18.970872139400747,18.35298820322549,18.811812908306123,25735200.0,1357986300.0,61.02375319675663,13.487612948945925,0.1487555054318754,0.1304217608753233,0.018333744556552,18.569247580886827,19.389831418587267,17.748663743186388,0.4425199826278321,0.4430884967586589,0.4209506267758052,18.62705949372699,18.383576516897527,18.569247580886827,18.734031994380995,18.57198460058162,18.47221379249785,0.026145280104322,0.0264136278638247,0.0308524634827649,0.0220319275824971,0.4190598973069797,0.0,0.0,1.8821880000000002,5.2
2021-02-03,19.288990601589987,19.607109063779227,19.056519417682463,19.27063761338676,30576900.0,18.964754476666336,19.47863814635665,18.928048500259887,19.230872805613103,34737600.0,1388563200.0,61.424110516273934,14.292331482753337,0.1953710923609151,0.1434116271724417,0.0519594651884733,18.599377069853787,19.474685008699694,17.724069131007877,0.3780807135713303,0.524909881148105,0.4490234983320897,18.870542470556444,18.4594355348042,18.599377069853787,18.912900534049584,18.699012421091645,18.54825415639204,0.0169522690718233,0.0065738223904965,0.0067644000885418,0.0020656239965632,0.0397648077736576,0.0,0.0,1.8821880000000002,5.2
2021-02-04,19.24004929971472,19.25228462518353,18.87604836701741,19.166637346901812,15868500.0,19.288990601589987,19.607109063779227,19.056519417682463,19.27063761338676,30576900.0,1372694700.0,59.696998521578806,14.570466297687656,0.2213705071029821,0.1590034031585498,0.0623671039444323,18.63363598116648,19.54085437362978,17.726417588703175,0.3725714365989799,0.5695730547952389,0.4653932156404213,18.97454273704139,18.53529455271086,18.63363598116648,18.997479471666995,18.78403513487531,18.607147793583444,-0.0025404904105199,-0.0182624722903632,-0.0095154334604319,-0.005411440867487,-0.1040002664849453,0.0,0.0,1.8821880000000002,5.2
2021-02-05,19.163578515534613,19.561226593271165,19.11769604502655,19.438873338582997,17325300.0,19.24004929971472,19.25228462518353,18.87604836701741,19.166637346901812,15868500.0,1390020000.0,62.65696636480886,15.345709325567253,0.2609345093614692,0.1793896243991337,0.0815448849623355,18.66208311288148,19.63075367377085,17.693412551992097,0.2310237951600381,0.5690818543933377,0.4969175128873436,19.18376680255816,18.69985968026645,18.66208311288148,19.144610760639,18.903096626458524,18.68635975025007,-0.0039824823643175,0.0159196363885909,0.0127205644093804,0.0141037121114173,0.2722359916811783,0.0,0.0,1.8821880000000002,5.2
2021-02-08,19.206402154675477,19.389932036707727,18.96781330803354,19.044284092213648,20215800.0,19.163578515534613,19.561226593271165,19.11769604502655,19.438873338582997,17325300.0,1369804200.0,56.21276719792744,15.669792601476882,0.2574811295475001,0.195007925428807,0.0624732041186931,18.64617718977201,19.578076709924165,17.714277669619864,0.1447283079488232,0.5014551613041811,0.4780543669973247,19.230261039339663,18.81425997339989,18.64617718977201,19.111168537830547,18.928767074777635,18.720447782818027,0.0022321437839409,-0.008795407728777,-0.0078708943805692,-0.0205078326220009,-0.3945892463693461,0.0,0.0,1.8821880000000002,5.2
2021-02-09,18.955577982564723,19.093225394088915,18.683341990883545,18.95863681393193,15924600.0,19.206402154675477,19.389932036707727,18.96781330803354,19.044284092213648,20215800.0,1353879600.0,54.89308240217662,15.261536705953931,0.2450089706901757,0.2050081344810807,0.0400008362090949,18.66789489247916,19.607631363065547,17.728158421892775,0.1889060553714214,0.4319035470079819,0.4820746377432693,19.17581384100343,18.90143666736521,18.66789489247916,19.06032462986434,18.93419793644205,18.74313245244792,-0.013145428152002,-0.0154203834534416,-0.0151111820113549,-0.0045074126538597,-0.0856472782817192,0.0,0.0,1.8821880000000002,5.2
2021-02-10,19.06569591178408,19.19416682920665,18.359105865959897,18.41416483056957,33051000.0,18.955577982564723,19.093225394088915,18.683341990883545,18.95863681393193,15924600.0,1320828600.0,47.29208831779688,14.185145493057863,0.1890115487452455,0.2018088173339137,-0.0127972685886681,18.64342424154153,19.5828261154778,17.704022367605262,0.3765469866990306,0.3626760267350403,0.4819029932834205,19.004519284439997,18.93753087749822,18.64342424154153,18.84493803009942,18.839646462647053,18.71180220274522,0.0057924538467428,0.0052728411692601,-0.0175066403382104,-0.0291394000448268,-0.5444719833623566,0.0,0.0,1.8821880000000002,5.2
2021-02-11,18.51510626568731,18.64357718310989,18.135811176153982,18.392753010999144,44347800.0,19.06569591178408,19.19416682920665,18.359105865959897,18.41416483056957,33051000.0,1276480800.0,47.01637064846018,13.642289956618496,0.1412768815720007,0.1897024301815311,-0.0484255486095304,18.613294752574568,19.54423117172477,17.682358333424364,0.4459111029231829,0.3929267033521296,0.4775603066078904,18.849742417259456,18.912142577150423,18.613294752574568,18.69420969039933,18.75839310780198,18.68141656543607,-0.0293037409171632,-0.0291047220846127,-0.012237182292945,-0.0011634672632983,-0.021411819570428,0.0,0.0,1.8821880000000002,5.2
2021-02-12,18.38357651689753,18.438635481507205,18.077693380177102,18.264282093576565,30015600.0,18.51510626568731,18.64357718310989,18.135811176153982,18.392753010999144,44347800.0,1246465200.0,45.309497349105705,13.255895061030609,0.0920195405840722,0.1701658522620393,-0.0781463116779671,18.580718198513843,19.512628160406308,17.648808236621377,0.3588531999365658,0.4133642132217537,0.478059723497085,18.61482416825817,18.899295485408167,18.580718198513843,18.550900491458407,18.66855474157917,18.64168947287802,-0.0071292683624339,-0.011053482168986,-0.0032097333072238,-0.0070093744925761,-0.1284709174225788,0.0,1.0,1.8821880000000002,5.2
2021-02-17,18.108281693849147,18.3621646973271,18.019575584200226,18.120517019317965,25609500.0,18.38357651689753,18.438635481507205,18.077693380177102,18.264282093576565,30015600.0,1220855700.0,43.4102659537106,13.019281695102435,0.0409105120562749,0.1443147842208865,-0.1034042721646115,18.574294652642717,19.516971246740397,17.631618058545033,0.3179375279182702,0.4817656705965586,0.4835828892807911,18.43007075367904,18.83016589650935,18.574294652642717,18.407439334078266,18.568911519349864,18.5920540011104,-0.015088299651202,-0.0041559364945427,-0.0032200688784564,-0.0079025211593029,-0.1437650742585994,0.0,0.0,1.8821880000000002,5.2
2021-02-18,17.9308694745513,18.17557598392764,17.710633616112595,17.817692713964743,41404800.0,18.108281693849147,18.3621646973271,18.019575584200226,18.120517019317965,25609500.0,1179450900.0,39.64101207422132,13.419801509853164,-0.0237553154173966,0.1107007642932298,-0.1344560797106265,18.53621220212102,19.53487244116343,17.537551963078613,0.2447504761272961,0.5531436997857081,0.5123018931728478,18.2018819336856,18.688847887344515,18.53621220212102,18.21085712737376,18.432326282007114,18.51830530709653,-0.0098456066072132,-0.0102135672292904,-0.0172934709546463,-0.0168528969537882,-0.3028243053532229,0.0,0.0,1.8821880000000002,5.2
2021-02-19,17.738163098417434,18.0746345488099,17.624986337830876,17.774869074823883,26199600.0,17.9308694745513,18.17557598392764,17.710633616112595,17.817692713964743,41404800.0,1153251300.0,39.12366734829982,13.954348934812264,-0.0775648401739097,0.0730476433998019,-0.1506124835737117,18.49935328414621,19.551826484756603,17.446880083535817,0.2716373146858891,0.5799288467683377,0.5399073599880191,18.07402278253646,18.539271033488227,18.49935328414621,18.0655277765238,18.3127886079738,18.447501856403896,-0.0108053533943972,-0.0055691646768782,-0.0048476549225671,-0.0024063263587961,-0.0428236391408596,0.0,0.0,1.8821880000000002,5.2
2021-02-22,17.144749813179807,17.251808911031958,16.49627756333251,17.129455656343787,88692300.0,17.738163098417434,18.0746345488099,17.624986337830876,17.774869074823883,26199600.0,1064559000.0,32.28495183214497,16.05659405313597,-0.1703253406433873,0.0243730465911641,-0.1946983872345514,18.43542370857164,19.64579902896903,17.22504838817425,0.4377731658665151,0.6836045956073017,0.6209094383129262,17.82136331160539,18.335552864432422,18.43542370857164,17.7535037364638,18.097637162222885,18.32197364687436,-0.0340264323701804,-0.0465925468535699,-0.0661828203072465,-0.0369860753518649,-0.6454134184800964,0.0,0.0,1.8821880000000002,5.2
2021-02-23,17.040749546694865,17.221220597359913,16.81439602552175,16.9214551233739,62933100.0,17.144749813179807,17.251808911031958,16.49627756333251,17.129455656343787,88692300.0,1001625900.0,30.43837419092243,18.008678805865127,-0.2576525520100219,-0.032032073129073,-0.2256204788809488,18.39183536158898,19.74584578434852,17.037824938829445,0.5048767731965981,0.6955776251735897,0.6945926911244764,17.552797917564856,18.083811042911517,18.39183536158898,17.476154198767166,17.883785882432157,18.188590930350507,-0.0060844854854447,-0.0017746233583686,0.0191006725234328,-0.0122171839385916,-0.208000532969887,0.0,0.0,1.8821880000000002,5.2
2021-02-24,17.0682790289997,17.178396958219054,16.588042504348635,16.9214551233739,35056200.0,17.040749546694865,17.221220597359913,16.81439602552175,16.9214551233739,62933100.0,1036682100.0,30.43837419092243,20.072086655292924,-0.3231350959353349,-0.0902526776903254,-0.2328824182450095,18.342894059713714,19.8287748501421,16.85701326928533,0.4495389537276181,0.6938120635648544,0.7622407623793508,17.312985538376044,17.871528146027536,18.342894059713714,17.29125450696941,17.70881665351247,18.06791132968607,0.0016142053545409,-0.002489775428089,-0.0135533210195992,0.0,0.0,0.0,0.0,1.8821880000000002,5.2
2021-02-25,17.013220064390026,17.38333865982174,16.774631217748095,16.927572786108307,42072900.0,17.0682790289997,17.178396958219054,16.588042504348635,16.9214551233739,35056200.0,1078755000.0,30.57382484896605,21.38987236225355,-0.3702686134258108,-0.1462558648374225,-0.2240127485883883,18.284929205305197,19.89176435888385,16.678094051726536,0.3686773803071239,0.6350066467813652,0.8242890414705636,17.134961552804754,17.668421743245176,18.284929205305197,17.170027266682375,17.56677231398444,17.95930765886914,-0.0032310205814463,0.0118595955914746,0.011185593841144,0.0003614675622225,0.0061176627344075,0.0,0.0,1.8821880000000002,5.2
2021-02-26,16.85721966466261,17.337456189313677,16.719572253138416,16.89392564106906,51826500.0,17.013220064390026,17.38333865982174,16.774631217748095,16.927572786108307,42072900.0,1026928500.0,30.225224114326736,22.68479355719782,-0.4056611003696204,-0.1981369119438621,-0.2075241884257583,18.226964350896672,19.94298303329005,16.510945668503293,0.0963021940494045,0.6183939515455629,0.8802990099546477,16.95877286605379,17.516397824295126,18.226964350896672,17.07799339147794,17.444436555272553,17.85784270479294,-0.0092116609106747,-0.0026429404865502,-0.0032876741941918,-0.0019896904456837,-0.0336471450392465,0.0,0.0,1.8821880000000002,5.2
2021-03-01,16.811337194154547,17.089690848570132,16.536042371106163,16.85721966466261,29587500.0,16.85721966466261,17.337456189313677,16.719572253138416,16.89392564106906,51826500.0,997341000.0,29.8257005294209,24.125031453168425,-0.4316954503623549,-0.2448486196275607,-0.1868468307347942,18.137493533405948,19.941022088667573,16.333964978144323,0.0293870766375283,0.5649415781865904,0.9251906275329196,16.904325667717554,17.362844489661473,18.137493533405948,17.004402149206165,17.337669847888925,17.762545272399574,-0.0027255399810499,-0.0143938513514223,-0.01103763965162,-0.002175096017952,-0.0367059764064521,0.0,0.0,1.8821880000000002,6.1
2021-03-02,16.49627756333251,17.24569124829755,15.875334795790046,17.132514487710992,93555000.0,16.811337194154547,17.089690848570132,16.536042371106163,16.85721966466261,29587500.0,1090896000.0,36.59498054134686,26.180386973779743,-0.4252122862632035,-0.2809213529546893,-0.1442909333085142,18.07448160724154,19.925372834344103,16.223590380138976,0.1076126263005954,0.4696101510299423,0.9494871655357788,16.946537540584973,17.249667729074915,18.07448160724154,17.04710626204111,17.30036887331112,17.702542340524474,-0.0189187385649582,0.0090869222149092,-0.0407757506764587,0.0161990583265967,0.2752948230483838,0.0,0.0,1.8821880000000002,6.1
2021-03-03,16.973455256616372,17.28851488743841,16.113923642431978,17.104985005406153,71751900.0,16.49627756333251,17.24569124829755,15.875334795790046,17.132514487710992,93555000.0,1019144100.0,36.21872557476689,27.95648007011097,-0.4174832441897464,-0.3082337312017007,-0.1092495129880457,17.98914021209654,19.853521868934056,16.124758555259024,0.126552101219821,0.3565618728662085,0.9564076099699722,16.983243516991422,17.148114527683735,17.98914021209654,17.066399176496123,17.26484453369203,17.64563211813225,0.0285159149886742,0.0024800721303601,0.0149170867032375,-0.001608148296186,-0.027529482304839,0.0,0.0,1.8821880000000002,6.1
2021-03-04,17.306867875641633,17.527103734080338,16.66451328852874,16.900043303803468,72894900.0,16.973455256616372,17.28851488743841,16.113923642431978,17.104985005406153,71751900.0,946249200.0,33.460615334573674,28.873890872260883,-0.4230187088561692,-0.3311907267325944,-0.0918279821235747,17.872598737006058,19.703018838801697,16.04217863521042,0.1301280215891957,0.2735006933190291,0.9389856998319152,16.977737620530455,17.056349586667608,17.872598737006058,17.010947218931907,17.198517037348655,17.57462365962475,0.0194527415356109,0.0137060659043668,0.0335977849661768,-0.0120537575276928,-0.2049417016026851,0.0,0.0,1.8821880000000002,6.1
2021-03-05,17.364985671618516,17.52098607134593,16.918396292006694,17.33439735794647,38237700.0,17.306867875641633,17.527103734080338,16.66451328852874,16.900043303803468,72894900.0,984486900.0,43.31336325766044,29.725772331400087,-0.3878855590893266,-0.3425296932039409,-0.0453558658853857,17.775786724234045,19.50204773888381,16.04952570958428,0.1930750253978535,0.1545108547534639,0.8855532155396063,17.06583196390594,17.012302414979864,17.775786724234045,17.118763931936762,17.22322255018462,17.551744964226817,0.003352451309214,-0.0003491010683034,0.0151200621653293,0.0253766297836657,0.4343540541430037,0.0,0.0,1.8821880000000002,6.1
2021-03-08,16.82357251962336,17.11722033087497,16.361688983175522,16.416747947785197,56966400.0,17.364985671618516,17.52098607134593,16.918396292006694,17.33439735794647,38237700.0,927520500.0,32.39844756094122,31.172606449901576,-0.4291420407482356,-0.3598521627127998,-0.0692898780354357,17.638292254278216,19.33736916892603,15.939215339630405,0.3493206849170135,0.2368842783065657,0.8716080664781459,16.977737620530455,16.941031644124003,17.638292254278216,16.88475860388624,17.076590804293815,17.443650010279995,-0.031674831950164,-0.0233143728551099,-0.0334590034634278,-0.0543907839927904,-0.9176494101612748,0.0,0.0,1.8821880000000002,6.1
2021-03-09,16.211806246182512,16.802160700052934,16.12310013653359,16.386159634113156,53174100.0,16.82357251962336,17.11722033087497,16.361688983175522,16.416747947785197,56966400.0,874346400.0,32.107995077385354,32.75474828360096,-0.4590150808508682,-0.3796847463404135,-0.0793303345104546,17.485656569054722,19.05371923481129,15.917593903298158,0.4191358030355597,0.2951220148846027,0.804399174889587,16.82846664981089,16.887502095197934,17.485656569054722,16.718558947295215,16.951057864260967,17.34293664112125,-0.0370412716803492,-0.0185775024427514,-0.0146895296760432,-0.001864976295868,-0.030588313672041,0.0,0.0,1.8821880000000002,6.1
2021-03-10,16.44733626145724,17.0682790289997,16.236276897120145,17.019337727124434,45711300.0,16.211806246182512,16.802160700052934,16.12310013653359,16.386159634113156,53174100.0,920057700.0,43.416294673935546,33.41042717172564,-0.4266790099121351,-0.3890835990547578,-0.0375954108573773,17.38440925080026,18.78991383891189,15.978904662688636,0.4065715070757424,0.2979826166326877,0.7210086405794439,16.811337194154547,16.897290355572984,17.38440925080026,16.81881854057162,16.963472384781596,17.312117696931075,0.014423777269465,0.0157142220327362,0.0069950185968914,0.0379131571623729,0.6331780930112778,0.0,0.0,1.8821880000000002,6.1
2021-03-11,17.10804383677336,17.251808911031958,16.68592510809917,17.120279162242173,45894600.0,16.44733626145724,17.0682790289997,16.236276897120145,17.019337727124434,45711300.0,965952300.0,44.989384259216926,33.489230992656296,-0.3884297343249621,-0.3889528261087986,0.0005230917838365,17.292491368215774,18.50078024728369,16.08420248914786,0.429847984917847,0.3062744168765657,0.6198391164944592,16.855384365842287,16.916560993186373,17.292491368215774,16.919305414461803,16.991982707956247,17.293847360294038,0.0393852180119096,0.0106952891167479,0.0273175028150727,0.0059134658480259,0.1009414351177397,1.0,0.0,1.8821880000000002,6.1
2021-03-12,17.089690848570132,17.089690848570132,16.780748880482502,16.80827836278734,25968900.0,17.10804383677336,17.251808911031958,16.68592510809917,17.120279162242173,45894600.0,939983400.0,41.17867868857462,33.56240596923477,-0.3789247561510649,-0.3869472121172519,0.008022455966187,17.212197044826663,18.320996159860844,16.103397929792482,0.3378174248234802,0.3081693959047482,0.5688019444181236,16.75016056681046,16.9079962653582,17.212197044826663,16.882296397236985,16.958581917925535,17.247602693864827,-0.0010733453624389,-0.0094415950329556,0.0056667732303776,-0.0183921520536376,-0.3120007994548324,0.0,0.0,1.8821880000000002,6.1
2021-03-15,16.731807578607235,16.884749146967447,16.477924575129283,16.517689382902937,31132800.0,17.089690848570132,17.089690848570132,16.780748880482502,16.80827836278734,25968900.0,908850600.0,37.954174041243526,34.055771161327975,-0.3903404923742499,-0.3876258681686516,-0.0027146242055983,17.118443863421852,18.124427234083388,16.112460492760317,0.3151680076621156,0.3321560053885746,0.516058580428195,16.770348853834008,16.87404323718223,17.118443863421852,16.760760725792302,16.878419638830515,17.178087140439885,-0.021163854043122,-0.0120646101880077,-0.0182107488170149,-0.0174396342853562,-0.2905889798844043,0.0,0.0,1.8821880000000002,6.1
2021-03-16,16.471806912394875,16.536042371106163,15.905923109462089,16.04357052098628,52788600.0,16.731807578607235,16.884749146967447,16.477924575129283,16.517689382902937,31132800.0,856062000.0,33.36369955505188,35.177753040909195,-0.4326575682305034,-0.396632208181022,-0.0360253600494813,17.00740828479234,17.972378975373182,16.0424375942115,0.4342969665664877,0.4078733675992329,0.4950195194663033,16.701831031208634,16.76514884050976,17.00740828479234,16.521697324190296,16.72662889013156,17.070037938587163,-0.0156613058255379,-0.0208684124347482,-0.0353300181110149,-0.0291237117219682,-0.4741188619166578,0.0,0.0,1.8821880000000002,6.1
2021-03-17,15.95792324270456,16.318865344034663,15.814158168445962,16.272982873526598,61018800.0,16.471806912394875,16.536042371106163,15.905923109462089,16.04357052098628,52788600.0,917080800.0,37.31445106783404,36.31383866971923,-0.442580701325717,-0.405821906809961,-0.0367587945157559,16.915031577502766,17.78515141720792,16.044911737797612,0.4260711641185893,0.4156336690070612,0.4463620596286471,16.552560060489064,16.681948627321805,16.915031577502766,16.438792507302395,16.644147796203384,16.994127932390917,-0.0316947865680963,-0.013220563100539,-0.0057859370670438,0.0141980615052927,0.2294123525403186,0.0,0.0,1.8821880000000002,6.1
2021-03-18,16.334159500870683,16.945925774311533,16.25462988532337,16.380041971378745,76659900.0,15.95792324270456,16.318865344034663,15.814158168445962,16.272982873526598,61018800.0,993740700.0,39.12819706458564,35.62081691767806,-0.4367712541918713,-0.4120117762863431,-0.0247594779055281,16.84314904037347,17.63733005824554,16.0489680225014,0.284611068126705,0.4178389274630416,0.4074062659868485,16.404512622316382,16.629948494079333,16.84314904037347,16.419208995327846,16.596128555326175,16.935643555151664,0.0233031289318477,0.0377056160054758,0.0274721588172837,0.0065574005461588,0.1070590978521472,0.0,0.0,2.6155079999999997,6.1
2021-03-19,16.578866010247022,17.230397091461526,16.551336527942183,17.03769071532766,35834100.0,16.334159500870683,16.945925774311533,16.25462988532337,16.380041971378745,76659900.0,1029574800.0,48.90775301035733,34.314122376911584,-0.374780234792599,-0.4045654679875943,0.0297852331949953,16.806290122398657,17.483961147270428,16.128619097526887,0.3712733356950871,0.370061009645496,0.3476379006768988,16.450395092824444,16.60027782981745,16.806290122398657,16.62536956866112,16.676412584417353,16.945362332311284,0.0148701624794513,0.0166476591533841,0.0180890713229766,0.0393643500394804,0.6576487439489149,0.0,0.0,2.6155079999999997,6.1
2021-03-22,16.912278629272286,17.089690848570132,16.75016056681046,16.86333732739702,31227000.0,16.578866010247022,17.230397091461526,16.551336527942183,17.03769071532766,35834100.0,998347800.0,46.76276800898614,33.10076316048557,-0.3358493048441318,-0.3908222353589018,0.05497293051477,16.79298420595132,17.455021601084223,16.13094681081842,0.4163753794662539,0.3723915549836728,0.3396180178386014,16.51952468172326,16.644936767778635,16.79298420595132,16.70469215490642,16.710398901322748,16.937550427081355,0.0199111519042411,-0.0081996894355649,0.0119409887656041,-0.0102861143316457,-0.1743533879306404,0.0,0.0,2.6155079999999997,6.1
2021-03-23,16.701219264935194,16.945925774311533,16.487101069230896,16.603336661184656,31923600.0,16.912278629272286,17.089690848570132,16.75016056681046,16.86333732739702,31227000.0,966424200.0,43.68584887871904,32.40462312098767,-0.322261315381855,-0.3771100513634925,0.0548487359816375,16.777078282841856,17.441287438091184,16.11286912759253,0.3206627063358653,0.3618052898483387,0.3407321072712883,16.631477909762935,16.666654470485785,16.777078282841856,16.6709069903325,16.690933039479457,16.905720544615004,-0.012558177598982,-0.0084479697178192,-0.0158295225052964,-0.0155381976349242,-0.2600006662123633,0.0,0.0,2.6155079999999997,6.1
2021-03-24,16.517689382902937,16.90616096653788,16.39839495958197,16.44121859872283,37480200.0,16.701219264935194,16.945925774311533,16.487101069230896,16.603336661184656,31923600.0,928944000.0,41.83733990813831,31.89942238971748,-0.3208754560806532,-0.3658631323069247,0.0449876762262714,16.753066456609304,17.429275700695655,16.076857212522953,0.2798738767389135,0.3449865198593633,0.3468880229562313,16.665125054802182,16.608842557645623,16.753066456609304,16.594344193129277,16.645530413887343,16.861482264053844,-0.0110498361865851,-0.0023493279080666,-0.0053948600755053,-0.0098121679588962,-0.1621180624618254,1.0,0.0,2.6155079999999997,6.1
2021-03-25,16.355191813462334,16.83494410665723,16.1776211594876,16.70410257214953,26043300.0,16.517689382902937,16.90616096653788,16.39839495958197,16.44121859872283,37480200.0,954987300.0,45.83938312973995,31.77519486893468,-0.2951621672256657,-0.3517229392906729,0.0565607720650072,16.741892945911367,17.413568874474986,16.070217017347748,0.2305218944772123,0.298389764567905,0.3445624811614841,16.72993717495634,16.567224898636358,16.741892945911367,16.630930319469364,16.65617989720774,16.846493721967718,-0.0098865014021662,-0.0042213771886436,-0.0135545844186886,0.0158628413645711,0.2628839734266996,0.0,0.0,2.6155079999999997,6.1
2021-03-26,16.651142903420226,17.208777062393512,16.629335981002274,16.86921212759972,22703400.0,16.355191813462334,16.83494410665723,16.1776211594876,16.70410257214953,26043300.0,977690700.0,48.24794546462148,30.679167276322307,-0.2584816240443857,-0.3330746762414154,0.0745930521970297,16.740657270237897,17.411300015788832,16.07001452468696,0.1813626472372543,0.3044204486302831,0.3440324694591059,16.696241457410753,16.573318275117597,16.740657270237897,16.71035758884615,16.69491303000628,16.848657379646955,0.0179334678734761,0.0219628154490933,0.0275394861201507,0.0098358406391865,0.16510955545019,0.0,0.0,2.6155079999999997,6.1
2021-03-29,16.693681007634392,16.880934860776676,16.625021261482225,16.743615368472334,25755300.0,16.651142903420226,17.208777062393512,16.629335981002274,16.86921212759972,22703400.0,951935400.0,46.55203143009865,29.66924333980848,-0.2368167618920686,-0.3138230933715461,0.0770063314794774,16.73497705542838,17.40349558509618,16.06645852576058,0.1604884944822094,0.3081934019696886,0.3429427697034792,16.672297065625816,16.595910873674537,16.73497705542838,16.721443515388213,16.70376800063647,16.838653378582705,0.0025514081227977,-0.0192346776070619,-0.0002594979967769,-0.0074731793195987,-0.1255967591273865,0.0,0.0,2.6155079999999997,6.1
2021-03-30,16.631263056586967,16.974561787347817,16.525152539806342,16.66559292966305,45859200.0,16.693681007634392,16.880934860776676,16.625021261482225,16.743615368472334,25755300.0,906076200.0,45.48249625191185,28.91987696600322,-0.2233681127388038,-0.2957320972449977,0.0723639845061938,16.71163097752599,17.355131169028652,16.068130786023325,0.1561573460568021,0.2394282757803179,0.3301086330221929,16.684748319321493,16.65811311454221,16.71163097752599,16.702826653479825,16.6968270786413,16.822171431066547,-0.0037460242344673,0.0055309875515336,-0.0060252488814924,-0.0046707231105584,-0.0780224388092847,0.0,0.0,2.6155079999999997,6.1
2021-03-31,16.671834724767795,17.152452947832984,16.625021261482225,17.061946918814215,35449200.0,16.631263056586967,16.974561787347817,16.525152539806342,16.66559292966305,45859200.0,941525400.0,51.5697517053797,27.7374141342898,-0.1786679342079331,-0.2723192646375848,0.0936513304296516,16.70947907319639,17.347971631641055,16.070986514751727,0.1608196164043367,0.2281430120780952,0.3275397714658454,16.80889398333977,16.737009519070973,16.70947907319639,16.82253340859129,16.76321250412728,16.84500719180442,0.0024365113731237,0.0104253344792244,0.0060252488814924,0.023504366940759,0.3963539891511658,0.0,0.0,2.6155079999999997,6.1
2021-04-01,17.16493653804247,17.17117833314721,16.63750485169171,16.68431831497728,24217500.0,16.671834724767795,17.152452947832984,16.625021261482225,17.061946918814215,35449200.0,917307900.0,46.26895017753436,26.587737485782725,-0.1717345441071174,-0.2522023205314913,0.0804677764243739,16.69869282375508,17.331204516955,16.06618113055516,0.1642493302909476,0.1927967349875266,0.3244716523319222,16.80493713190532,16.76743715343083,16.69869282375508,16.776461710719957,16.74886810610001,16.829703489249454,0.029147977550656,0.0010911075823343,0.0007506099057619,-0.0223814021961348,-0.3776286038369356,0.0,0.0,2.6155079999999997,6.76
2021-04-05,16.933990119166985,17.161815640490097,16.89341845098616,17.05570512370947,19517100.0,17.16493653804247,17.17117833314721,16.63750485169171,16.68431831497728,24217500.0,936825000.0,51.54415086355107,25.520180597883297,-0.1347190139115177,-0.2287056592074966,0.0939866452959788,16.684758212043228,17.271240823827952,16.098275600258503,0.1998178877919084,0.1956653072855571,0.3008592317827451,16.842235731127268,16.76923859426901,16.684758212043228,16.86954284838313,16.804656654756272,16.85122745443612,-0.0135458780016852,-0.0005454049767048,0.0152646299742169,0.0220155039117742,0.3713868087321899,0.0,0.0,2.6155079999999997,6.76
2021-04-06,17.052584226157098,17.30849782545155,16.91838563140513,17.1836619233567,17774400.0,16.933990119166985,17.161815640490097,16.89341845098616,17.05570512370947,19517100.0,954599400.0,53.24725935078866,24.08821387410719,-0.0939756029441163,-0.2017596479548205,0.1077840450107042,16.723103910821806,17.334246582993785,16.111961238649826,0.2386558337038259,0.2350403160959862,0.3135095758419627,16.93024504210414,16.80127105386498,16.723103910821806,16.974249206707654,16.87356670359271,16.882887880047605,0.006978908031749,0.0085106896679083,0.0014768324633598,0.0074742850919142,0.1279567996472295,0.0,0.0,2.6155079999999997,6.76
2021-04-07,17.227354489089898,17.317860518108667,17.02761704573813,17.105639484547414,24492600.0,17.052584226157098,17.30849782545155,16.91838563140513,17.1836619233567,17774400.0,930106800.0,52.04603375102874,22.730021522144007,-0.067207192285565,-0.1748491568209695,0.1076419645354044,16.759077903343517,17.37135174494503,16.146804061742003,0.1935333973574227,0.2416211122280873,0.3140898535155846,17.018254353081012,16.851501336201252,16.759077903343517,17.018045965987575,16.915761754675383,16.904102318571397,0.010196738020515,0.0005407841501781,0.0064356202629602,-0.0045508406564365,-0.0780224388092847,0.0,0.0,2.6155079999999997,6.76
2021-04-08,17.180541025804324,17.72669809746931,17.16493653804247,17.414608342232174,38593500.0,17.227354489089898,17.317860518108667,17.02761704573813,17.105639484547414,24492600.0,968700300.0,56.254647850771214,21.877868177449116,-0.0208218084809601,-0.1440436871529676,0.1232218786720074,16.778841434098904,17.44645948703398,16.11122338116383,0.2646384949667616,0.2537355738998169,0.3424808348863135,17.088786637764606,16.94884031055219,16.778841434098904,17.150233424735777,17.006461134231163,16.952721939872422,-0.0027210901143606,0.0233335013892954,0.008032171697264,0.0179012103292399,0.3089688576847607,0.0,0.0,2.6155079999999997,6.76
2021-04-09,17.383399366708463,17.389641161813206,17.130606664966383,17.25856346461361,15419400.0,17.180541025804324,17.72669809746931,17.16493653804247,17.414608342232174,38593500.0,953280900.0,53.69169182684352,20.97992304095177,0.0033092775785057,-0.1145730942066729,0.1178823717851786,16.785755649217478,17.470031426952083,16.101479871482873,0.1409008343600805,0.2548910130050179,0.3510260674059691,17.203635667691874,17.004286399798595,16.785755649217478,17.186343438028388,17.052297921573427,16.981849704133488,0.0117382837645494,-0.0191971768155005,-0.002002002670673,-0.0090009608589758,-0.1560448776185659,0.0,0.0,2.6155079999999997,6.76
2021-04-12,17.29289333768969,17.55504873208889,17.224233591537523,17.44893821530826,20162400.0,17.383399366708463,17.389641161813206,17.130606664966383,17.25856346461361,15419400.0,973443300.0,56.30709234267155,20.56951624769422,0.0373642763690718,-0.084185620091524,0.1215498964605958,16.817788641843524,17.560748706851076,16.074828576835973,0.1472885107976644,0.2849145682764709,0.381130471580763,17.28228228601163,17.062259008569452,16.817788641843524,17.273875030455013,17.124414338616123,17.026334324245372,-0.0052200640539803,0.0094668921729246,0.0054505948896119,0.0109703465102648,0.1903747506946516,0.0,0.0,2.6155079999999997,6.76
2021-04-13,17.35843218628949,17.455180010413002,17.133727562518754,17.25856346461361,20371500.0,17.29289333768969,17.55504873208889,17.224233591537523,17.44893821530826,20162400.0,953071800.0,53.07871441627724,19.883177494479074,0.0484331497094672,-0.0576618661313257,0.1060950158407929,16.854832345929058,17.608055612949393,16.101609078908723,0.1382842905338188,0.2668897643559986,0.386395383124859,17.297262594263014,17.113753818183575,16.854832345929058,17.268771175174546,17.148805088797484,17.048451385232823,0.0037827659265605,-0.005705132251033,-0.005268428935925,-0.0109703465102648,-0.1903747506946516,0.0,0.0,2.6155079999999997,6.76
2021-04-14,17.314739620556292,17.452059112860635,17.108760382099785,17.193024616013812,31416000.0,17.35843218628949,17.455180010413002,17.133727562518754,17.25856346461361,20371500.0,921655800.0,51.97392145959874,19.159494095871526,0.0513252289373191,-0.0358644471175967,0.0871896760549159,16.912305050680434,17.579671887886295,16.244938213474573,0.1108028516396287,0.2156871643722427,0.3423519639363759,17.314739620556292,17.166496986818654,16.912305050680434,17.24352232212097,17.156845002836814,17.062220264354824,-0.0025202533591879,-0.0001788109079416,-0.001458257640845,-0.0038046970436638,-0.0655388485997967,0.0,0.0,2.6155079999999997,6.76
2021-04-15,17.196145513566183,17.277288849927835,16.877813963224302,16.9215065289575,32943600.0,17.314739620556292,17.452059112860635,17.108760382099785,17.193024616013812,31416000.0,888712200.0,47.557559108754766,17.862074423770274,0.0313466375821462,-0.0224222301776481,0.0537688677597944,16.94473123345198,17.5442669123619,16.34519555454206,0.1904847177820886,0.2274998982386646,0.3075553139321267,17.216119257901358,17.152452947832984,16.94473123345198,17.136183724399814,17.11405618940421,17.048818956221744,-0.0068728792877621,-0.0100647866161405,-0.0135906591399312,-0.0159183674141059,-0.271518087056311,0.0,0.0,2.6155079999999997,6.76
2021-04-16,17.002649865319157,17.411487444679803,16.955836402033587,17.25856346461361,31755900.0,17.196145513566183,17.277288849927835,16.877813963224302,16.9215065289575,32943600.0,920468100.0,52.90718100290256,16.931632019367708,0.0422244011871875,-0.009492903904681,0.0517173050918685,16.988657308113723,17.543317899347898,16.433996716879548,0.1904847177820886,0.1580926210210829,0.2845348796805075,17.216119257901358,17.209877462796616,16.988657308113723,17.176976971137748,17.14033023944228,17.068794623687637,-0.0113160543176116,0.0077373305480228,0.004612128828723,0.0197230644577697,0.3370569356561077,0.0,0.0,2.6155079999999997,6.76
2021-04-19,17.296014235242065,17.339706800975264,16.9651990946907,16.996408070214414,25261800.0,17.002649865319157,17.411487444679803,16.955836402033587,17.25856346461361,31755900.0,895206300.0,48.74244290413309,16.06764978670818,0.0293529947582982,-0.0017237241720851,0.0310767189303834,16.986593175858058,17.540815593988537,16.43237075772758,0.1567237565408542,0.1654582689133877,0.2843101016210784,17.12561322888259,17.20394775744711,16.986593175858058,17.11678733749664,17.11416257230994,17.061900666213997,0.0171068775935752,-0.0041311239712942,0.0005520287195115,-0.0153064212826756,-0.2621553943991941,0.0,0.0,2.6155079999999997,6.76
2021-04-20,16.87469306567193,16.971440889795446,16.70616459784388,16.765461651338935,27095400.0,17.296014235242065,17.339706800975264,16.9651990946907,16.996408070214414,25261800.0,868110900.0,45.35526578441527,15.431668156556972,0.0005109763096093,-0.0012767840757462,0.0017877603853556,16.981699392055155,17.54188518415454,16.42151359995577,0.201030381679226,0.2162193721920018,0.2873692479198218,17.02699286622765,17.162127730245334,16.981699392055155,16.99967877544407,17.050762404860667,17.03366837908304,-0.0246610360409187,-0.0214670786818178,-0.015386344877653,-0.0136811155905767,-0.2309464188754795,0.0,0.0,2.6155079999999997,6.76
2021-04-22,16.837242295043477,17.0088916604239,16.674955622320166,16.728010880710478,28120500.0,16.87469306567193,16.971440889795446,16.70616459784388,16.765461651338935,27095400.0,839990400.0,44.8114475094696,14.707084343896526,-0.0250793956454487,-0.0060373063896867,-0.0190420892557619,16.987933103031448,17.533728473106326,16.44213773295657,0.2122669241514977,0.2564205601707196,0.2799871171825646,16.933990119166985,17.12436486986164,16.987933103031448,16.909122810532875,16.99208030956063,17.004558141142795,-0.0022218116897696,0.0022042624648732,-0.0018698584356098,-0.0022363035782806,-0.0374507706284568,1.0,0.0,2.6155079999999997,6.76
2021-04-23,16.759219856234193,17.115002177204527,16.70616459784388,16.82163780728162,25342200.0,16.837242295043477,17.0088916604239,16.674955622320166,16.728010880710478,28120500.0,865332600.0,46.53729225454517,13.660322619476435,-0.0373742126285456,-0.0123046876374585,-0.0250695249910871,17.006954063459386,17.499089078964474,16.514819047954298,0.2183468788433789,0.2503341164517409,0.2524599361056551,16.91401637483181,17.065067816366586,17.006954063459386,16.879961142782456,16.96109076369172,16.987137156965538,-0.0046446901893246,0.0062191530249156,0.0018698584356098,0.0055814098381952,0.0936269265711402,0.0,0.0,2.6155079999999997,6.76
2021-04-26,16.799791524415017,16.815396012176876,16.353503174425914,16.553240617777682,41482800.0,16.759219856234193,17.115002177204527,16.70616459784388,16.82163780728162,25342200.0,823849800.0,42.44005993681443,13.778828982562128,-0.0679915890557474,-0.0234420679211163,-0.0445495211346311,16.999410965740793,17.513994927008703,16.484827004472884,0.1601966168101576,0.28650829195583,0.2639760022955504,16.772951805464626,16.994535531682992,16.999410965740793,16.771054301114198,16.88693619170735,16.945813677042885,0.0024179310580465,-0.0176605031519505,-0.0213356530782937,-0.0160841320373443,-0.2683971895039363,0.0,0.0,2.6155079999999997,6.76
2021-04-27,16.57508690064428,16.674955622320166,16.397195740159113,16.497064461835,52968600.0,16.799791524415017,16.815396012176876,16.353503174425914,16.553240617777682,41482800.0,770881200.0,41.61423101192698,13.88887060542741,-0.0956860179094611,-0.0378908579187853,-0.0577951599906758,16.98080358245256,17.538021465196326,16.42358569970879,0.1405027939427469,0.2767213428763802,0.285846742544915,16.673083083788743,16.89934815633567,16.98080358245256,16.6797243546878,16.81605042263965,16.903075656546896,-0.0134656981385581,-0.008386965572483,0.0026681929303973,-0.0033994367014638,-0.0561761559426834,0.0,0.0,2.6155079999999997,6.76
2021-04-28,16.565724207987166,16.768582548891306,16.468976383863655,16.693681007634392,27311700.0,16.57508690064428,16.674955622320166,16.397195740159113,16.497064461835,52968600.0,798192900.0,45.60388055258967,13.618993579547253,-0.1006089825269818,-0.0504344828404246,-0.0501744996865572,16.978306864410662,17.540181458309817,16.416432270511507,0.1321212728754031,0.2517773341142651,0.2882355849635856,16.658726955047833,16.842859910637745,16.978306864410662,16.684376572336667,16.793801438093237,16.883133309031418,-0.0005650249703008,0.00559911877105,0.0043680631601827,0.0118478113670152,0.1966165457993938,0.0,0.0,2.6155079999999997,6.76
2021-04-29,16.759219856234193,16.815396012176876,16.337898686664058,16.337898686664058,27466500.0,16.565724207987166,16.768582548891306,16.468976383863655,16.693681007634392,27311700.0,770726400.0,40.24484119384326,13.77776537124275,-0.1317009606662402,-0.0666877784055877,-0.0650131822606525,16.96192215226071,17.576003376471537,16.34784092804988,0.1854165133119317,0.2645274434585511,0.3150170212311304,16.58070451623855,16.75734731770277,16.96192215226071,16.56888394377913,16.710910028742475,16.83120620213929,0.0116127920508124,0.002787846801433,-0.0079909101010304,-0.0215427832266126,-0.3557823209703343,0.0,0.0,2.6155079999999997,6.76
2021-04-30,16.34101958421643,16.468976383863655,16.04141341918878,16.08822688247435,40378800.0,16.759219856234193,16.815396012176876,16.337898686664058,16.337898686664058,27466500.0,730347600.0,36.96227383675969,14.733299462378968,-0.1744767460307521,-0.0882455719306206,-0.0862311741001315,16.913236150443716,17.63315429644447,16.19331800444296,0.2315297959954595,0.3301702134018901,0.369310216535027,16.434022331277095,16.674019353054454,16.913236150443716,16.408664923344205,16.597694911239177,16.760446266933105,-0.0252700604731201,-0.0208165041245869,-0.0183137648554265,-0.0153997268535768,-0.2496718041897097,0.0,0.0,2.6155079999999997,6.76
2021-05-03,16.23178816988343,16.34726137932117,16.010204443665064,16.075743292264864,33846900.0,16.34101958421643,16.468976383863655,16.04141341918878,16.08822688247435,40378800.0,696500700.0,36.8006469640739,15.698682981119054,-0.206998040950932,-0.1119960657346828,-0.0950019752162491,16.8828073993081,17.68553816599121,16.080076632624987,0.265976651475176,0.3086615188383856,0.4117921945847955,16.338522866174532,16.55573733581958,16.8828073993081,16.29769104631776,16.50279461688021,16.695236459821842,-0.006706933256718,-0.0074180083380106,-0.0019474202843956,-0.0007762468854752,-0.0124835902094844,0.0,1.0,2.6155079999999997,8.06
2021-05-04,16.08822688247435,16.138161243312293,15.713719176189787,15.7449281517135,26880600.0,16.23178816988343,16.34726137932117,16.010204443665064,16.075743292264864,33846900.0,669620100.0,32.717746185764085,17.27738374211263,-0.2565085477164146,-0.1408985621310292,-0.1156099855853853,16.8172685507083,17.75544253930378,15.87909456211282,0.3525094885959206,0.3596368596147684,0.4812731013941738,16.188095604150234,16.430589343969487,16.8172685507083,16.113436748116342,16.365000714122623,16.604730906668667,-0.0088837973220119,-0.0128736526714354,-0.0186921330121521,-0.0207932167778759,-0.3308151405513637,0.0,0.0,2.6155079999999997,8.06
2021-05-05,15.854159566046496,16.172491116388375,15.801104307656184,16.075743292264864,24895800.0,16.08822688247435,16.138161243312293,15.713719176189787,15.7449281517135,26880600.0,694515900.0,39.898696869282766,18.58259541579955,-0.2659858446799532,-0.165916018640814,-0.1000698260391391,16.761872619153706,17.737074504418356,15.786670733889055,0.2107657443437679,0.3543778827161131,0.500268011597081,16.064508061076328,16.36161750806208,16.761872619153706,16.100872262832517,16.31240845560303,16.554351133868305,-0.0146558558785327,0.0021249887258334,0.0055456668172464,0.0207932167778759,0.3308151405513637,0.0,0.0,2.6155079999999997,8.06
2021-05-06,16.072622394712493,16.085105984921977,15.641938532485243,15.785499819894326,64113000.0,15.854159566046496,16.172491116388375,15.801104307656184,16.075743292264864,24895800.0,630402900.0,36.24378640664387,20.14161470495256,-0.2935332250578142,-0.1914394599242141,-0.1020937651336001,16.695865635921052,17.744968427243244,15.64676284459886,0.1730339987124159,0.3710477553793088,0.5381783765043389,15.95402828772238,16.267366401980468,16.695865635921052,15.995748115186457,16.216606885474175,16.481127199204117,0.0136854530852543,-0.0054179699097445,-0.0101241559539504,-0.0182197223356745,-0.2902434723705376,1.0,1.0,3.3437880000000004,8.06
2021-05-07,16.057017906950637,16.715527290500994,16.04453431674115,16.656230237005936,57393600.0,16.072622394712493,16.085105984921977,15.641938532485243,15.785499819894326,64113000.0,687796500.0,50.80363823340471,19.149039189156756,-0.242310846210394,-0.2016137371814501,-0.0406971090289439,16.65794673065974,17.653869052253896,15.662024409065587,0.3641139284049878,0.3464663292882012,0.5108973711569956,16.0676289586287,16.250825644952897,16.65794673065974,16.215908822459618,16.296538403934495,16.497803678994767,-0.0009713453896318,0.0384443155987526,0.0254125760395456,0.053692549104034,0.8707304171116093,0.0,0.0,3.3437880000000004,8.06
2021-05-10,16.47833907652077,16.721769085605736,16.369107662187773,16.62190036392985,27489300.0,16.057017906950637,16.715527290500994,16.04453431674115,16.656230237005936,57393600.0,660307200.0,50.31575977976962,18.207724425019755,-0.2021565410202157,-0.2017222979492032,-0.0004342430710125,16.626113575625553,17.583150485834125,15.669076665416982,0.4409674733957975,0.3537294118351237,0.4909495760102282,16.176860372961695,16.257691619568114,16.626113575625553,16.35123933628303,16.35569512393365,16.509622410893346,0.0259007284321568,0.0003733432934911,0.0200276287748932,-0.0020632099600672,-0.0343298730760857,0.0,0.0,3.3437880000000004,8.06
2021-05-11,16.325415096454574,16.515789847149225,16.278601633169,16.39407484260674,39229800.0,16.47833907652077,16.721769085605736,16.369107662187773,16.62190036392985,27489300.0,621077400.0,47.08423701736993,17.59449493967267,-0.1865669527172748,-0.1986912289028175,0.0121242761855427,16.573370406990477,17.45663288063084,15.690107933350117,0.3722054698629412,0.3474287794193865,0.4531040885820974,16.306689711140343,16.247392657645285,16.573370406990477,16.365517838390936,16.362673254601486,16.498617880580337,-0.0093236333296959,-0.0123945248697081,-0.0055444172239091,-0.013801145419916,-0.2278255213231084,0.0,0.0,3.3437880000000004,8.06
2021-05-12,16.23178816988343,16.39095394505437,16.01644623876981,16.038292521636407,32086500.0,16.325415096454574,16.515789847149225,16.278601633169,16.39407484260674,39229800.0,588990900.0,42.49435902071293,17.72263766014139,-0.2006082643782214,-0.1990746359978983,-0.001533628380323,16.512356859841617,17.365952635976054,15.658761083707182,0.3783410954686394,0.314104897500582,0.4378853938726282,16.299199557014653,16.18185380904549,16.512356859841617,16.256442732806093,16.303694939516927,16.454777370204724,-0.0057515495975386,-0.0075872898121591,-0.0162353778709616,-0.0219408339617319,-0.3557823209703343,0.0,0.0,3.3437880000000004,8.06
2021-05-13,16.20057919435972,16.447130100997057,16.103831370236207,16.22866727233106,37675200.0,16.23178816988343,16.39095394505437,16.01644623876981,16.038292521636407,32086500.0,626666100.0,45.55287146693362,17.634149808155417,-0.1941365681668152,-0.1980870224316817,0.0039504542648665,16.464138992657478,17.265862221537173,15.662415763777783,0.2619044879183066,0.3099471865461269,0.4112753385971882,16.387833047502,16.17093066761219,16.464138992657478,16.24718424598108,16.290053545483133,16.433243075169138,-0.0019245579458431,0.0034214061127211,0.0054411327400814,0.0118001175772892,0.1903747506946516,0.0,0.0,3.3437880000000004,8.06
2021-05-14,16.444009203444683,16.87157216811956,16.29420612093086,16.693681007634392,38353200.0,16.20057919435972,16.447130100997057,16.103831370236207,16.22866727233106,37675200.0,665019300.0,52.23548428081068,16.5720848201489,-0.1497586555762247,-0.1884213490605903,0.0386626934843656,16.452747716591325,17.234375496112577,15.671119937070076,0.2718461212278026,0.3487080692723124,0.4009665905885953,16.39532320162769,16.231476080128196,16.452747716591325,16.396016499865517,16.36344035678336,16.458046687784876,0.0149142343820565,0.0254790853009847,0.0117523749349439,0.0282510019617312,0.4650137353033337,0.0,0.0,3.3437880000000004,8.06
2021-05-17,16.852846782805333,16.852846782805333,16.35662407197829,16.497064461835,21648900.0,16.444009203444683,16.87157216811956,16.29420612093086,16.693681007634392,38353200.0,643370400.0,49.47071756363845,15.58588161699999,-0.1289674951707127,-0.1765305782826148,0.0475630831119021,16.41467276645239,17.104359774621056,15.724985758283726,0.2507481443439333,0.3532246991285006,0.3538019700477135,16.37035602120872,16.273608197085206,16.41467276645239,16.429699153855346,16.38773564861093,16.46176266626584,0.0245583623430798,-0.0011104942840272,0.0038233653916139,-0.0118478113670152,-0.1966165457993938,-1.0,-1.0,3.3437880000000004,8.06
2021-05-18,16.45025099854943,16.571966003091912,16.24427176009292,16.27235983806426,17434800.0,16.852846782805333,16.852846782805333,16.35662407197829,16.497064461835,21648900.0,625935600.0,46.44513030069047,14.629494920746373,-0.129133564610548,-0.1670511755482014,0.0379176109376534,16.378470354844886,17.016273703848718,15.740667005841052,0.2537598710020534,0.3010333577527612,0.3271862144826726,16.346013020300227,16.32635136572028,16.378470354844886,16.37725271525832,16.366758228511536,16.443724301675214,-0.0241788556971584,-0.0168071183163811,-0.0068926177530967,-0.0137145006707872,-0.2247046237707373,0.0,1.0,3.3437880000000004,8.06
2021-05-19,16.057017906950637,16.291085223378488,15.991479058350835,16.094468677579094,22637800.0,16.45025099854943,16.571966003091912,16.24427176009292,16.27235983806426,17434800.0,603297800.0,44.14340069847229,14.473114746711683,-0.141982816266097,-0.1620375036917806,0.0200546874256836,16.34492070615689,16.968194108539567,15.721647303774214,0.2374488300043372,0.2993548345826678,0.3197325091375432,16.357248251488762,16.328223904251708,16.34492070615689,16.282991369365245,16.31725103743291,16.410461861285107,-0.0241947285870569,-0.0170944333593001,-0.0156843180324446,-0.0109923004424881,-0.1778911604851671,-1.0,1.0,3.3437880000000004,8.06
2021-05-20,16.188095604150234,16.25363445275003,16.047655214293524,16.17873291149312,18423300.0,16.057017906950637,16.291085223378488,15.991479058350835,16.094468677579094,22637800.0,621721100.0,45.5206718553174,14.32790458510805,-0.1437099227920768,-0.1583719875118398,0.014662064719763,16.317456807696026,16.91880922641083,15.716104388981224,0.2451345333770108,0.2401052435064694,0.3084872817877173,16.347261379321175,16.367547213411587,16.317456807696026,16.24823855007454,16.292065923625675,16.388392437495394,0.00813012608325,-0.002301496988279,0.0035067248092102,0.0052219439811516,0.0842642339140269,0.0,-1.0,3.3437880000000004,8.06
2021-05-21,16.234909067435805,16.291085223378488,15.879126746465472,16.188095604150234,20390200.0,16.188095604150234,16.25363445275003,16.047655214293524,16.17873291149312,18423300.0,642111300.0,45.68093711961174,14.661598952346507,-0.1426784675472809,-0.1552332835189281,0.0125548159716471,16.285779697539457,16.842662218714786,15.728897176364129,0.1537592459640137,0.222562036330628,0.2856747056902455,16.246144298624344,16.320733750126017,16.285779697539457,16.228190901433106,16.273162229175593,16.36931654860538,0.0028876716571968,0.002301496988279,-0.0105572828058768,0.0005785363192893,0.0093626926571133,0.0,0.0,3.3437880000000004,8.06
2021-05-24,16.24427176009292,16.412800227920975,16.122556755550434,16.337898686664058,25040100.0,16.234909067435805,16.291085223378488,15.879126746465472,16.188095604150234,20390200.0,667151400.0,48.30147521606484,14.5034634299039,-0.1282942784507135,-0.1498454825052851,0.0215512040545716,16.275012600983775,16.81897089897377,15.73105430299378,0.0934863806918007,0.1964496968827805,0.2790447190874099,16.21431114359015,16.292333582399436,16.275012600983775,16.264760163176756,16.284932494173496,16.366324371277635,0.0005765350404725,0.0074434927126603,0.0152138686358274,0.009211348953237,0.1498030825138236,0.0,0.0,3.3437880000000004,8.06
2021-05-25,16.3659867646354,16.478339076520772,15.748049049265871,15.925940209751042,58016100.0,16.24427176009292,16.412800227920975,16.122556755550434,16.337898686664058,25040100.0,609135300.0,42.263138449473175,15.321527707613498,-0.1484253560524422,-0.1495614572147166,0.0011361011622743,16.246456388379578,16.800656444245394,15.69225633251376,0.1506200901908136,0.22343534155252,0.2842986300213551,16.14502721792751,16.24552011911387,16.246456388379578,16.15182017870152,16.219661169733048,16.324383022560816,0.0074648638345209,0.0039852031109628,-0.0235028444547826,-0.0255382422406658,-0.411958476913016,0.0,1.0,3.3437880000000004,8.06
2021-05-26,16.08510598492198,16.22554637477869,15.8978521317797,16.010204443665067,21780200.0,16.3659867646354,16.478339076520772,15.748049049265871,15.925940209751042,58016100.0,630915500.0,43.8104820325993,16.08115882262955,-0.1557841776099131,-0.1508060012937559,-0.0049781763161572,16.212282560181112,16.735376551782498,15.689188568579723,0.1619772889254752,0.2264855802708109,0.2683415557444179,16.128174371144706,16.242711311316732,16.212282560181112,16.10461493368937,16.181578128629777,16.294461253142174,-0.0173114536712799,-0.0154597983165913,0.0094675263383994,0.005277057100844,0.0842642339140251,0.0,0.0,3.3437880000000004,8.06
2021-05-27,16.075743292264868,16.08510598492198,15.71996097129453,15.822950590522783,39785600.0,16.08510598492198,16.22554637477869,15.8978521317797,16.010204443665067,21780200.0,591129900.0,41.16998054379411,17.200853143178996,-0.1747119471422458,-0.1555871904634539,-0.0191247566787919,16.18653515537405,16.732553106457495,15.640517204290605,0.2062981742421279,0.2627213749575181,0.2801012988307528,16.057017906950637,16.202139643135904,16.18653515537405,16.01072681930051,16.116373121701233,16.24955547574985,-0.0005822416467249,-0.0086931871714055,-0.011252709793752,-0.0117648415795867,-0.1872538531422822,0.0,0.0,3.3437880000000004,8.06
2021-05-28,15.879126746465472,16.337898686664058,15.841675975837015,16.300447916035605,26740200.0,16.075743292264868,16.08510598492198,15.71996097129453,15.822950590522783,39785600.0,617870100.0,49.52437462471355,17.233070308422086,-0.1494594221236234,-0.1543616367954878,0.0049022146718644,16.19714620705211,16.743358203751843,15.650934210352377,0.2290130700447606,0.2037948491364037,0.2802008421315671,16.07948836932771,16.162816333976025,16.19714620705211,16.10730051821221,16.149841266125666,16.254402374824686,-0.0123060445456273,0.0155937320923267,0.0077128830886281,0.0297311318510704,0.4774973255128198,0.0,0.0,3.3437880000000004,8.06
2021-05-31,16.25363445275003,16.506427154492112,16.19745829680735,16.468976383863655,19606200.0,15.879126746465472,16.337898686664058,15.841675975837015,16.300447916035605,26740200.0,637476300.0,52.10933474622601,16.66318831877374,-0.1145275726427073,-0.1463948239649317,0.0318672513222244,16.21680786163205,16.77235427567568,15.661261447588416,0.2698502797043017,0.1988087679623369,0.2849892971936513,16.10570390876763,16.160007526178894,16.21680786163205,16.227859140096026,16.207865832987117,16.274837994733158,0.0233110788684469,0.0102623477613428,0.0222101473256559,0.0102858049693685,0.1685284678280503,0.0,0.0,3.3437880000000004,8.06
2021-06-01,16.571966003091912,16.81539601217688,16.431525613235202,16.478339076520772,50220200.0,16.25363445275003,16.506427154492112,16.19745829680735,16.468976383863655,19606200.0,687696500.0,52.25562202358479,15.775779548221731,-0.0851072755138702,-0.1341373142747194,0.0490300387608491,16.253478407872414,16.775396529282418,15.731560286462411,0.2901679569605178,0.2211569390621076,0.267738347063807,16.216183682121574,16.180605450024544,16.253478407872414,16.311352452237607,16.257042786356873,16.2942190501415,0.0193959303475792,0.0185450664642745,0.0143474484081416,0.0005683432946397,0.0093626926571168,0.0,1.0,3.3437880000000004,8.35
2021-06-02,16.141282140864664,16.188095604150234,15.560795196123593,15.916577517093929,127914400.0,16.571966003091912,16.81539601217688,16.431525613235202,16.478339076520772,50220200.0,559782100.0,43.64182681198794,16.376176558224202,-0.1059001896206126,-0.128489889343898,0.0225896997232853,16.245520119113866,16.782667841620206,15.708372396607524,0.3091815729301232,0.2355419765751379,0.275550967581675,16.197458296807348,16.16281633397603,16.245520119113866,16.179760807189716,16.195140010127247,16.258253189851256,-0.026332374344236,-0.0380187631788544,-0.0544471604845728,-0.0346855579878901,-0.561761559426845,0.0,1.0,3.3437880000000004,8.35
2021-06-04,15.925940209751042,16.281722530721375,15.916577517093929,16.08510598492198,44631500.0,16.141282140864664,16.188095604150234,15.560795196123593,15.916577517093929,127914400.0,604413600.0,46.49146996718401,16.66221012918358,-0.1075402281439323,-0.1242999571039049,0.0167597289599725,16.26050042736525,16.760953063489215,15.760047791241288,0.2454561620305806,0.2366969852252813,0.2567267854535679,16.249889375687186,16.15345364131891,16.26050042736525,16.148209199767138,16.175133823726288,16.24176297985799,-0.0134308588277769,0.0057670286709927,0.022606554628914,0.0105325724998932,0.1685284678280538,0.0,1.0,3.3437880000000004,8.35
2021-06-07,16.103831370236207,16.19745829680735,15.94466559506527,16.160007526178894,23793100.0,15.925940209751042,16.281722530721375,15.916577517093929,16.08510598492198,44631500.0,628206700.0,47.75583799313648,16.92781273078872,-0.1016245772212656,-0.119764881127377,0.0181403039061114,16.235689291823896,16.703332124984136,15.768046458663656,0.2462583958788888,0.2364067020901273,0.2398957116650879,16.22180129771585,16.150644833521778,16.235689291823896,16.152141975237726,16.17238358780858,16.233976746174267,0.0111079774116369,-0.0051888268624584,0.0017631506183808,0.0046457690991728,0.0749015412569136,0.0,0.0,3.3437880000000004,8.35
2021-06-08,16.075743292264868,16.13191944820755,15.242463645781717,15.308002494381514,82921800.0,16.103831370236207,16.19745829680735,15.94466559506527,16.160007526178894,23793100.0,545284900.0,37.03557069375098,18.37013514742827,-0.1637979065024843,-0.1285714862023985,-0.0352264203000858,16.169994398346482,16.75626677845357,15.583722018239396,0.4321265571318657,0.3451097488312811,0.3007513852076551,15.989606519819418,16.04765521429352,16.169994398346482,15.870762148285657,16.015223389003655,16.145788722194006,-0.0017457089100227,-0.0040544509638951,-0.0450391341002025,-0.0541637883120196,-0.8520050317973809,0.0,0.0,3.3437880000000004,8.35
2021-06-09,15.35481595766708,15.401629420952652,14.802417090897352,15.35481595766708,105910100.0,16.075743292264868,16.13191944820755,15.242463645781717,15.308002494381514,82921800.0,651195000.0,37.86095651316534,20.267529371138348,-0.2069081542356201,-0.1442388198090428,-0.0626693344265772,16.118031454099498,16.79314291327264,15.442919994926356,0.4057622923623557,0.4088602111976893,0.3463248711781317,15.76490189604868,15.990542789085126,16.118031454099498,15.698780084746131,15.895149310578825,16.07045798271525,-0.0458823400792316,-0.0463265733284572,-0.0292947093530138,0.0030534374868902,0.0468134632855665,0.0,0.0,3.3437880000000004,8.35
2021-06-10,15.401629420952652,15.476530962209566,14.708790164326212,14.98030825138252,98815200.0,15.35481595766708,15.401629420952652,14.802417090897352,15.35481595766708,105910100.0,552379800.0,34.01895627697898,22.138283051201316,-0.2682013202915669,-0.1690313199055477,-0.0991700003860192,16.065132240586802,16.90310200906051,15.227162472113092,0.5186120460567069,0.5183969601381367,0.4298694210779172,15.577648042906398,15.887553169856872,16.065132240586802,15.45928947362493,15.72881457254313,15.9666341987788,0.0030441423812281,0.004851434621552,-0.0063451989538507,-0.0246926125903717,-0.374507706284561,0.0,0.0,3.3437880000000004,8.35
2021-06-11,15.055209792639433,15.214375567810372,14.811779783554464,15.158199411867688,61805700.0,15.401629420952652,15.476530962209566,14.708790164326212,14.98030825138252,98815200.0,614185500.0,37.27496108791383,23.87541146840264,-0.2989758584415209,-0.1950202276127423,-0.1039556308287786,16.011608847563636,16.933504182356693,15.08971351277058,0.4534385982114254,0.5678627252551784,0.472922328192985,15.39226672829554,15.821078051991364,16.011608847563636,15.358926119705847,15.62506636151123,15.889640409549171,-0.0227492134605609,-0.0170840030571866,0.0069775100719779,0.0118050454497629,0.1778911604851689,0.0,1.0,3.3437880000000004,8.35
2021-06-14,15.205012875153257,15.401629420952652,15.13947402655346,15.298639801724397,33001500.0,15.055209792639433,15.214375567810372,14.811779783554464,15.158199411867688,61805700.0,647187000.0,39.8006507957104,24.85724535820233,-0.3084766095568589,-0.2177115040015657,-0.0907651055552932,15.941856787268136,16.857853563685822,15.025860010850453,0.1527869813579886,0.5622372948622694,0.4698964315921644,15.21999318340464,15.720897240560245,15.941856787268136,15.3388306803787,15.565716077913622,15.833354637375384,0.0099010709827118,0.0122325684356345,0.0218827112495079,0.0092223217423126,0.1404403898567086,0.0,1.0,3.3437880000000004,8.35
2021-06-15,15.336090572352854,15.69187289332319,15.242463645781717,15.598245966752048,63616900.0,15.205012875153257,15.401629420952652,15.13947402655346,15.298639801724397,33001500.0,710803900.0,44.89805837175423,24.86947454358822,-0.2885046081258515,-0.2318701248264228,-0.0566344832994286,15.896915862513987,16.787384230482278,15.006447494545696,0.230139480169446,0.4971698531576566,0.4568006343760318,15.278041877878746,15.63382419884908,15.896915862513987,15.425302442503147,15.571630603156972,15.810963335411255,0.0085837436913913,0.0186696178425562,0.0067796869853786,0.0193945473068399,0.2996061650276509,0.0,1.0,3.3437880000000004,8.35
2021-06-16,15.607608659409165,16.150644833521778,15.588883274094933,15.822950590522783,102713100.0,15.336090572352854,15.69187289332319,15.242463645781717,15.598245966752048,63616900.0,813517000.0,48.42533808305928,23.677279251761025,-0.2516440716825165,-0.2358249141976416,-0.0158191574848749,15.874445400136912,16.748411511705946,15.000479288567876,0.33876908072569,0.4088209024689939,0.4483351554629341,15.371668804449888,15.568285350249283,15.874445400136912,15.557851825176362,15.617325146314393,15.812104978755212,0.0175496183377794,0.0288170484234315,0.0224728558520581,0.0143029851903309,0.2247046237707373,0.0,0.0,3.3437880000000004,8.35
2021-06-17,15.97275367303661,16.075743292264868,15.813587897865672,16.038292521636407,50452700.0,15.607608659409165,16.150644833521778,15.588883274094933,15.822950590522783,102713100.0,863969700.0,51.621485516056175,22.57024076649292,-0.2027187215975345,-0.2292036756776202,0.0264849540800856,15.87163659233978,16.74311369122855,15.00015949345101,0.3627726267307113,0.4219437332284661,0.4470583188989257,15.583265658500665,15.58045685070353,15.87163659233978,15.71799872399638,15.693864669100211,15.833646649505802,0.02312584530083,-0.0046484685679843,0.0143115143932561,0.0135176904070006,0.2153419311136222,0.0,0.0,4.06652399999748,8.35
2021-06-18,16.028929828979297,16.291085223378488,15.982116365693726,16.19745829680735,50653000.0,15.97275367303661,16.075743292264868,15.813587897865672,16.038292521636407,50452700.0,914622700.0,53.895730914609615,21.014133467842758,-0.1493797248324426,-0.2132388855085847,0.063859160676142,15.87257286160549,16.74540684024058,14.9997388829704,0.3560039998928074,0.4380621921504792,0.447754383521979,15.791117435488598,15.591692081892068,15.87257286160549,15.877818581600035,15.785427146865146,15.868295377820235,0.0035108286500631,0.0133065313110987,0.0106008059866407,0.0098751891677051,0.1591657751709441,0.0,0.0,4.06652399999748,8.35
2021-06-21,16.234909067435805,16.31917330134983,15.841675975837015,15.982116365693726,32638300.0,16.028929828979297,16.291085223378488,15.982116365693726,16.19745829680735,50653000.0,881984400.0,50.44086706427112,19.89379489126623,-0.1230658532126476,-0.1952042790493973,0.0721384258367497,15.862273899682666,16.724772546312447,14.999775253052883,0.2277464163500653,0.415447617823151,0.4424524700724488,15.927812748282465,15.57390296584355,15.862273899682666,15.912584509631266,15.821188823015795,15.879135471903426,0.0127686006387999,0.0017226533114462,-0.008826182628272,-0.0133839646973838,-0.2153419311136257,1.0,1.0,4.06652399999748,8.35
2021-06-22,15.916577517093929,16.010204443665067,15.729323663951646,15.916577517093929,36512000.0,16.234909067435805,16.31917330134983,15.841675975837015,15.982116365693726,32638300.0,845472400.0,49.40289923056002,19.11020949028328,-0.1062752824220485,-0.1774184797239275,0.071143197301879,15.841207841204158,16.676357402141296,15.00605828026702,0.1402842581904068,0.416740918706408,0.4284226851374616,15.99147905835084,15.634760468114797,15.841207841204158,15.91391551211882,15.83853222193909,15.882701380969188,-0.0198026272961797,-0.0191143960233151,-0.0071174677688641,-0.0041091927501333,-0.0655388485997985,0.0,1.0,4.06652399999748,8.35
2021-06-23,15.822950590522783,16.122556755550434,15.822950590522783,15.916577517093929,26593100.0,15.916577517093929,16.010204443665067,15.729323663951646,15.916577517093929,36512000.0,872065500.0,49.40289923056002,18.07698744576192,-0.0919091624872816,-0.1603166162765984,0.0684074537893167,15.840739706571302,16.675709236126835,15.00577017701577,0.1163764242904162,0.4126541806294788,0.4283303309873505,16.010204443665067,15.690936624057477,15.840739706571302,15.914802847110522,15.852722275603604,15.885927679647734,-0.0058997221271885,0.0069930354909701,0.0059347355198142,0.0,0.0,0.0,0.0,4.06652399999748,8.35
2021-06-24,16.010204443665067,16.103831370236207,15.776137127237217,15.869764053808357,23926000.0,15.822950590522783,16.122556755550434,15.822950590522783,15.916577517093929,26593100.0,848139500.0,48.57485376252708,17.23553649334839,-0.0833406648804047,-0.1449214259973596,0.0615807611169549,15.833717687078469,16.665223371591814,15.00221200256512,0.1298345895820664,0.3300546517460107,0.4265534159732211,15.976498750099456,15.77988220430006,15.833717687078469,15.899789916009802,15.85582078073174,15.884388286710651,0.0117648415795867,-0.0011621151801772,-0.0029629651306568,-0.002945510229757,-0.0468134632855719,1.0,0.0,4.06652399999748,8.35
2021-06-25,15.907214824436812,15.991479058350835,15.39226672829554,15.663784815351846,31752600.0,16.010204443665067,16.103831370236207,15.776137127237217,15.869764053808357,23926000.0,816386900.0,45.00081325490945,17.342099993812354,-0.092109095579465,-0.1343589599137807,0.0422498643343157,15.82575939831992,16.660565133831575,14.990953662808266,0.1218949233458544,0.2542641031912988,0.4282463064157415,15.869764053808357,15.83044074464848,15.82575939831992,15.821121549123816,15.820905150662668,15.863378432295526,-0.0064535278247737,-0.0070011954589834,-0.0246332671703366,-0.0130643188277264,-0.2059792384565089,0.0,0.0,4.06652399999748,8.35
2021-06-28,15.71996097129453,15.869764053808357,15.542069810809364,15.841675975837015,31344900.0,15.907214824436812,15.991479058350835,15.39226672829554,15.663784815351846,31752600.0,847731800.0,48.5234890486084,17.44105181567175,-0.0837385245433921,-0.124234872839703,0.0404963482963108,15.802820801309988,16.60891057846249,14.996731024157487,0.1044685202195845,0.1731015329640416,0.4135153305978054,15.841675975837015,15.88474436205974,15.802820801309988,15.827973024694884,15.824681664330727,15.86131153168043,-0.0118414645943913,-0.0076403545339647,0.0096853057344636,0.0112928391793447,0.1778911604851689,0.0,0.0,4.06652399999748,8.35
2021-06-29,15.851038668494128,16.01956713632218,15.776137127237217,15.982116365693726,24282500.0,15.71996097129453,15.869764053808357,15.542069810809364,15.841675975837015,31344900.0,872014300.0,51.18188551127718,17.052596238240778,-0.0650228776799117,-0.1123924738077447,0.047369596127833,15.778477800401491,16.53020057503646,15.026755025766526,0.1192779117782998,0.1423382492086143,0.3856256467724319,15.854783745556972,15.923131401953906,15.778477800401491,15.879354138361164,15.853306155487637,15.872816753967411,0.0083037250555948,0.0093952540776429,0.0149479614358729,0.008826182628272,0.1404403898567103,1.0,0.0,4.06652399999748,8.35
2021-06-30,15.932557824577527,16.00838201410556,15.828299563976486,15.875689682431506,19558300.0,15.851038668494128,16.01956713632218,15.776137127237217,15.982116365693726,24282500.0,852456000.0,49.11202228144788,16.69188748776916,-0.0581084980023209,-0.10153567864666,0.043427180644339,15.748345330697031,16.43053601945072,15.066154641943342,0.1153181533236754,0.1391553788957872,0.3499564393276732,15.846606178624487,15.92840531114478,15.748345330697031,15.87813265305128,15.857375887659249,15.873090366202089,0.0051296482356359,-0.0006984601242372,0.0033009595844948,-0.0066813815751181,-0.1064266832622191,0.0,0.0,4.06652399999748,8.35
2021-07-01,15.828299563976486,15.951513871959536,15.392310474190309,15.449178616336331,41779600.0,15.932557824577527,16.00838201410556,15.828299563976486,15.875689682431506,19558300.0,810676400.0,41.81390903743882,17.365760601202144,-0.0860527186499506,-0.0984390866473181,0.0123863679973674,15.724975385659151,16.414496414625084,15.035454356693222,0.2093006593303571,0.1992082890751611,0.3537168245132628,15.762489091130083,15.869493920614772,15.724975385659151,15.735147974146296,15.783158201964172,15.832717818595825,-0.0065652279978145,-0.0035587226169941,-0.0279313846891775,-0.0272331504583589,-0.4265110660951752,0.0,0.0,4.06652399999748,8.99
2021-07-02,15.638739090156408,15.69560723230243,15.420744545263318,15.562914900628378,45882700.0,15.828299563976486,15.951513871959536,15.392310474190309,15.449178616336331,41779600.0,856559100.0,44.19538557931167,17.991499920818487,-0.0978927011095542,-0.0983298095397653,0.0004371084302111,15.69886583144447,16.37119486142732,15.026536801461624,0.225432606061505,0.1835819566319299,0.3448975151204064,15.742315108185393,15.806039580996872,15.69886583144447,15.677736949640323,15.74311396535766,15.807022302598924,-0.0120483385161747,-0.0161728592456009,0.0018455864974145,0.0073349962115658,0.113736284292047,0.0,1.0,4.06652399999748,8.99
2021-07-05,15.468134663718338,15.543958853246368,15.288052213589264,15.34492035573529,12655200.0,15.638739090156408,15.69560723230243,15.420744545263318,15.562914900628378,45882700.0,843903900.0,40.752572614956655,18.855449278245736,-0.1234433325310906,-0.1033525141380304,-0.0200908183930601,15.658111472922291,16.31225809336296,15.00396485248162,0.2747618139118754,0.2221978706501722,0.3355701358308954,15.642963984165046,15.742319980001032,15.658111472922291,15.566798085005312,15.670715127244502,15.763012593373816,-0.0109690313705739,-0.0097088141269612,-0.0086420290938291,-0.0141063363347382,-0.217994544893088,0.0,0.0,4.06652399999748,8.99
2021-07-06,15.240662095134244,15.335442332044284,14.98475545547714,15.098491739769187,38719400.0,15.468134663718338,15.543958853246368,15.288052213589264,15.34492035573529,12655200.0,805184500.0,37.222584655069205,20.23989909185089,-0.161712995089065,-0.1150246103282373,-0.0466883847608276,15.647635935191673,16.329976351147568,14.96529551923578,0.2860259641402267,0.2908932074516316,0.3500332477617635,15.46623905898014,15.660511402268558,15.647635935191673,15.410695969926609,15.5666745113399,15.699724893030517,-0.0148150857851407,-0.0135054231998066,-0.0200382409157366,-0.016189643767587,-0.2464286159661028,0.0,0.0,4.06652399999748,8.99
2021-07-07,15.221706047752235,15.439700592645329,15.089013716078185,15.354398379426293,19526800.0,15.240662095134244,15.335442332044284,14.98475545547714,15.098491739769187,38719400.0,824711300.0,42.76681433733816,21.11692905423146,-0.1694392609371782,-0.1259075404500255,-0.0435317204871526,15.647615056279632,16.32999133552584,14.965238777033427,0.1715757913357456,0.2902298921319821,0.3500516452415112,15.361980798379095,15.604293488501792,15.647615056279632,15.391930106426503,15.528078850991973,15.666836653639638,-0.0012445552322044,0.006775510983608,0.0069335291948564,0.0168071183163811,0.2559066396571037,0.0,1.0,4.06652399999748,8.99
2021-07-08,15.164837905606214,15.430222568954324,15.070057668696176,15.269096166207255,19892700.0,15.221706047752235,15.439700592645329,15.089013716078185,15.354398379426293,19526800.0,804818600.0,41.45263875724153,21.970048852673,-0.1803664063349437,-0.1367993136270091,-0.0435670927079345,15.662054452020872,16.297978219100177,15.026130684941563,0.167549370603295,0.2913384715969842,0.3262220092999051,15.32596430835328,15.544226699741683,15.662054452020872,15.350985459686756,15.48099109012202,15.628956607217509,-0.0037429862788345,-0.0006140620395593,-0.0012570711900514,-0.005571045049455,-0.0853022132190339,0.0,0.0,4.06652399999748,8.99
2021-07-12,15.401788497881313,15.875689682431506,15.363876403117295,15.828299563976486,26234600.0,15.164837905606214,15.430222568954324,15.070057668696176,15.269096166207255,19892700.0,831053200.0,51.889710079967,21.15596704118035,-0.1422632844588953,-0.1378921077933864,-0.0043711766655089,15.69555945962631,16.291094683227776,15.100024236024842,0.2712934243179702,0.3032416865631568,0.3055031236596489,15.3790412410229,15.560678174604146,15.69555945962631,15.510090161116668,15.544138085368289,15.647941650718362,0.0155041865359653,0.0284608976966809,0.0193092265213992,0.0359685222338264,0.5592033977692292,1.0,0.0,4.06652399999748,8.99
2021-07-13,15.752475374448457,16.216898535307646,15.676651184920424,16.093684227324594,20108700.0,15.401788497881313,15.875689682431506,15.363876403117295,15.828299563976486,26234600.0,851161900.0,55.9069872974654,19.855951840558284,-0.0896188906483654,-0.1282374643643822,0.0386185737160167,15.73531168090632,16.325678405348377,15.144944956464265,0.4158790041257814,0.3377021298067531,0.3028517395344852,15.528794015340765,15.585878999752904,15.73531168090632,15.704621516519312,15.64405556572398,15.690393324680862,0.0225138806515556,0.0212648296330266,0.0201533538479603,0.0166274614604917,0.265384663348108,-1.0,1.0,4.06652399999748,8.99
2021-07-14,16.245332606380657,16.3495908669817,16.150552369470617,16.245332606380657,48387300.0,15.752475374448457,16.216898535307646,15.676651184920424,16.093684227324594,20108700.0,899549200.0,58.06199218165565,18.98666962361453,-0.0352546784715599,-0.1096409071858177,0.0743862287142578,15.767666012887751,16.39425401550319,15.141078010272317,0.4350402549511834,0.3796681718545887,0.3214328631798566,15.758162188663055,15.612200623821598,15.767666012887751,15.884858546473094,15.753378664025194,15.743244684842749,0.0308081237423314,0.0081490555732668,0.0297818318056242,0.0093787322864322,0.1516483790560627,0.0,0.0,4.06652399999748,8.99
2021-07-15,16.160030393161623,16.245332606380657,15.979947943032547,16.112640274706603,16115000.0,16.245332606380657,16.3495908669817,16.150552369470617,16.245332606380657,48387300.0,883434200.0,55.505709486911584,17.6931722342372,-0.0028450152931167,-0.0882817288072775,0.0854367135141608,15.782150497096945,16.426327099628434,15.137973894565455,0.3888069698436598,0.4045203041638698,0.3304556245585356,15.90981056771912,15.635895683049103,15.782150497096945,15.960785789217596,15.818698956876355,15.778425217210732,-0.0052647094401079,-0.0063972303077353,-0.0106195688274599,-0.0082015691134174,-0.132692331674054,0.0,1.0,4.06652399999748,8.99
2021-07-16,16.150552369470617,16.150552369470617,15.676651184920424,15.74299735075745,23073500.0,16.160030393161623,16.245332606380657,15.979947943032547,16.112640274706603,16115000.0,860360700.0,49.02983222532789,17.144692339082717,-0.0069075920319541,-0.0720069014522128,0.0650993094202587,15.767385738552994,16.400849509652957,15.133921967453029,0.2104035870065109,0.400097855763905,0.3249600579893946,16.004590804629157,15.66527755649122,15.767385738552994,15.888189643064216,15.8049350284911,15.775051134691372,-0.0005866823283562,-0.0058513917684641,-0.0191622629781642,-0.0232084204310125,-0.3696429239491525,0.0,1.0,4.06652399999748,8.99
2021-07-19,15.401788497881313,15.771431421830464,15.392310474190309,15.52500280586436,17382400.0,16.150552369470617,16.150552369470617,15.676651184920424,15.74299735075745,23073500.0,842978300.0,45.64743041376588,17.267194784820564,-0.0274016817529165,-0.0630858575123536,0.035684175759437,15.733762964005845,16.34328064345596,15.12424528455573,0.2990012291082259,0.401353239724624,0.3126759721644974,15.943931453006732,15.66148634701482,15.733762964005845,15.7671273639976,15.754038260740783,15.751237008136416,-0.0474706126254229,-0.0237540860081066,-0.0183043548620132,-0.0139438452002802,-0.2179945448930897,0.0,0.0,4.06652399999748,8.99
2021-07-20,15.411266521572315,15.69560723230243,15.17431592929722,15.534480829555369,27674100.0,15.401788497881313,15.771431421830464,15.392310474190309,15.52500280586436,17382400.0,870652400.0,45.82243166226469,17.81600702740803,-0.0423899532141849,-0.0589466766527198,0.0165567234385349,15.711381187198928,16.315628501819646,15.107133872578208,0.3317714467997485,0.3890276860533091,0.3099723320532225,15.832090773452888,15.680442394396826,15.711381187198928,15.689578519183524,15.71411872779798,15.73059356255727,0.0006151953439181,-0.004819286435949,-0.0142638077249084,0.0006103143308151,0.0094780236910061,0.0,0.0,4.06652399999748,8.99
2021-07-21,15.562914900628378,15.591348971701388,15.27857418989826,15.468134663718338,26625600.0,15.411266521572315,15.69560723230243,15.17431592929722,15.534480829555369,27674100.0,844026800.0,44.73658959439732,18.325618395524963,-0.0589423961840687,-0.0589458205589896,3.424374920943385e-06,15.688959044530147,16.294365085774793,15.0835530032855,0.2651306661640031,0.3423492829140167,0.3105667462692898,15.676651184920424,15.71740668679174,15.688959044530147,15.61576390069513,15.669394352510771,15.705597476953564,0.0097919999046176,-0.006664671745733,0.0068472100698584,-0.0042800432197775,-0.0663461658370287,0.0,0.0,4.06652399999748,8.99
2021-07-22,15.449178616336331,15.761953398139458,15.411266521572315,15.57239292431938,35985600.0,15.562914900628378,15.591348971701388,15.27857418989826,15.468134663718338,26625600.0,880012400.0,46.86732508647204,18.229530806256797,-0.0629222279081496,-0.0597411020288216,-0.0031811258793279,15.671749814891422,16.269819495365383,15.073680134417462,0.1043874263658601,0.3230633033143503,0.3068032726023839,15.56860171484298,15.73920614128105,15.671749814891422,15.601306908569882,15.651757729203249,15.69291132908364,-0.0073349962115658,0.0108828159934555,0.0086473670411826,0.0067175825132155,0.1042582606010427,0.0,0.0,4.06652399999748,8.99
2021-07-23,15.714563279684436,15.74299735075745,15.363876403117295,15.449178616336331,13243400.0,15.449178616336331,15.761953398139458,15.411266521572315,15.57239292431938,35985600.0,866769000.0,44.6750634399808,18.251340491399134,-0.0751523288654567,-0.0628233473961486,-0.012328981469308,15.65072054301782,16.24903825253557,15.052402833500071,0.0504209480888021,0.2979930441419076,0.3069305088171924,15.509837967958754,15.757214386293956,15.65072054301782,15.550597477825365,15.614925163227444,15.669698689774371,0.0170320418944323,-0.0012033695796325,-0.0030797683720797,-0.00794382423646,-0.1232143079830496,0.0,0.0,4.06652399999748,8.99
2021-07-26,15.430222568954324,15.6197830427744,15.373354426808298,15.515524782173358,11748200.0,15.714563279684436,15.74299735075745,15.363876403117295,15.449178616336331,13243400.0,878517200.0,46.13609443662202,18.27159234188845,-0.07858530836506,-0.0659757395899309,-0.0126095687751291,15.643307541358896,16.244461194642252,15.042153888075545,0.049883586943215,0.3060095577761627,0.3083853172728132,15.507942363220554,15.725936908113644,15.643307541358896,15.538906579274698,15.596852366672154,15.655015460479037,-0.0182597891327542,-0.0078573991438779,0.0006167129396819,0.004285283570327,0.066346165837027,1.0,0.0,4.06652399999748,8.99
2021-07-27,15.591348971701388,15.591348971701388,15.10796976346019,15.221706047752235,17459200.0,15.430222568954324,15.6197830427744,15.373354426808298,15.515524782173358,11748200.0,861058000.0,40.97537995953222,18.92130136143408,-0.1038179371192544,-0.0735441790957956,-0.0302737580234588,15.612309044954657,16.23297130775258,14.991646782156732,0.13380472175558,0.3137147891250895,0.3183930227934285,15.44538740685993,15.63873909015641,15.612309044954657,15.433173068767212,15.528643945050352,15.6137478973622,0.0103881166369861,-0.001822047269945,-0.0174133753251979,-0.0191186828644278,-0.2938187344211211,0.0,0.0,4.06652399999748,8.99
2021-07-28,15.363876403117295,15.439700592645329,14.776238934275057,14.994233479168145,55647400.0,15.591348971701388,15.591348971701388,15.10796976346019,15.221706047752235,17459200.0,805410600.0,37.47993796832126,20.18537205358004,-0.1405499401941305,-0.0869453313154626,-0.0536046088786679,15.562914900628376,16.214462679840732,14.91136712141602,0.2396459766456904,0.2937609773459177,0.3342369584105182,15.35060716994989,15.513629177435158,15.562914900628376,15.286859872234192,15.43147840579904,15.55474652420086,-0.0146971414637957,-0.0097740545974267,-0.0222019902923835,-0.0150567461791077,-0.2274725685840923,0.0,0.0,4.06652399999748,8.99
2021-07-29,15.070057668696176,15.145881858224207,14.86154114749409,14.975277431786138,33298700.0,15.363876403117295,15.439700592645329,14.776238934275057,14.994233479168145,55647400.0,772111900.0,37.19518434264082,21.35915198200128,-0.1692390296856132,-0.1034040709894927,-0.0658349586961204,15.517894288096109,16.200466652403726,14.83532192378849,0.2500474383562226,0.253488656341517,0.3501522347555987,15.231184071443243,15.399892893143113,15.517894288096109,15.18299905875151,15.34853277416033,15.499558991589934,-0.0193092265213992,-0.0192134822758252,0.0057563318525764,-0.0012650223065868,-0.0189560473820069,0.0,0.0,4.06652399999748,8.99
2021-07-30,14.852063123803086,15.212228024061234,14.463464152471929,14.520332294617951,37846200.0,15.070057668696176,15.145881858224207,14.86154114749409,14.975277431786138,33298700.0,734265700.0,31.09013789470588,23.13074326621177,-0.2260795064153118,-0.1279391580746565,-0.0981403483406552,15.47145197201019,16.280994494105315,14.661909449915068,0.3658320703726596,0.3471668961012349,0.415286551381007,15.045414807099563,15.27762638752916,15.47145197201019,14.962110137373656,15.197950868788986,15.40629930616403,-0.0145710528582561,0.0043709092378962,-0.0271509890659507,-0.0308507757204758,-0.4549451371681865,0.0,0.0,4.06652399999748,8.99
2021-08-02,14.69093672105602,15.164837905606214,14.681458697365017,14.918409289640111,30226600.0,14.852063123803086,15.212228024061234,14.463464152471929,14.520332294617951,37846200.0,764492300.0,40.32052633420104,24.775792315835805,-0.236280809020398,-0.1496074882638048,-0.0866733207565931,15.439226691460778,16.282258937876364,14.59619444504519,0.2545339100047322,0.3521000402997919,0.4324664174660548,14.925991708592916,15.216967035906736,15.439226691460778,14.947543188129142,15.147125127125555,15.359833590304609,-0.0109080324427286,-0.0031201273362437,0.0149596285724662,0.027046078676812,0.3980769950221621,0.0,1.0,4.06652399999748,9.68
2021-08-03,14.823629052730077,15.240662095134244,14.66250264998301,15.18379395298822,38035300.0,14.69093672105602,15.164837905606214,14.681458697365017,14.918409289640111,30226600.0,802527600.0,45.55628668085871,25.967266111691867,-0.220410337244246,-0.1637680580598931,-0.0566422791843529,15.431170371323423,16.280708005042502,14.581632737604345,0.2438634898945161,0.3339589564178951,0.435803610738711,14.918409289640111,15.18189834825002,15.431170371323423,15.02629344308217,15.153792186373312,15.34306791056019,0.0089917111919639,0.0049875415110389,-0.0012919898438021,0.017632698650956,0.265384663348108,0.0,1.0,4.06652399999748,9.68
2021-08-04,15.10796976346019,15.202750000370228,14.889975218567102,15.098491739769187,30653800.0,14.823629052730077,15.240662095134244,14.66250264998301,15.18379395298822,38035300.0,771873800.0,44.21358459566903,27.07363463641536,-0.2122691431779042,-0.1734682750834953,-0.0388008680944089,15.431170371323423,16.280708005042502,14.581632737604345,0.2561171758006138,0.3188728597329444,0.435803610738711,14.939260941760324,15.144934055855106,15.431170371323423,15.050359541977844,15.143737559718016,15.319774941913428,0.0189999382449039,-0.0024906613124517,0.0153947876825548,-0.0056338177182562,-0.0853022132190339,0.0,1.0,4.06652399999748,9.68
2021-08-05,15.221706047752235,15.430222568954324,14.889975218567102,14.90893126594911,21818800.0,15.10796976346019,15.202750000370228,14.889975218567102,15.098491739769187,30653800.0,750055000.0,41.300464107097056,27.083305009559687,-0.2185933264428783,-0.1824932853553719,-0.0361000410875063,15.408897015649568,16.28815677846234,14.529637252836793,0.25550262713772,0.2875330322029307,0.4510507412527165,14.925991708592916,15.07858789001808,15.408897015649568,15.0032167833016,15.101045506305486,15.280646972773969,0.0075000351565468,0.0148517581360261,0.0,-0.0126344068517707,-0.1895604738200766,0.0,1.0,5.02236,9.68
2021-08-06,14.93736533702212,15.240662095134244,14.776238934275057,15.098491739769187,15770200.0,15.221706047752235,15.430222568954324,14.889975218567102,14.90893126594911,21818800.0,765825200.0,45.18957706920235,27.359757985503723,-0.2059354456028046,-0.1871817174048585,-0.0187537281979461,15.40036679432766,16.288155115582388,14.512578473072931,0.121931744946617,0.2570857508762584,0.4554257994206855,15.041623597623165,15.043519202361368,15.40036679432766,15.034975102124127,15.100581185117068,15.263298855344942,-0.0188566240888827,-0.0123610968235743,-0.0076677691978446,0.0126344068517707,0.1895604738200766,0.0,0.0,5.02236,9.68
2021-08-09,15.041623597623165,15.221706047752235,14.86154114749409,14.93736533702212,15536200.0,14.93736533702212,15.240662095134244,14.776238934275057,15.098491739769187,15770200.0,750289000.0,42.60561385744772,27.6164643203089,-0.206524848062882,-0.1910503435364632,-0.0154745045264188,15.355820082979942,16.24265673322295,14.468983432736932,0.1173515600325057,0.1971717500284494,0.4549376024925208,15.045414807099569,14.98570325784624,15.355820082979942,15.002438513756791,15.070905576372528,15.232257567885624,0.0069554501085846,-0.0012445552322044,0.0057563318525764,-0.0107290394922241,-0.1611264027470671,0.0,1.0,5.02236,9.68
2021-08-10,15.022667550241156,15.022667550241156,14.624590555218992,14.681458697365017,19174600.0,15.041623597623165,15.221706047752235,14.86154114749409,14.93736533702212,15536200.0,731114400.0,38.80992679809434,28.40007853710863,-0.2250472759679205,-0.1978497300227547,-0.0271975459451658,15.285208806481965,16.15042519058443,14.4199924223795,0.1717066353960029,0.1993241377094352,0.4438466399792607,14.944947755974926,14.93167852280752,15.285208806481965,14.895445241626202,15.000097052916615,15.179800532597948,-0.0012610342150281,-0.0131622081953262,-0.0160723485471923,-0.0172804300009556,-0.2559066396571037,1.0,0.0,5.02236,9.68
2021-08-11,14.681458697365017,14.757282886893048,14.321293797106868,14.359205891870884,43058400.0,15.022667550241156,15.022667550241156,14.624590555218992,14.681458697365017,19174600.0,688056000.0,34.626501458336705,29.707820563030968,-0.2627012848677772,-0.2108200409917592,-0.051881243876018,15.190902470756477,16.027654159631208,14.354150781881742,0.2864182858950188,0.2668867412313617,0.4292445594280842,14.797090586395262,14.868175764077794,15.190902470756477,14.716698791707763,14.883571387271935,15.101648662052511,-0.0229748458945122,-0.0178235144773823,-0.0209568900904213,-0.0221941224733992,-0.3222528054941325,1.0,0.0,5.02236,9.68
2021-08-12,13.733656328264628,13.913738778393702,13.12706281204038,13.164974906804396,76689800.0,14.681458697365017,14.757282886893048,14.321293797106868,14.359205891870884,43058400.0,611366200.0,24.211032628833863,32.28978908100184,-0.3844748315625086,-0.245550999105909,-0.1389238324565995,15.043519202361365,16.16789567874879,13.919142725973938,0.7699282816313392,0.5965418550651617,0.5767929621836413,14.448299314566322,14.68714551157962,15.043519202361365,14.199457496739974,14.5710992999142,14.917203542505074,-0.0667358980961863,-0.0588599626595374,-0.0870715436513007,-0.0868313751891256,-1.194230985066488,0.0,1.0,5.02236,9.68
2021-08-13,13.364013404315475,13.951650873157718,12.956458385602309,13.894782731011697,77941100.0,13.733656328264628,13.913738778393702,13.12706281204038,13.164974906804396,76689800.0,689307300.0,36.73491954402701,34.8150797951469,-0.4172816889328707,-0.2798971370713014,-0.1373845518615693,14.951108471374075,16.132687350650457,13.769529592097696,0.700893283308722,0.6466701515906693,0.6061371757093019,14.20755751281482,14.624590555218996,14.951108471374075,14.097899241497217,14.448132651022837,14.819830131886658,-0.0272839589484683,0.0027210901143606,-0.0130815818974889,0.053953539692253,0.729807824207299,0.0,0.0,5.02236,9.68
2021-08-16,13.743134351955632,13.847392612556671,13.240799096332427,13.288189214787446,39358100.0,13.364013404315475,13.951650873157718,12.956458385602309,13.894782731011697,77941100.0,649949200.0,32.00147706431453,37.15999260113874,-0.4866189466975328,-0.3212414989965477,-0.165377447700985,14.83926779182023,16.19325613995808,13.485279443682378,0.6583440986791856,0.759935516956672,0.6945813670824865,13.877722288367888,14.461568547733728,14.83926779182023,13.827995899260626,14.237233844434584,14.6739595683534,0.0279738520424062,-0.0075008875381223,0.0217085225330122,-0.0446378148520612,-0.6065935162242493,0.0,0.0,5.02236,9.68
2021-08-17,13.231321072641425,13.37349142800648,12.833244077619256,13.155496883113392,32027000.0,13.743134351955632,13.847392612556671,13.240799096332427,13.288189214787446,39358100.0,617922200.0,31.05868942062378,39.6303017167434,-0.5459826372541308,-0.3661897266480644,-0.1797929106060664,14.720318594498131,16.219332090685835,13.221305098310433,0.5346899190651035,0.8144754730740428,0.7689776982860319,13.572529925517562,14.258738840746243,14.720318594498131,13.603829560544884,14.04055439692164,14.529344074521015,-0.0379525520923023,-0.0348224598978852,-0.0312639057847419,-0.0100359265277858,-0.132692331674054,0.0,1.0,5.02236,9.68
2021-08-18,13.212365025259414,13.4208815464615,12.747941864400223,12.833244077619256,44846900.0,13.231321072641425,13.37349142800648,12.833244077619256,13.155496883113392,32027000.0,573075300.0,28.836780777134663,41.98021083573715,-0.6119774033734569,-0.4153472619931428,-0.1966301413803139,14.58857406519318,16.255301172286497,12.92184695809986,0.3890841282272061,0.8682068594618912,0.8550129653556297,13.267337562667237,14.03221407453125,14.58857406519318,13.346967732903009,13.82104342977575,14.367810741482751,-0.0014336920018487,0.003537322400851,-0.0066691614362803,-0.0248006875945296,-0.3222528054941342,0.0,1.0,5.02236,9.68
2021-08-19,12.710029769636208,13.477749688607524,12.700551745945203,13.477749688607524,31953000.0,13.212365025259414,13.4208815464615,12.747941864400223,12.833244077619256,44846900.0,605028300.0,38.33792454813676,43.9213583925516,-0.6052950499878431,-0.4533368195920829,-0.1519582303957601,14.483841903407583,16.153365846416317,12.814317960398853,0.3936290677637792,0.8244875855239545,0.8564477119074035,13.329892519027862,13.889095916797093,14.483841903407583,13.390561718137848,13.75862638592698,14.2830430221613,-0.0387617080387907,0.004228336109521,-0.0037243990909825,0.049001156890966,0.6445056109882668,0.0,1.0,5.02236,9.68
2021-08-20,13.1744529304954,13.54409585444455,13.12706281204038,13.401925499079493,23067700.0,12.710029769636208,13.477749688607524,12.700551745945203,13.477749688607524,31953000.0,581960600.0,37.70020493723917,45.43420099076543,-0.5992102919416613,-0.4825115140619986,-0.1166987778796626,14.381479247544744,16.052745644724876,12.71021285036461,0.2536146290933931,0.7152995539181917,0.8573415720370828,13.23132107264142,13.719439292728122,14.381479247544744,13.394349645118398,13.693771679227437,14.19912706758208,0.035888142843059,0.0049105675666814,0.0330305256764815,-0.0056417639066679,-0.0758241895280313,0.0,0.0,5.02236,9.68
2021-08-23,13.496705735989533,13.553573878135555,12.880634196074276,12.98489245667532,30507900.0,13.1744529304954,13.54409585444455,13.12706281204038,13.401925499079493,23067700.0,551452700.0,34.31891723946754,47.05710146306332,-0.6208820171748535,-0.5101856146845697,-0.1106964024902837,14.25494763126984,15.946683263287698,12.563211999251982,0.2722025040481221,0.6036814130958537,0.8678420679507096,13.170661721018996,13.52419200469344,14.25494763126984,13.257863915637373,13.564884547854325,14.083485676067152,0.0241660658471838,0.0006995453240854,-0.0189510044702951,-0.0316118276343475,-0.4170330424041726,0.0,0.0,5.02236,9.68
2021-08-24,13.12706281204038,13.458793641225515,12.98489245667532,13.183930954186405,30054400.0,13.496705735989533,13.553573878135555,12.880634196074276,12.98489245667532,30507900.0,581507100.0,37.21330898183207,48.56408047305422,-0.6149079956367274,-0.5311300908750013,-0.083777904761726,14.153058876591553,15.845079902663493,12.461037850519611,0.272103479305605,0.4511877765068612,0.8679884720113601,13.1763485352336,13.37443923037558,14.153058876591553,13.233219595153717,13.49562025809652,13.997813797792796,-0.0277696733504826,-0.0070175726586465,0.0080616046710271,0.0152121731012724,0.1990384975110828,0.0,0.0,5.02236,9.68
2021-08-25,13.12706281204038,13.25027712002343,12.98489245667532,13.212365025259414,18448300.0,13.12706281204038,13.458793641225515,12.98489245667532,13.183930954186405,30054400.0,599955400.0,37.63611079547409,49.96341812518863,-0.6009517509199878,-0.5450944228839987,-0.055857328035989,14.063965453896111,15.757084068400726,12.3708468393915,0.1942879267555683,0.2900406025333667,0.8685515229970705,13.25217272476163,13.259755143714433,14.063965453896111,13.226268071855618,13.444119306671588,13.923009152789616,0.0,-0.0156142278015507,0.0,0.0021543993970261,0.0284340710730113,0.0,0.0,5.02236,9.68
2021-08-26,13.221843048950417,13.221843048950417,12.909068267147289,12.946980361911306,22014400.0,13.12706281204038,13.25027712002343,12.98489245667532,13.212365025259414,18448300.0,577941000.0,35.25020983163414,51.33680306357008,-0.6043392046891132,-0.5569433792450216,-0.0473958254440916,13.962550600402372,15.668113260546956,12.256987940257789,0.1850036418721355,0.3057240165618189,0.8749351837165564,13.146018859422387,13.237955689225126,13.962550600402372,13.133172168540847,13.353730407624264,13.830054029848824,0.0071942756340273,-0.0021482285382896,-0.005856532112713,-0.0202905511897335,-0.265384663348108,0.0,0.0,5.02236,9.68
2021-08-27,13.03228257513034,13.212365025259414,12.98489245667532,13.136540835731385,21095400.0,13.221843048950417,13.221843048950417,12.909068267147289,12.946980361911306,22014400.0,599036400.0,38.26089042783361,52.61208907778143,-0.5849845029819658,-0.5625516039924104,-0.0224328989895553,13.893361027458043,15.61499674451568,12.171725310400412,0.1198136165344145,0.2007139205811357,0.8831804879388672,13.092941926752763,13.162131499697091,13.893361027458043,13.13429505760436,13.31424139455283,13.764005154218593,-0.0144406841547941,-0.0007171029349968,0.005856532112713,0.0145351396191131,0.1895604738200766,0.0,0.0,5.02236,9.68
2021-08-30,13.07967269358536,13.089150717276365,12.890112219765282,12.98489245667532,20107700.0,13.03228257513034,13.212365025259414,12.98489245667532,13.136540835731385,21095400.0,578928700.0,36.78722786435495,53.89539686655029,-0.5752513794269127,-0.565091559079311,-0.0101598203476017,13.796685185809803,15.494201874880773,12.099168496738834,0.1198136165344145,0.2024568375741674,0.8708076876450401,13.092941926752768,13.131801823885883,13.796685185809803,13.084494190628014,13.254359769484193,13.689803944928755,0.0036297680505787,-0.009369437911177,-0.0073260400920727,-0.0116111609276781,-0.1516483790560627,0.0,1.0,5.02236,9.68
2021-08-31,13.03228257513034,13.307145262169453,12.965936409293311,13.240799096332427,31418300.0,13.07967269358536,13.089150717276365,12.890112219765282,12.98489245667532,20107700.0,610347000.0,40.92240617706919,53.86423198876496,-0.5406559366754973,-0.5602044345985482,0.0195484979230509,13.699535442977012,15.287237663811508,12.111833222142517,0.1326246142244969,0.2053425978796789,0.814474054066858,13.10431555518197,13.140332045207783,13.699535442977012,13.13659582586282,13.251894192547503,13.647041578395772,-0.0036297680505787,0.0165174311764642,0.0058651194523977,0.0195163404347913,0.2559066396571072,1.0,0.0,5.02236,9.68
2021-09-01,13.458793641225515,13.790524470410652,13.430359570152504,13.676788186118603,46876400.0,13.03228257513034,13.307145262169453,12.965936409293311,13.240799096332427,31418300.0,657223400.0,47.253279437482135,51.71618830761556,-0.4726101673952865,-0.5426855811578959,0.0700754137626094,13.628450265294486,15.080784137229648,12.176116393359324,0.2929460717912982,0.2361298483463569,0.7450315563027444,13.19720018735381,13.22468645605772,13.628450265294486,13.316659945948082,13.329147645924069,13.64987458865509,0.0322031404946345,0.0356805950198366,0.035192141508185,0.0323971995169087,0.4359890897861778,0.0,0.0,5.02236,10.25
2021-09-02,13.54409585444455,13.582007949208563,13.231321072641425,13.345057356933468,42044700.0,13.458793641225515,13.790524470410652,13.430359570152504,13.676788186118603,46876400.0,615178700.0,43.43897554429235,50.151385219677465,-0.4403749423113687,-0.5222234533885906,0.0818485110772218,13.550256569843702,14.881779250473492,12.218733889213912,0.2602058447990169,0.2237317779398742,0.6830567228182793,13.27681558635824,13.211417222890312,13.550256569843702,13.326125749609878,13.33204032065305,13.620844376110174,0.0063180273345611,-0.0152357517774213,-0.0149309563683628,-0.024554022055883,-0.3317308291851368,0.0,0.0,5.02236,10.25
2021-09-03,13.458793641225515,13.458793641225515,13.022804551439338,13.231321072641425,25778100.0,13.54409585444455,13.582007949208563,13.231321072641425,13.345057356933468,42044700.0,589400600.0,42.181770749090674,49.108446476288655,-0.4191738861656553,-0.5016135399440035,0.0824396537783481,13.456898036487312,14.587838763504427,12.325957309470198,0.2507111949651638,0.2138783010778562,0.5801603517055033,13.295771633740248,13.194356780246505,13.456898036487312,13.294524190620391,13.31372773010548,13.58374691863696,-0.0063180273345611,-0.0091132772328652,-0.0158848105400233,-0.0085592533956697,-0.1137362842920453,0.0,0.0,5.02236,10.25
2021-09-06,13.297667238478448,13.600963996590574,13.20288700156841,13.515661783371538,12873900.0,13.458793641225515,13.458793641225515,13.022804551439338,13.231321072641425,25778100.0,602274500.0,46.36131804437981,47.591444045546034,-0.3751040118489115,-0.4763116343249851,0.1012076224760736,13.385812858804789,14.291985286149815,12.479640431459758,0.1915639662511278,0.2218321045333948,0.4648566468562279,13.401925499079493,13.247433712916129,13.385812858804789,13.368236721537444,13.35044301251749,13.577262620040251,-0.0120440704928452,0.0105079775984151,0.0137335009975112,0.0212623176519235,0.284340710730115,0.0,1.0,5.02236,10.25
2021-09-08,13.392447475388488,13.439837593843508,12.387776964142075,12.501513248434122,54633200.0,13.297667238478448,13.600963996590574,13.20288700156841,13.515661783371538,12873900.0,547641300.0,36.28614534058716,47.518019852998016,-0.4172023807769669,-0.4644897836153815,0.0472874028384145,13.27681558635824,14.047714009538542,12.505917163177935,0.4533924357366732,0.3246674691759049,0.3954625469197849,13.25406832949983,13.179191942340902,13.27681558635824,13.07932889716967,13.196092146320511,13.474810298934909,0.0071023025820662,-0.0119174211016486,-0.0637252601555835,-0.0779994482569268,-1.0141485349374155,0.0,1.0,5.02236,10.25
2021-09-09,12.463601153670108,13.07967269358536,12.463601153670108,12.994370480366326,53346700.0,13.392447475388488,13.439837593843508,12.387776964142075,12.501513248434122,54633200.0,600988000.0,42.79271806232402,47.449840245632,-0.4061147438482066,-0.4528147756619466,0.0467000318137399,13.208573815783012,13.806317836868214,12.61082979469781,0.3930238268136041,0.329475517061346,0.3066362128608745,13.117584788349376,13.157392487851592,13.208573815783012,13.05100942490189,13.159415479783387,13.4290541257379,-0.0718784380726624,-0.0271639289408223,0.0061022309876426,0.0386665268450001,0.492857231932204,0.0,1.0,5.02236,10.25
2021-09-10,13.089150717276365,13.534617830753543,12.994370480366326,13.221843048950417,58814300.0,12.463601153670108,13.07967269358536,12.463601153670108,12.994370480366326,53346700.0,659802300.0,45.556216887449054,45.88260862095059,-0.3746538006825197,-0.4371825806660612,0.0625287799835415,13.211417222890312,13.808845558696492,12.613988887084137,0.378800929275456,0.3213362222373903,0.3064742697296996,13.092941926752763,13.184878756555502,13.211417222890312,13.1079539662514,13.170765946904666,13.409319737472424,0.0489712087974272,0.0341913647482789,0.0417037349504498,0.0173540146931512,0.2274725685840906,0.0,0.0,5.02236,10.25
2021-09-13,13.37349142800648,13.63887609135459,13.20288700156841,13.525139807062542,34156700.0,13.089150717276365,13.534617830753543,12.994370480366326,13.221843048950417,58814300.0,693959000.0,49.087676987597554,44.120364563275,-0.3215407414220248,-0.4140542128172539,0.0925134713952291,13.192935076692857,13.723822019400831,12.66204813398488,0.4255410985051361,0.3379107083480895,0.272339255311528,13.151705673636988,13.22373865368862,13.192935076692857,13.247015913188449,13.23519755784246,13.420350220290532,0.0214907984435219,0.0076735639878382,0.015919294217491,0.0226799232213705,0.3032967581121255,0.0,0.0,5.02236,10.25
2021-09-14,13.496705735989533,13.648354115045594,13.364013404315475,13.430359570152504,26663100.0,13.37349142800648,13.63887609135459,13.20288700156841,13.525139807062542,34156700.0,667295900.0,48.03901669710892,42.45506922838707,-0.2838244803711909,-0.3880082663280413,0.1041837859568504,13.20004359446111,13.739578792286482,12.66050839663574,0.4086776103427945,0.3322404456816143,0.2767757165784062,13.13464523099318,13.268285365036338,13.20004359446111,13.308130465509802,13.27068156008065,13.421303491705958,0.0091711401191072,0.0006946856826783,0.0121300095924081,-0.0070323777861558,-0.0947802369100383,0.0,0.0,5.02236,10.25
2021-09-15,13.496705735989533,13.496705735989533,13.070194669894356,13.288189214787446,23359500.0,13.496705735989533,13.648354115045594,13.364013404315475,13.430359570152504,26663100.0,643936400.0,46.43651711818431,41.47634270094461,-0.2623814611112394,-0.362882905284681,0.1005014441734415,13.206678211044812,13.74712173753188,12.666234684557743,0.2043388051708961,0.3321427921935906,0.2772416793501448,13.291980424263846,13.27302437688184,13.206678211044812,13.301483381935684,13.27386477002734,13.408625941523242,0.0,-0.0111733005981249,-0.0222311055789119,-0.0106421720961451,-0.1421703553650584,1.0,0.0,5.02236,10.25
2021-09-16,13.183930954186405,13.4208815464615,13.117584788349376,13.382969451697484,24472500.0,13.496705735989533,13.496705735989533,13.070194669894356,13.288189214787446,23359500.0,668408900.0,47.68933369433606,40.56752521117662,-0.2350304560559326,-0.3373124154389313,0.1022819593829986,13.234164479748724,13.751254738173149,12.7170742213243,0.1188727065997478,0.3042840906880249,0.2652617056087885,13.36970021853008,13.243642503439728,13.234164479748724,13.32864540518962,13.293701984876456,13.40618246630174,-0.0234469000484782,-0.0056338177182562,0.003619258384313,0.0071073504586518,0.0947802369100383,0.0,0.0,5.02236,10.25
2021-09-17,13.288189214787446,13.487227712298528,13.221843048950417,13.37349142800648,42495900.0,13.183930954186405,13.4208815464615,13.117584788349376,13.382969451697484,24472500.0,625913000.0,47.56951293419259,39.4881381045026,-0.211679277847713,-0.3121857879206877,0.1005065100729746,13.228951566718672,13.738156129164462,12.719747004272882,0.0867122626802626,0.3054676181555729,0.2612164289261867,13.40002989434129,13.246485910547028,13.228951566718672,13.343594079461909,13.308209156354645,13.403069034083146,0.0078768756710925,0.0049313238361872,0.0079165580778508,-0.0007084662003733,-0.0094780236910043,0.0,0.0,5.02236,10.25
2021-09-20,13.212365025259414,13.25027712002343,12.842722101310263,12.956458385602309,42330200.0,13.288189214787446,13.487227712298528,13.221843048950417,13.37349142800648,42495900.0,583582800.0,42.50864049074616,39.21064797218363,-0.2242394888695518,-0.2945965281104605,0.0703570392409086,13.206678211044812,13.72259621559536,12.690760206494264,0.1913762963885249,0.3190481041610723,0.2646603520599158,13.286293610049244,13.218999641843116,13.206678211044812,13.214548848175376,13.244254470763307,13.36053468660878,-0.0057224762740664,-0.0177246752960966,-0.0290929609416648,-0.0316801151288643,-0.4170330424041708,0.0,1.0,5.02236,10.25
2021-09-21,13.07967269358536,13.117584788349376,12.842722101310263,12.842722101310263,63421300.0,13.212365025259414,13.25027712002343,12.842722101310263,12.956458385602309,42330200.0,520161500.0,41.22061514800067,38.95297856360173,-0.24059765421344,-0.2837967533310564,0.0431990991176163,13.199569693276558,13.731193892419473,12.667945494133646,0.2517124703032071,0.3204886572170204,0.272717459882618,13.168766116280796,13.151705673636988,13.199569693276558,13.090606599220338,13.171248585408208,13.311219202294634,-0.0100938131692185,-0.0100647866161405,0.0,-0.0088171034101485,-0.1137362842920453,0.0,0.0,5.02236,10.25
2021-09-22,13.03228257513034,13.686266209809608,12.833244077619256,13.46827166491652,102626800.0,13.07967269358536,13.117584788349376,12.842722101310263,12.842722101310263,63421300.0,622788300.0,50.164625472308494,36.859183883194,-0.2007706373238136,-0.2671915301296079,0.0664208928057942,13.213786728813066,13.758035778970376,12.669537678655756,0.2838980584040407,0.2376782297567151,0.279193871802154,13.204782606306612,13.248381515285228,13.213786728813066,13.2164949544524,13.225252781682444,13.326176579687194,-0.0036297680505787,0.0424391832751562,-0.0007382798415811,0.0475593947832995,0.6255495636062562,0.0,0.0,5.02236,10.25
2021-09-23,13.458793641225515,13.487227712298528,13.022804551439338,13.108106764658372,47549200.0,13.03228257513034,13.686266209809608,12.833244077619256,13.46827166491652,102626800.0,575239100.0,45.83974788125552,34.91494596567253,-0.1960102527462801,-0.2529552746529424,0.0569450219066622,13.208573815783012,13.754771195367212,12.662376436198812,0.2668699109140536,0.2266373200779341,0.2801933437095137,13.149810068898788,13.259755143714433,13.208573815783012,13.18036555785439,13.203953505859884,13.305408025874929,0.0322031404946345,-0.014649721362919,0.0146630193100745,-0.0271057964323424,-0.3601649002581482,1.0,0.0,5.969124,10.25
2021-09-24,13.03228257513034,13.164974906804396,12.928024314529296,13.136540835731385,41251300.0,13.458793641225515,13.487227712298528,13.022804551439338,13.108106764658372,47549200.0,616490400.0,46.23384888014326,33.3399257921422,-0.1877786266498358,-0.239919945052321,0.0521413184024852,13.218051839474017,13.752208903223636,12.683894775724394,0.2365331915956907,0.2298059726700165,0.2740167920102407,13.10241995044377,13.251224922392533,13.218051839474017,13.165757317146722,13.19169665674561,13.289325436337446,-0.0322031404946345,-0.0241832553355085,-0.0073046343788871,0.0021668480850904,0.0284340710730113,0.0,1.0,5.969124,10.25
2021-09-27,13.1744529304954,13.259755143714434,12.766897911782232,12.946980361911306,40737000.0,13.03228257513034,13.164974906804396,12.928024314529296,13.136540835731385,41251300.0,575753400.0,43.93841559464456,32.25912277281185,-0.1943110528146245,-0.2307981666047817,0.0364871137901572,13.208573815783012,13.754771195367212,12.662376436198812,0.2380286346174188,0.2259315579280539,0.2801933437095137,13.10052434570557,13.193408977877407,13.208573815783012,13.092831665401585,13.147202784957551,13.256721143534955,0.0108500160240656,0.0071736319111375,-0.0125416619930431,-0.0145351396191131,-0.1895604738200766,0.0,0.0,5.969124,10.25
2021-09-28,12.937502338220302,12.937502338220302,12.217172537704007,12.32143079830505,55851400.0,13.1744529304954,13.259755143714434,12.766897911782232,12.946980361911306,40737000.0,519902000.0,37.34854435315833,32.32990564822287,-0.2471160692392207,-0.2340617471316695,-0.0130543221075511,13.1754007328645,13.839725683737864,12.511075781991137,0.4221393009006048,0.3400381808918043,0.3407915091730524,12.996266085104526,13.08251610069266,13.1754007328645,12.835698043036071,12.997062423748003,13.16764587256068,-0.0181493185056771,-0.0246032670464209,-0.0440131734711766,-0.0495224966811074,-0.6255495636062562,1.0,0.0,5.969124,10.25
2021-09-29,12.425694097321244,12.521868200241688,12.175641429728094,12.223728481188315,39272500.0,12.937502338220302,12.937502338220302,12.217172537704007,12.32143079830505,55851400.0,480629500.0,36.429547271375895,32.46591819814635,-0.2934653003476999,-0.2459424577748756,-0.0475228425728242,13.124547202107294,13.906380905476638,12.34271349873795,0.4407533018360265,0.4245966400129944,0.4010722272937561,12.747357448358883,12.976070027332748,13.124547202107294,12.631708189086822,12.856456252373516,13.077748978144266,-0.0403638183716799,-0.0326536799457124,-0.0034051953302327,-0.0079610673553407,-0.0977023171167346,0.0,1.0,5.969124,10.25
2021-09-30,12.185258840020136,12.5026333796576,12.07946732680765,12.291050353232624,34070800.0,12.425694097321244,12.521868200241688,12.175641429728094,12.223728481188315,39272500.0,514700300.0,37.56946501207541,32.758789188765135,-0.3210640608496948,-0.2609667783898395,-0.0600972824598553,13.055260310462996,13.87380207777957,12.236718543146418,0.4247392589221783,0.4480819420336189,0.4199030667721654,12.583946166073735,12.866878117486262,13.055260310462996,12.518155577135424,12.753655179802443,13.002825299581254,-0.0195395040214081,-0.0015372793188865,-0.0079302556759777,0.0054923637480257,0.0673218720443085,0.0,0.0,5.969124,10.25
2021-10-01,12.31990258410876,12.877712381047328,12.310285173816714,12.63727712374622,53471600.0,12.185258840020136,12.5026333796576,12.07946732680765,12.291050353232624,34070800.0,568171900.0,43.20951472772555,31.766284172367783,-0.3114089421040233,-0.2710552111326763,-0.040353730971347,13.019871298803633,13.846398140172871,12.193344457434392,0.3038273455312268,0.4148433788444868,0.4239993233310808,12.484093423676702,12.793256687060236,13.019871298803633,12.557862759339024,12.732495533246766,12.968011187596964,0.0109891215755952,0.0295588022415445,0.0189280098855189,0.0277795641070759,0.3462267705135957,0.0,1.0,5.969124,10.67
2021-10-04,12.608424892870088,12.618042303162133,11.858266890090633,11.896736531258806,51894900.0,12.31990258410876,12.877712381047328,12.310285173816714,12.63727712374622,53471600.0,516277000.0,35.76669365789532,31.67924698305996,-0.3593700337455381,-0.2887181756552486,-0.0706518580902894,12.9531420717345,13.90638894446224,11.999895199006762,0.2642752373416976,0.4959466610246926,0.4890053278057665,12.274044657546202,12.687284501625886,12.9531420717345,12.337487349978952,12.580539351067136,12.865985029850473,0.0231491818669655,-0.0203703761871381,-0.0374098537493186,-0.0603868266520684,-0.7405405924874131,0.0,1.0,5.969124,10.67
2021-10-05,12.089084737099697,12.09870214739174,11.694770915125876,11.704388325417922,26603700.0,12.608424892870088,12.618042303162133,11.858266890090633,11.896736531258806,51894900.0,489673300.0,34.12260829057092,31.86192005859644,-0.4081950190161336,-0.3126135443274256,-0.0955814746887079,12.86257839883682,13.922985859939498,11.802170937734145,0.3624500696704707,0.5798478231885728,0.5439775497404641,12.150636162968777,12.573451124036652,12.86257839883682,12.12645434179194,12.42123916458546,12.755356772285468,-0.0420622751734525,-0.0420295322436485,-0.0138834406382319,-0.0163002794049602,-0.1923482058408847,0.0,0.0,5.969124,10.67
2021-10-06,11.444718247532728,11.79094501804632,11.271604862275929,11.752475376878143,58062800.0,12.089084737099697,12.09870214739174,11.694770915125876,11.704388325417922,26603700.0,547736100.0,34.92792171479236,32.637298531869526,-0.4379604134106163,-0.3376829181440638,-0.1002774952665525,12.82512650525902,13.982384273233498,11.667868737284545,0.3982002759132989,0.5379914465807094,0.5936607088620981,12.056385542106742,12.401871495232816,12.82512650525902,12.001794686820675,12.299645748638676,12.659844258437152,-0.0547746224846723,-0.0257663207642293,-0.0368550923891541,0.0041000467440133,0.0480870514602216,0.0,1.0,5.969124,10.67
2021-10-07,11.771710197462232,12.06023250622356,11.704388325417922,11.829414659214498,34506800.0,11.444718247532728,11.79094501804632,11.271604862275929,11.752475376878143,58062800.0,582242900.0,36.2703004987721,32.52954145475792,-0.4501522706739251,-0.3601767886500361,-0.089975482023889,12.76687871420143,13.99904511219058,11.53471231621228,0.3834320488207504,0.5022556224581152,0.6320880252518043,11.964058403303117,12.274002284688429,12.76687871420143,11.944334677618617,12.214149186925187,12.580755725177852,0.0281708769666964,0.0225816046967093,0.0376771228505692,0.0065253086349224,0.0769392823363546,0.0,1.0,5.969124,10.67
2021-10-08,11.781327607754276,12.358372225276934,11.781327607754276,12.002528044471296,42423200.0,11.771710197462232,12.06023250622356,11.704388325417922,11.829414659214498,34506800.0,624666100.0,39.304233618963984,31.60272694710656,-0.4407647404104633,-0.3762943790021216,-0.0644703614083417,12.705912963977472,13.962421866300389,11.44940406165456,0.1180632598016637,0.4043476780375372,0.6445754664927946,11.837108587448132,12.160601005562418,12.705912963977472,11.96373246656951,12.175672615569932,12.525686422253418,0.0008166599065559,0.0244202761364542,0.0065520299913002,0.0145281005629098,0.1731133852567978,0.0,0.0,5.969124,10.67
2021-10-11,11.954440993011074,12.069849916515606,11.492805298992948,11.52165752986908,47947500.0,11.781327607754276,12.358372225276934,11.781327607754276,12.002528044471296,42423200.0,576718600.0,34.404607683534735,31.22618234827616,-0.4667469188286048,-0.3943848869674183,-0.0723620318611865,12.6057388501178,13.903791573170016,11.307686127065589,0.1757645867687222,0.3428921369265376,0.6658869968583783,11.762092787170188,12.018068722358196,12.6057388501178,11.816374154336035,12.05676078180614,12.43006462297872,0.0145869685318835,-0.0236231457634357,-0.0247946586132163,-0.0408887702539781,-0.4808705146022145,0.0,1.0,5.969124,10.67
2021-10-13,11.733240556294056,12.473781148781468,11.637066453373611,12.425694097321244,123179500.0,11.954440993011074,12.069849916515606,11.492805298992948,11.52165752986908,47947500.0,699898100.0,47.62368310640944,29.85958759562621,-0.4096673960394721,-0.3974413887818291,-0.012226007257643,12.55550557647624,13.798618886243322,11.312392266709155,0.3378436215395415,0.3545291042328361,0.6377036725049767,11.906353941550853,12.028495052259816,12.55550557647624,12.019480801997773,12.12383956644525,12.429648382439913,-0.0186769537834088,0.0329183327505595,0.0124741742251757,0.0755379056671525,0.9040365674521632,0.0,1.0,5.969124,10.67
2021-10-14,12.512250789949643,12.627659713454175,12.175641429728094,12.310285173816714,44126000.0,11.733240556294056,12.473781148781468,11.637066453373611,12.425694097321244,123179500.0,655772100.0,46.33981584059028,28.236775966602995,-0.3694848077402035,-0.391850072573504,0.0223652648333004,12.506610374427702,13.706789229512603,11.3064315193428,0.3653097056888114,0.3608259578099531,0.6156787619737275,12.017915900938569,12.037150721522654,12.506610374427702,12.116415592604088,12.157738767785515,12.41828045780913,0.0642823407852031,0.0122606899863519,0.0452419641133348,-0.0093313274288844,-0.1154089235045301,1.0,1.0,5.969124,10.67
2021-10-15,12.26219812235649,12.752686047250751,12.242963301772404,12.646894534038264,56335200.0,12.512250789949643,12.627659713454175,12.175641429728094,12.310285173816714,44126000.0,712107300.0,50.52890986697635,26.44497598818733,-0.3069400410750695,-0.3748680662738172,0.0679280251987476,12.469806628544742,13.60353768306064,11.336075574028843,0.4359562644055826,0.4036525365380645,0.581591759509993,12.18141187590332,12.07273513960322,12.469806628544742,12.29324190641548,12.246676179831468,12.44005322697381,-0.020187020919979,0.0098522964430118,0.0055139958532848,0.0269765876982019,0.3366093602215496,0.0,0.0,5.969124,10.67
2021-10-18,12.666129354622353,12.68536417520644,12.358372225276934,12.435311507613289,36608500.0,12.26219812235649,12.752686047250751,12.242963301772404,12.646894534038264,56335200.0,675498800.0,47.99271516996973,24.78116172251564,-0.2713182568661985,-0.3541581043922934,0.0828398475260949,12.422897632525082,13.47810046973763,11.367694795312534,0.434521791898495,0.3764000962409521,0.5413076340194546,12.267968568531716,12.052538577989926,12.422897632525082,12.340598440148083,12.280973512155434,12.43960163465376,0.0324102441507547,-0.0052930180284933,0.0093823987719137,-0.0168715658400073,-0.2115830264249751,1.0,1.0,5.969124,10.67
2021-10-19,12.339137404692844,12.425694097321244,11.887119120966764,12.040997685639471,78840300.0,12.666129354622353,12.68536417520644,12.358372225276934,12.435311507613289,36608500.0,596658500.0,43.600533234127575,24.204418083945168,-0.2717727392888864,-0.3376810313716121,0.0659082920827256,12.377124597526938,13.415057371443927,11.339191823609948,0.2212631500672848,0.3725096685420986,0.5324482784792637,12.371836599685796,12.066964693427993,12.377124597526938,12.240731521978548,12.237341543697983,12.401639353795256,-0.0261553371276446,-0.0206824683747672,-0.0388783593116839,-0.0322228271118136,-0.3943138219738173,-1.0,1.0,5.969124,10.67
2021-10-20,12.23334589148036,12.762303457542796,12.185258840020136,12.63727712374622,76490600.0,12.339137404692844,12.425694097321244,11.887119120966764,12.040997685639471,78840300.0,673149100.0,50.91593289881085,22.858601402728983,-0.2214652391239138,-0.3144378729220725,0.0929726337981586,12.366852348648738,13.39011283701754,11.343591860279936,0.2522073019653112,0.3881061671684369,0.5249215548052364,12.414153204970791,12.16025357326082,12.366852348648738,12.37291338923444,12.310057103706756,12.424081046171535,-0.0086106207155691,0.0267293499896603,0.0247715423035028,0.0483336473845121,0.5962794381067482,0.0,1.0,5.969124,10.67
2021-10-21,12.358372225276934,12.68536417520644,12.156406609144003,12.473781148781468,82606200.0,12.23334589148036,12.762303457542796,12.185258840020136,12.63727712374622,76490600.0,590542900.0,49.03775987671537,21.66902534998454,-0.1925691245858782,-0.2900641232548336,0.0974949986689553,12.317127822841984,13.20978327977928,11.424472365904688,0.2458936912975916,0.370529029370502,0.4579225873441738,12.446852399963742,12.232384150451155,12.317127822841984,12.406535975750115,12.339825111902156,12.428814389277244,0.0101682534292528,-0.006046881614893,-0.0023706056143364,-0.0130220147281119,-0.1634959749647517,0.0,1.0,5.969124,10.67
2021-10-22,12.454546328197376,12.454546328197376,11.7428579665861,12.12755437826787,72861900.0,12.358372225276934,12.68536417520644,12.156406609144003,12.473781148781468,82606200.0,517681000.0,45.23260970886448,21.37303989047592,-0.1953544282271231,-0.2711221842492916,0.0757677560221684,12.26810020352246,13.086193728660945,11.450006678383977,0.2499231689212163,0.3456623264782115,0.4196731233865579,12.342984368809663,12.262198122356493,12.26810020352246,12.313542109922702,12.301230433059558,12.400122959657304,0.0077519768043177,-0.0183631785836766,-0.034611100596098,-0.0281488483515244,-0.3462267705135975,0.0,0.0,5.969124,10.67
2021-10-25,12.16602401943605,12.550720431117822,12.117936967975826,12.425694097321244,31113800.0,12.454546328197376,12.454546328197376,11.7428579665861,12.12755437826787,72861900.0,548794800.0,48.90906196790131,20.85188901968028,-0.171527159437776,-0.2512031792869885,0.0796760198492124,12.232557866601953,12.95252545320337,11.512590280000536,0.2490705026539381,0.3361113289718951,0.3693355790280232,12.341060886751254,12.304514727641486,12.232557866601953,12.350926105722216,12.323860190198047,12.402558306101486,-0.0234385729720174,0.0076923456231559,0.0314415258348188,0.0242863483776276,0.2981397190533741,1.0,0.0,5.969124,10.67
2021-10-26,12.16602401943605,12.223728481188315,11.675536094541789,11.704388325417922,47844000.0,12.16602401943605,12.550720431117822,12.117936967975826,12.425694097321244,31113800.0,500950800.0,41.62825748298037,21.14682419205992,-0.2084444074676099,-0.2426514249231127,0.0342070174555028,12.170428264777282,12.846169109000266,11.494687420554298,0.3676946132950126,0.2907241306628118,0.3466477388962643,12.273739014706944,12.322787807196372,12.170428264777282,12.135413512287451,12.211228942056206,12.336065926988766,0.0,-0.0263990485673395,-0.0371910283260801,-0.0598025913550199,-0.7213057719033227,0.0,0.0,5.969124,10.67
2021-10-27,11.685153504833831,11.954440993011074,11.588979401913392,11.685153504833831,30864900.0,12.16602401943605,12.223728481188315,11.675536094541789,11.704388325417922,47844000.0,470085900.0,41.45105124725429,21.56024286444992,-0.2365271440906546,-0.2414265687566211,0.0048994246659664,12.138614400103725,12.842258604308228,11.434970195899218,0.3787355222167647,0.3498940225961692,0.3609618605420036,12.083314290924466,12.248733747947629,12.138614400103725,11.985326843136246,12.115578862561229,12.274074267735916,-0.0403280453869716,-0.0222761796787431,-0.007441125694688,-0.0016447372128784,-0.0192348205840886,1.0,0.0,5.969124,10.67
2021-10-28,11.540892350453168,11.81017983863041,11.348544144612283,11.608214222497478,28926600.0,11.685153504833831,11.954440993011074,11.588979401913392,11.685153504833831,30864900.0,441159300.0,40.70463799837097,22.32133193608876,-0.2619714287071577,-0.2455355407467284,-0.0164358879604292,12.10783868716918,12.846853285404723,11.36882408893364,0.3525538506081249,0.402632830507798,0.3791064898322872,11.910200905667669,12.178526652815703,12.10783868716918,11.859622636256656,12.023330746186002,12.210659025332255,-0.012422519998557,-0.0121409828036234,-0.0209651284650447,-0.0066061346771171,-0.0769392823363546,0.0,0.0,7.3725119999999995,10.67
2021-10-29,11.733240556294056,11.839032069506542,11.396631196072503,11.483187888700902,20740700.0,11.540892350453168,11.81017983863041,11.348544144612283,11.608214222497478,28926600.0,420418600.0,39.46112230149732,22.94066554101002,-0.2888945908183071,-0.2542073507610442,-0.0346872400572629,12.067445563942597,12.849072444159944,11.285818683725246,0.3705512178993503,0.4200165307466469,0.4009661292554275,11.781327607754276,12.062155988281969,12.067445563942597,11.734144387071408,11.925122953915984,12.141376059938796,0.0165293019512104,0.0024400174773657,0.004228336109521,-0.0108289271449844,-0.1250263337965762,0.0,1.0,7.3725119999999995,10.67
2021-11-01,11.492805298992948,11.685153504833831,11.415866016656592,11.588979401913392,19534900.0,11.733240556294056,11.839032069506542,11.396631196072503,11.483187888700902,20740700.0,439953500.0,41.10077170677146,23.51576103129405,-0.2982567812665788,-0.2630172368621511,-0.0352395444044276,12.015030677850952,12.777130193054866,11.252931162647036,0.0880400242188164,0.4217355954031156,0.3909488023669038,11.613984668672703,11.97752277771198,12.015030677850952,11.685756058685405,11.864005944460969,12.088766854412563,-0.0207046733616911,-0.0130827704098046,0.0016863410404361,0.009170551972208,0.1057915132124893,0.0,1.0,7.3725119999999995,10.74
2021-11-03,11.502422709284993,11.685153504833831,11.18504816964753,11.52165752986908,55059100.0,11.492805298992948,11.685153504833831,11.415866016656592,11.588979401913392,19534900.0,384894400.0,40.35179294151292,24.43951849378421,-0.3075632988319619,-0.2719264492561133,-0.0356368495758485,11.996276727781469,12.787019125852748,11.205534329710186,0.0785454552093365,0.4444173279431397,0.4056422912485178,11.577438509562937,11.92558876213494,11.996276727781469,11.631056549079965,11.801760778171532,12.03475644255128,0.0008364701449661,0.0,-0.0204262420910033,-0.0058260672493606,-0.0673218720443102,1.0,0.0,7.3725119999999995,10.74
2021-11-04,11.463953068116814,11.560127171037257,11.319691913736149,11.463953068116814,21794600.0,11.502422709284993,11.685153504833831,11.18504816964753,11.52165752986908,55059100.0,363099800.0,39.68425545517437,25.29729328038221,-0.3159529400405532,-0.2807317474130013,-0.0352211926275518,11.984254964916412,12.79931899725919,11.169190932573631,0.0635768289343938,0.3867958273318336,0.418119026373462,11.533198422219533,11.808256356572,11.984254964916412,11.575355388758917,11.740341194525218,11.980394216414664,-0.0033500868852822,-0.0107572406794957,0.0119659547416119,-0.0050209310500997,-0.0577044617522677,0.0,1.0,7.3725119999999995,10.74
2021-11-05,11.617831632789525,12.002528044471296,11.560127171037257,11.915971351842895,31732800.0,11.463953068116814,11.560127171037257,11.319691913736149,11.463953068116814,21794600.0,394832600.0,47.07077197412909,24.63685915865066,-0.2828669788663944,-0.2811587937036799,-0.0017081851627144,11.99242976366465,12.801287132028945,11.183572395300356,0.1858177251622865,0.31341545068922,0.4149350749331661,11.594749848088616,11.752475376878143,11.99242976366465,11.688894043120245,11.77227395040116,11.974258705503068,0.013333530869465,0.0375554338342198,0.0210180078348765,0.0386720340038473,0.4520182837260833,0.0,1.0,7.3725119999999995,10.74
2021-11-08,11.79094501804632,11.829414659214498,11.608214222497478,11.7428579665861,14550300.0,11.617831632789525,12.002528044471296,11.560127171037257,11.915971351842895,31732800.0,380282300.0,44.80758791072457,24.02359890275708,-0.2675309889770236,-0.2784332327583487,0.010902243781325,11.98810192903323,12.801316386154133,11.174887471912326,0.1831100366245757,0.2845410157814912,0.4171702143043642,11.646683863665656,11.714005735709966,11.98810192903323,11.706882017608862,11.766925589707512,11.952220539891927,0.0147907380013965,-0.0145281005629098,0.0041511060023786,-0.0146344075184376,-0.1731133852567978,0.0,0.0,7.3725119999999995,10.74
2021-11-09,11.81017983863041,12.310285173816714,11.752475376878143,12.156406609144003,26323500.0,11.79094501804632,11.829414659214498,11.608214222497478,11.7428579665861,14550300.0,406605800.0,50.88306574506413,22.475506148621637,-0.2194771907801396,-0.2666420243627069,0.0471648335825672,11.995795857266865,12.81231569024822,11.179276024285508,0.2855739340789843,0.2136037194305373,0.4188658363435286,11.76016930511178,11.687076986892242,11.995795857266865,11.856723548120575,11.837740320514149,11.97166683220165,0.001629992210931,0.0398459085471998,0.0123509186340089,0.034611100596098,0.413548642557906,0.0,1.0,7.3725119999999995,10.74
2021-11-10,12.07946732680765,12.387224456153069,12.021762865055384,12.16602401943605,33051100.0,11.81017983863041,12.310285173816714,11.752475376878143,12.156406609144003,26323500.0,439656900.0,51.018102781001325,21.223491897550318,-0.1785598382005364,-0.2490255871302728,0.0704657489297363,12.028014181745212,12.817562565734898,11.238465797755524,0.2962256044537056,0.2621320207522348,0.4050297749486172,11.889042603025173,11.733240556294056,12.028014181745212,11.959823705225734,11.897428265772676,11.990177040509687,0.0225452383210562,0.006230549750636,0.0226546905648064,0.0007908264548177,0.0096174102920443,1.0,0.0,7.3725119999999995,10.74
2021-11-11,12.358372225276934,12.694981585498486,12.339137404692844,12.618042303162133,40594000.0,12.07946732680765,12.387224456153069,12.021762865055384,12.16602401943605,33051100.0,480250900.0,57.00161679197369,20.75878327696612,-0.1084087747916378,-0.2209022246625458,0.112493449870908,12.037631592037258,12.850658926202517,11.224604257872,0.329906612754868,0.3818016329734708,0.4170742222535291,12.119860450034237,11.826529436126885,12.037631592037258,12.179229904537866,12.028448999843484,12.049973732190873,0.0228266503011762,0.0245411089161176,0.0260575343192894,0.036480568342414,0.4520182837260815,1.0,1.0,7.3725119999999995,10.74
2021-11-12,12.68536417520644,12.781538278126884,12.396841866445111,12.56995525170191,22775700.0,12.358372225276934,12.694981585498486,12.339137404692844,12.618042303162133,40594000.0,457475200.0,56.21488113125222,20.511191114087943,-0.0560476918978274,-0.1879313181096021,0.1318836262117747,12.050615095931516,12.888555941816652,11.212674250046378,0.3573615362730038,0.4377312991762448,0.429854584103037,12.250657230006038,11.922703539047328,12.050615095931516,12.309471686925882,12.12690468199956,12.099495781668114,0.0261151553879943,0.0067950431328287,0.004665638323551,-0.0038182558798127,-0.0480870514602216,0.0,0.0,7.3725119999999995,10.74
2021-11-16,12.464163738489423,12.877712381047328,12.300667763524668,12.339137404692844,29540900.0,12.68536417520644,12.781538278126884,12.396841866445111,12.56995525170191,22775700.0,427934300.0,52.47128264342202,20.28128410570107,-0.0327981510227974,-0.1569046846922412,0.1241065336694437,12.035227239464245,12.83942678408292,11.23102769484557,0.2177658640321175,0.4257615937836914,0.4125456617677493,12.369913117627387,12.00829849064652,12.035227239464245,12.31936025951487,12.165492449761976,12.122318793384755,-0.0175912758050946,0.0074962869779273,-0.0077882013603449,-0.0185333490085852,-0.2308178470090638,0.0,0.0,7.3725119999999995,10.74
2021-11-17,12.377607045861025,12.521868200241688,11.92558876213494,12.07946732680765,44214600.0,12.464163738489423,12.877712381047328,12.300667763524668,12.339137404692844,29540900.0,383719700.0,48.55387248027407,18.96401470255146,-0.0349233528349373,-0.1325084183207804,0.0975850654858431,12.017435030423965,12.800919943805397,11.233950117042534,0.2383682464997528,0.3995323762835338,0.4019192801573298,12.354525261160116,12.057347283135949,12.017435030423965,12.239395948612463,12.149851518315732,12.118237701329791,-0.0069686693160933,-0.0280215229226579,-0.03096714297976,-0.0212690175874925,-0.259670077885195,0.0,0.0,7.3725119999999995,10.74
2021-11-18,12.271815532648535,12.367989635568978,11.839032069506542,11.992910634179252,29214700.0,12.377607045861025,12.521868200241688,11.92558876213494,12.07946732680765,44214600.0,354505000.0,47.28657476877906,17.708670660729194,-0.0430952174520147,-0.1146257781470273,0.0715305606950125,12.015030677850952,12.798506737031577,11.23155461867033,0.2812989758430716,0.3545914234768994,0.4019147380481528,12.319902584108757,12.104472593566966,12.015030677850952,12.157234177134727,12.121316812109098,12.106301790172598,-0.0085837436913913,-0.0123649179709501,-0.0072845324146291,-0.0071914013481073,-0.0865566926283989,1.0,1.0,7.3725119999999995,10.74
2021-11-19,12.07946732680765,12.26219812235649,11.887119120966764,11.97367581359516,27649200.0,12.271815532648535,12.367989635568978,11.839032069506542,11.992910634179252,29214700.0,326855800.0,46.99303937044349,16.542994050465662,-0.050540963538177,-0.1018088152252572,0.0512678516870802,11.9818506123434,12.71146351340431,11.252237711282492,0.2571286182094007,0.2813610779906757,0.3742835209452701,12.191029286195365,12.1554448681148,11.9818506123434,12.096048055954874,12.094472994197472,12.093670744784273,-0.0157981168765912,-0.0085904472050382,0.0040535118331828,-0.0016051367812286,-0.0192348205840904,0.0,0.0,7.3725119999999995,10.74
2021-11-22,12.050615095931516,12.204493660604223,11.627449043081567,11.665918684249746,16955100.0,12.07946732680765,12.26219812235649,11.887119120966764,11.97367581359516,27649200.0,309900700.0,42.45228167105615,16.16035238921013,-0.0803489861627166,-0.0975168494127491,0.0171678632500324,11.941457489116814,12.64670356948895,11.236211408744678,0.2414333961424757,0.3142030822236333,0.3617836056773597,12.010221972704931,12.130439601355484,11.941457489116814,11.952671598719832,12.01655402875243,12.052932453304791,-0.0023913921320759,-0.0047169898781387,-0.0220867874028436,-0.0260388999547576,-0.3077571293454149,0.0,0.0,7.3725119999999995,10.74
2021-11-23,11.685153504833831,11.72362314600201,11.261987451983885,11.483187888700902,33470500.0,12.050615095931516,12.204493660604223,11.627449043081567,11.665918684249746,16955100.0,276430200.0,39.98199390359144,16.635278489333846,-0.1173640076797095,-0.1014862810661412,-0.0158777266135683,11.909239164638466,12.63607872537675,11.182399603900182,0.2530859481521704,0.3575354827610152,0.3728608273782807,11.839032069506542,12.104472593566966,11.909239164638466,11.796177028713522,11.91957836692488,11.99867106619966,-0.0307965991214191,-0.0401983382331159,-0.0319354870170753,-0.015787614991503,-0.1827307955488439,0.0,0.0,7.3725119999999995,10.74
2021-11-24,11.367778965196372,11.752475376878143,11.23313522110775,11.704388325417922,18372900.0,11.685153504833831,11.72362314600201,11.261987451983885,11.483187888700902,33470500.0,294803100.0,44.21385840697391,17.13695519364867,-0.1273812802107023,-0.1066652808950534,-0.0207159993156489,11.8731738760433,12.564650962182675,11.181696789903924,0.217021290441957,0.378215520520377,0.3547202606709607,11.764016269228597,12.059270765194356,11.8731738760433,11.765580794281655,11.880452904832708,11.97064413850616,-0.0275361578086053,0.0024580102502689,-0.002565200209545,0.01907979903498,0.2212004367170195,1.0,1.0,7.3725119999999995,10.74
2021-11-25,11.72362314600201,11.992910634179252,11.704388325417922,11.858266890090633,11143600.0,11.367778965196372,11.752475376878143,11.23313522110775,11.704388325417922,18372900.0,305946700.0,47.012825437439766,16.808901872069125,-0.1215027189980091,-0.1096327685156446,-0.0118699504823645,11.880867804276935,12.568072654198122,11.193662954355748,0.1879213423766974,0.3810741652970695,0.352528649733533,11.73708752041087,12.028495052259816,11.880867804276935,11.796476159551316,11.876419083970507,11.959941543418967,0.0308229315152281,0.0202518059484959,0.0410959295993551,0.0130614101768169,0.1538785646727092,0.0,0.0,7.3725119999999995,10.74
2021-11-26,11.540892350453168,11.598596812205434,11.252370041691838,11.319691913736149,15573700.0,11.72362314600201,11.992910634179252,11.704388325417922,11.858266890090633,11143600.0,290373000.0,39.53600473978324,17.466030339422684,-0.1584756082528304,-0.1194013364630817,-0.0390742717897486,11.862594724722053,12.588017182764998,11.137172266679103,0.2085448437549847,0.3790664306884557,0.3721338690342323,11.60629074043907,11.898660013317215,11.862594724722053,11.637548077612928,11.775195962109716,11.898965388211082,-0.0157092937051799,-0.0334315683929058,-0.0393850651957254,-0.0464813959040677,-0.5385749763544823,0.0,0.0,7.3725119999999995,10.74
2021-11-29,11.396631196072503,11.425483426948638,10.78111693738167,11.09849147701913,39875300.0,11.540892350453168,11.598596812205434,11.252370041691838,11.319691913736149,15573700.0,250497700.0,36.93767278000323,18.855139965316116,-0.2032826006748838,-0.1361775893054422,-0.0671050113694416,11.837108587448132,12.629237640385918,11.044979534510349,0.301609714935039,0.3751050305147213,0.4063536301859414,11.492805298992948,11.75151363584894,11.837108587448132,11.45786254408166,11.652158783002337,11.822729777621372,-0.0125787822068601,-0.0150378773645405,-0.0427826047196417,-0.0197346601922316,-0.2212004367170195,0.0,0.0,7.3725119999999995,10.74
2021-11-30,10.992699963806643,11.05040442555891,10.540681680080562,10.704177655045315,34187000.0,11.396631196072503,11.425483426948638,10.78111693738167,11.09849147701913,39875300.0,216310700.0,32.79949016148578,20.482593898993333,-0.2675264169957714,-0.162447354843508,-0.1050790621522633,11.798158075765354,12.72176751399419,10.87454863753652,0.4648503409599684,0.4410386327164866,0.4738016447021573,11.337003252261828,11.588017660884187,11.798158075765354,11.206634247736211,11.47979857791924,11.7162010040427,-0.0360863897744208,-0.0333792220738344,-0.0225539555641991,-0.0361750957924997,-0.3943138219738138,0.0,0.0,7.3725119999999995,10.74
2021-12-01,10.858056219718025,11.069639246142998,10.569533910956691,10.646473193293048,25399300.0,10.992699963806643,11.05040442555891,10.540681680080562,10.704177655045315,34187000.0,190911400.0,32.23042985005789,21.92892447757384,-0.3194143621505425,-0.1938407563049149,-0.1255736058456276,11.751032765334338,12.800173215911215,10.70189231475746,0.4955720035898224,0.4933188817232727,0.5381976952943706,11.125420225836852,11.444718247532723,11.751032765334338,11.019913896255158,11.328284871623568,11.614322164923683,-0.012324099645149,0.0017391308731271,0.0027334868956603,-0.0054054185669083,-0.0577044617522677,0.0,0.0,7.3725119999999995,10.06
2021-12-02,10.848438809425978,11.16581334906344,10.742647296213493,10.848438809425978,27849300.0,10.858056219718025,11.069639246142998,10.569533910956691,10.646473193293048,25399300.0,218760700.0,36.39018766371076,22.93643500797654,-0.3403160436811365,-0.2231358137801592,-0.1171802299009772,11.717371829312182,12.834768813691776,10.599974844932587,0.2819886363833683,0.4846905509186666,0.573212558329348,10.923454609703924,11.330271065057396,11.717371829312182,10.962755533978765,11.241040133042189,11.54138089297152,-0.0008861320916575,0.0086505729760086,0.0162458446655793,0.0187924993493675,0.2019656161329308,0.0,0.0,7.3725119999999995,10.06
2021-12-03,11.01193478439073,11.425483426948638,10.9830825535146,11.079256656435042,23845300.0,10.848438809425978,11.16581334906344,10.742647296213493,10.848438809425978,27849300.0,242606000.0,40.85810549807103,23.012401211656563,-0.3344009397778169,-0.2453888389796908,-0.0890121007981261,11.698137008728091,12.845172356254508,10.551101661201676,0.2084339333371536,0.432481775001257,0.5884167178192866,10.875367558243704,11.240829149341389,11.698137008728091,11.001589241464192,11.211624955477252,11.497369060920429,0.0149584839303358,0.0229895182246986,0.0221345911467549,0.0210534091978322,0.2308178470090638,0.0,0.0,7.3725119999999995,10.06
2021-12-06,11.300457093152062,11.560127171037257,11.194665579939574,11.377396375488416,26673000.0,11.01193478439073,11.425483426948638,10.9830825535146,11.079256656435042,23845300.0,269279000.0,46.1222262314128,22.666006364550807,-0.3021725367407271,-0.256745578531898,-0.045426958208829,11.671208259910369,12.82180550003292,10.520611019787816,0.3001957194906294,0.4100121073656415,0.5902439301673311,10.93114853793756,11.211976918465254,11.671208259910369,11.126858286138932,11.2417652136611,11.485943090879283,0.0258635105899194,0.0117156151725628,0.0190812380754277,0.02655402272255,0.2981397190533723,0.0,1.0,7.3725119999999995,10.06
2021-12-07,11.550509760745213,11.848649479798588,11.45433565782477,11.627449043081567,27396400.0,11.300457093152062,11.560127171037257,11.194665579939574,11.377396375488416,26673000.0,296675400.0,50.13139352772922,21.5173288294478,-0.253531580402349,-0.2561027789059882,0.0025711985036392,11.665437813735142,12.81569737335616,10.515178254114124,0.3947475397616994,0.4229486338090448,0.5900707037250835,11.11580281554481,11.22640303390332,11.665437813735142,11.293721871786476,11.311889546283004,11.499419848231884,0.0218863955017241,0.0246520289983118,0.0229309410639166,0.021739986636406,0.2500526675931525,0.0,0.0,7.3725119999999995,10.06
2021-12-08,11.608214222497478,11.800562428338363,11.483187888700902,11.733240556294056,30036800.0,11.550509760745213,11.848649479798588,11.45433565782477,11.627449043081567,27396400.0,326712200.0,51.7666868085639,20.450699689709293,-0.2040941112154168,-0.245701045367874,0.0416069341524571,11.644279511092645,12.773002564008348,10.515556458176942,0.3701516208641454,0.4266537773632106,0.5790227088954886,11.33315628814501,11.229288256990932,11.644279511092645,11.440228099955672,11.388498820830469,11.521688487094949,0.004983399017548,-0.0040666993825535,0.0025157245972473,0.0090572871125096,0.1057915132124875,0.0,0.0,7.3725119999999995,10.06
2021-12-09,11.5697445813293,11.627449043081567,11.194665579939574,11.252370041691838,25730500.0,11.608214222497478,11.800562428338363,11.483187888700902,11.733240556294056,30036800.0,300981700.0,44.606440085662776,20.141154190880005,-0.2013952335447442,-0.236839883003248,0.0354446494585038,11.598596812205434,12.713021881161064,10.484171743249805,0.2678582577939892,0.366137278511719,0.5716879978847415,11.413942534598185,11.168698572151053,11.598596812205434,11.377608747201062,11.36374813371435,11.49603911134227,-0.0033195051228527,-0.0147785940961187,-0.025446665661164,-0.0418471099355004,-0.4808705146022163,1.0,1.0,8.756748,10.06
2021-12-10,11.540892350453168,12.137171788559916,11.492805298992948,11.858266890090633,37136400.0,11.5697445813293,11.627449043081567,11.194665579939574,11.252370041691838,25730500.0,338118100.0,53.36011334433313,18.899746410643324,-0.1486519741465102,-0.2192023012319005,0.0705503270853902,11.56060804155186,12.581295327451448,10.53992075565227,0.2505146163837911,0.4255986288395809,0.5236015297907648,11.5697445813293,11.222556069786505,11.56060804155186,11.537828128164254,11.453660634873671,11.530536995032593,-0.0024968801985871,0.0429041924863655,0.0262838360742279,0.0524464753725424,0.6058968483987925,1.0,0.0,8.756748,10.06
2021-12-13,11.96405840330312,12.002528044471296,11.685153504833831,11.800562428338363,20914900.0,11.540892350453168,12.137171788559916,11.492805298992948,11.858266890090633,37136400.0,317203200.0,52.50905247729386,17.74701061470926,-0.1102380730011045,-0.1974094555857413,0.0871713825846367,11.522138400383684,12.44063834368837,10.603638457078995,0.2405698633653317,0.4594219436918542,0.4711805291110246,11.65437779189929,11.292763164918425,11.522138400383684,11.625406228222293,11.51673368823089,11.556253702966474,0.036010437523033,-0.0111554941717852,0.0165978914090376,-0.0048780584534329,-0.0577044617522659,0.0,0.0,8.756748,10.06
2021-12-14,11.858266890090633,11.96405840330312,11.5697445813293,11.675536094541789,19424800.0,11.96405840330312,12.002528044471296,11.685153504833831,11.800562428338363,20914900.0,297778400.0,50.625030513830026,16.582654140508197,-0.0888590480418827,-0.1756993740769696,0.0868403260350869,11.488958334876129,12.33183861983274,10.646078049919518,0.240185074470009,0.4223407250776696,0.4323884628824239,11.663995202191334,11.389899008868074,11.488958334876129,11.642116183662123,11.545606853014688,11.567613930735552,-0.0088817701347805,-0.0032102756302481,-0.0099256397999698,-0.0106514730914679,-0.1250263337965762,0.0,0.0,8.756748,10.06
2021-12-15,11.771710197462232,11.771710197462232,11.425483426948638,11.540892350453168,56007500.0,11.858266890090633,11.96405840330312,11.5697445813293,11.675536094541789,19424800.0,241770900.0,48.60256852576476,15.869197262605123,-0.0818372724821347,-0.1569269537580026,0.0750896812758678,11.462029586058406,12.26099504163291,10.663064130483903,0.2417205548644264,0.3325764198901157,0.4098606307416469,11.625525561023158,11.479340924584085,11.462029586058406,11.608374905925809,11.544749670730774,11.565069018327709,-0.0073260400920727,-0.0162078102268532,-0.0125472160520887,-0.0115991358433515,-0.1346437440886205,0.0,1.0,8.756748,10.06
2021-12-16,11.6563012739577,12.06023250622356,11.531274940161124,11.598596812205434,36373900.0,11.771710197462232,11.771710197462232,11.425483426948638,11.540892350453168,56007500.0,278144800.0,49.53309690542382,15.034681481815168,-0.0708000579581398,-0.1397015745980301,0.0689015166398903,11.442313894959714,12.20661367207606,10.678014117843368,0.1334361524824546,0.2484115001163118,0.3920775129124397,11.694770915125876,11.55435672486203,11.442313894959714,11.605115541352353,11.554540060089804,11.568262141554158,-0.0098522964430118,0.0242142581205944,0.0092166551049239,0.0049875415110389,0.0577044617522659,0.0,1.0,8.756748,10.06
2021-12-17,11.492805298992948,11.92558876213494,11.444718247532728,11.800562428338363,28457700.0,11.6563012739577,12.06023250622356,11.531274940161124,11.598596812205434,36373900.0,306602500.0,52.75697514690351,14.024313302292285,-0.0452346121528588,-0.1208081821089958,0.075573569956137,11.433658225696874,12.177334076775114,10.689982374618634,0.1172772107169274,0.1938623315245416,0.3814976620873892,11.683230022775424,11.626487302052364,11.433658225696874,11.670264503681022,11.599271399771355,11.59038597839075,-0.0141257022636485,-0.0112270625937833,-0.007534568921939,0.0172630674237805,0.2019656161329308,0.0,1.0,8.756748,10.06
2021-12-20,11.598596812205434,11.6563012739577,11.20428299023162,11.358161554904328,21660700.0,11.492805298992948,11.92558876213494,11.444718247532728,11.800562428338363,28457700.0,284941800.0,45.84797288290049,13.58214538886442,-0.0599804480818875,-0.1086426353035742,0.0486621872216866,11.418270369229605,12.15478757358333,10.68175316487588,0.1641452751832894,0.1966832906281783,0.3778253538026003,11.594749848088616,11.624563819993954,11.418270369229605,11.566230187422123,11.555433246159168,11.568269366630137,0.0091629129215196,-0.0228394919698229,-0.0212322201057739,-0.038210628513549,-0.4424008734340372,0.0,0.0,8.756748,10.06
2021-12-21,11.522348617072156,11.55156843605036,10.986651935805064,11.054831513420876,21092800.0,11.598596812205434,11.6563012739577,11.20428299023162,11.358161554904328,21660700.0,263849000.0,41.80545003593615,13.683302689741009,-0.0950471838359963,-0.1059235450100586,0.0108763611740623,11.3968525504656,12.149313449105554,10.644391651825648,0.2809382674848107,0.2666575715999604,0.3860042963975664,11.470608931864437,11.567302067027883,11.3968525504656,11.395763962755042,11.46441474929766,11.51937052346735,-0.0065956188322759,-0.009025692595121,-0.0196150394653291,-0.0270689918053914,-0.3033300414834521,0.0,0.0,8.756748,10.06
2021-12-22,11.093791272058484,11.36650958252173,11.035351634102073,11.171710789333696,18992300.0,11.522348617072156,11.55156843605036,10.986651935805064,11.054831513420876,21092800.0,282841300.0,43.85952002366049,13.777234469126412,-0.1121142603929108,-0.1071616880866291,-0.0049525723062817,11.370218673661393,12.114921340739713,10.62551600658307,0.3053058205370235,0.2862364316578187,0.3820244075812175,11.39677261964054,11.51114909033185,11.370218673661393,11.321079571614597,11.41119584748603,11.486260072597478,-0.0379029005312046,-0.0161499472711148,0.0044228289700019,0.0105171872138676,0.1168792759128205,0.0,0.0,8.756748,10.06
2021-12-23,11.210670547971302,11.230150427290106,11.006131815123869,11.123011091036688,23271700.0,11.093791272058484,11.36650958252173,11.035351634102073,11.171710789333696,18992300.0,259569600.0,43.175693895271486,13.937068795216767,-0.1280931223983117,-0.1113479749489656,-0.016745147449346,11.333455883708693,12.050226528282405,10.616685239134982,0.3007584539203567,0.3017343920190903,0.3676955823713748,11.30165547540679,11.498213195266334,11.333455883708693,11.255056744755294,11.358798619040694,11.45166493149645,0.0104804452747,-0.0120691120174969,-0.0026513493216198,-0.0043687269134151,-0.0486996982970087,0.0,0.0,8.756748,10.06
2021-12-27,11.2009306083119,11.24963030660891,10.898992478870449,10.96717205648626,20973600.0,11.210670547971302,11.230150427290106,11.006131815123869,11.123011091036688,23271700.0,238596000.0,40.97415441735436,14.35600638688092,-0.1515840270402026,-0.119395185367213,-0.0321888416729896,11.3158298908462,12.050208766814263,10.581451014878136,0.1465313088458985,0.3148816034315698,0.3767284144859311,11.13497740103637,11.409103711905896,11.3158298908462,11.15909518199895,11.287593789485342,11.405522752924051,-0.0008691873645867,0.0017331026868347,-0.0097822033944612,-0.0141095815163199,-0.1558390345504268,0.0,0.0,8.756748,10.06
2021-12-28,11.035351634102073,11.035351634102073,10.811333021935834,10.879512599551646,11784900.0,11.2009306083119,11.24963030660891,10.898992478870449,10.96717205648626,20973600.0,226811100.0,39.74645304796954,14.96393311941062,-0.1752539058508251,-0.1305669294639354,-0.0446869763868896,11.304880946972826,12.058180472056904,10.551581421888748,0.1178089891054402,0.3222744445550802,0.3864345026861456,11.039247609965832,11.316998729027224,11.304880946972826,11.065900987849847,11.213397209497398,11.355426547840969,-0.0148929603292895,-0.0192313619278876,-0.0080754140055452,-0.008025009630435,-0.0876594569346149,0.0,0.0,8.756748,10.06
2021-12-29,10.889252539211048,10.947692177167458,10.704193685682418,10.78211320295763,9907300.0,11.035351634102073,11.035351634102073,10.811333021935834,10.879512599551646,11784900.0,216903800.0,38.370748461961824,15.792295073324178,-0.1995712396233333,-0.144367791495815,-0.0552034481275183,11.308777724368442,12.050321902988738,10.567233545748143,0.1631839617612222,0.3354069494621456,0.3804041371895958,10.984703947873184,11.227656439868808,11.308777724368442,10.971305059552444,11.134981935581076,11.300825276899698,-0.0133276073129615,-0.0079752305743698,-0.0099593399027582,-0.0089928663605638,-0.0973993965940156,0.0,0.0,8.756748,10.06
2021-12-30,10.860032720232844,10.996391875464465,10.762633323638829,10.908732418529851,10540400.0,10.889252539211048,10.947692177167458,10.704193685682418,10.78211320295763,9907300.0,227444200.0,41.219084270390006,16.354412720078212,-0.2062482874664226,-0.1567438906899365,-0.0495043967764861,11.32189068563028,12.02437040832805,10.619410962932513,0.1259807637299656,0.3293282006148582,0.3603644941333462,10.932108273712416,11.164440446676476,11.32189068563028,10.950447512544914,11.093845659753582,11.263483099912094,-0.0026869698208256,0.0044385336960255,0.0054446595482313,0.0116750315805034,0.1266192155722212,0.0,1.0,8.756748,10.06
